-- Adminer 4.2.4 MySQL dump

SET NAMES utf8;
SET time_zone = '+00:00';
SET foreign_key_checks = 0;
SET sql_mode = 'NO_AUTO_VALUE_ON_ZERO';

DROP TABLE IF EXISTS `acd_examination_marks`;
CREATE TABLE `acd_examination_marks` (
  `id` bigint(15) NOT NULL AUTO_INCREMENT COMMENT 'User Id',
  `cur_list_academicyear_id` varchar(20) DEFAULT NULL COMMENT 'List Academic year Id',
  `list_branch_id` int(11) DEFAULT NULL COMMENT 'List Branch Id ',
  `cur_branch_orientation_id` int(11) DEFAULT NULL COMMENT 'List Branch Orientational Id',
  `cur_branch_class_id` int(11) DEFAULT NULL COMMENT 'List Branch Class Id',
  `cur_branch_class_section_id` bigint(15) DEFAULT NULL COMMENT 'List Branch Class Section Id',
  `acd_modeofexam_id` varchar(255) DEFAULT NULL COMMENT 'Acd Mode Of Exam Id',
  `acd_examination_schedule_id` int(11) DEFAULT NULL COMMENT 'Acd Exam Schedule Id',
  `acd_exam_name_id` int(11) DEFAULT NULL COMMENT 'Acd Exam Name Id',
  `is_final` tinyint(1) DEFAULT NULL COMMENT 'Is Final',
  `is_grade` tinyint(1) DEFAULT NULL COMMENT 'Is Grade',
  `createdby` int(11) DEFAULT NULL COMMENT 'Created Id',
  `createdat` datetime DEFAULT NULL COMMENT 'Created Datetime',
  `updatedby` int(11) DEFAULT NULL COMMENT 'Updated Id',
  `updatedat` datetime DEFAULT NULL COMMENT 'Updated Datetime',
  PRIMARY KEY (`id`)
) ENGINE=InnoDB DEFAULT CHARSET=utf8 COMMENT='Acd Exam Marks';

INSERT INTO `acd_examination_marks` (`id`, `cur_list_academicyear_id`, `list_branch_id`, `cur_branch_orientation_id`, `cur_branch_class_id`, `cur_branch_class_section_id`, `acd_modeofexam_id`, `acd_examination_schedule_id`, `acd_exam_name_id`, `is_final`, `is_grade`, `createdby`, `createdat`, `updatedby`, `updatedat`) VALUES
(1,	'2017',	1,	2,	1,	1,	'OBJ',	1,	1,	1,	NULL,	NULL,	'2017-05-01 17:52:52',	NULL,	'2017-05-19 17:38:03'),
(3,	'2017',	1,	2,	1,	1,	'OBJ',	2,	2,	1,	NULL,	NULL,	'2017-05-08 11:13:30',	NULL,	'2017-05-19 17:38:09'),
(5,	'2017',	1,	2,	1,	1,	'THY',	3,	3,	1,	NULL,	NULL,	'2017-05-15 18:09:11',	NULL,	'2017-05-20 17:00:54');

DROP TABLE IF EXISTS `acd_examination_schedule`;
CREATE TABLE `acd_examination_schedule` (
  `id` int(11) NOT NULL AUTO_INCREMENT COMMENT 'User Id',
  `cur_list_academicyear_id` varchar(20) DEFAULT NULL COMMENT 'List Academic year Id',
  `cur_list_orientation_id` int(11) DEFAULT NULL COMMENT 'List Orientation Id ',
  `cur_list_class_id` int(11) DEFAULT NULL COMMENT 'List Class Id',
  `acd_modeofexam_id` varchar(255) DEFAULT NULL COMMENT 'Acd Mode Of Exam Id',
  `acd_exam_name_id` int(11) DEFAULT NULL COMMENT 'Acd Exam Name Id',
  `name` varchar(255) DEFAULT NULL COMMENT 'Student Name',
  `start_date` date DEFAULT NULL COMMENT 'Start Date',
  `end_date` date DEFAULT NULL COMMENT 'End Date',
  `is_final` tinyint(1) DEFAULT NULL COMMENT 'Is Finel',
  `active_status` tinyint(1) DEFAULT NULL COMMENT 'Active Status',
  `createdby` int(11) DEFAULT NULL COMMENT 'Created Id',
  `createdat` datetime DEFAULT NULL COMMENT 'Created Datetime',
  `updatedby` int(11) DEFAULT NULL COMMENT 'Updated Id',
  `updatedat` datetime DEFAULT NULL COMMENT 'Updated Datetime',
  PRIMARY KEY (`id`)
) ENGINE=InnoDB DEFAULT CHARSET=utf8 COMMENT='Acd Exam Schedule';

INSERT INTO `acd_examination_schedule` (`id`, `cur_list_academicyear_id`, `cur_list_orientation_id`, `cur_list_class_id`, `acd_modeofexam_id`, `acd_exam_name_id`, `name`, `start_date`, `end_date`, `is_final`, `active_status`, `createdby`, `createdat`, `updatedby`, `updatedat`) VALUES
(1,	'2017',	2,	10,	'OBJ',	1,	'Assessment 1',	'2017-07-10',	'2017-07-14',	1,	1,	NULL,	'2017-05-01 17:42:42',	NULL,	'2017-05-01 17:45:38'),
(2,	'2017',	2,	10,	'OBJ',	2,	'Assessment 2',	'2017-10-11',	'2017-10-20',	1,	1,	NULL,	'2017-05-01 17:43:15',	NULL,	'2017-05-08 10:18:03'),
(3,	'2017',	2,	10,	'THY',	3,	'Half Yar',	'2017-11-06',	'2017-11-24',	1,	1,	NULL,	'2017-05-01 17:43:43',	NULL,	'2017-05-15 18:04:55'),
(4,	'2017',	2,	10,	'THY',	4,	'Annual  ',	'2018-03-26',	'2018-04-12',	0,	1,	NULL,	'2017-05-01 17:44:36',	NULL,	'2017-05-08 10:14:09'),
(5,	'2017',	6,	11,	'OBJ',	1,	'Nursery Assesment 1',	'2017-07-17',	'2017-07-21',	1,	1,	NULL,	'2017-05-17 11:41:05',	NULL,	'2017-05-17 11:41:05');

DROP TABLE IF EXISTS `acd_examination_schedule_details`;
CREATE TABLE `acd_examination_schedule_details` (
  `id` int(11) NOT NULL AUTO_INCREMENT COMMENT 'User Id',
  `acd_examination_schedule_id` int(11) DEFAULT NULL COMMENT 'Acd Exam Schedule Id',
  `cur_class_subject_id` bigint(15) DEFAULT NULL COMMENT 'List Class Subject Id ',
  `cur_academic_subject_id` int(11) DEFAULT NULL COMMENT 'Academic Subject Id',
  `acd_grade_method_details_id` varchar(50) DEFAULT NULL COMMENT 'Subject Grade Id',
  `exam_date` date DEFAULT NULL COMMENT 'Exam Date',
  `start_time` varchar(255) DEFAULT NULL COMMENT 'Start Date',
  `end_time` varchar(255) DEFAULT NULL COMMENT 'End Date',
  `max_marks` decimal(10,2) DEFAULT NULL COMMENT 'Max Marks',
  `cutoff_marks` decimal(10,2) DEFAULT NULL COMMENT 'Cutoff Marks',
  `min_marks` decimal(10,2) DEFAULT NULL COMMENT 'Min Marks',
  `is_optional` tinyint(1) DEFAULT NULL COMMENT 'Is optional',
  `active_status` tinyint(1) DEFAULT NULL COMMENT 'Active Status',
  `createdby` int(11) DEFAULT NULL COMMENT 'Created Id',
  `createdat` datetime DEFAULT NULL COMMENT 'Created Datetime',
  `updatedby` int(11) DEFAULT NULL COMMENT 'Updated Id',
  `updatedat` datetime DEFAULT NULL COMMENT 'Updated Datetime',
  PRIMARY KEY (`id`)
) ENGINE=InnoDB DEFAULT CHARSET=utf8 COMMENT='Acd Examination Schedule Details';

INSERT INTO `acd_examination_schedule_details` (`id`, `acd_examination_schedule_id`, `cur_class_subject_id`, `cur_academic_subject_id`, `acd_grade_method_details_id`, `exam_date`, `start_time`, `end_time`, `max_marks`, `cutoff_marks`, `min_marks`, `is_optional`, `active_status`, `createdby`, `createdat`, `updatedby`, `updatedat`) VALUES
(1,	1,	2,	1,	'CG',	'2017-07-10',	'09:00',	'12:00',	20.00,	10.00,	10.00,	0,	1,	NULL,	'2017-05-01 17:50:00',	NULL,	'2017-05-01 17:50:00'),
(2,	1,	1,	2,	'CG',	'2017-07-11',	'09:00',	'12:00',	20.00,	10.00,	10.00,	0,	1,	NULL,	'2017-05-01 17:50:22',	NULL,	'2017-05-01 17:50:22'),
(3,	1,	4,	4,	'CG',	'2017-07-12',	'09:00',	'12:00',	20.00,	10.00,	10.00,	0,	1,	NULL,	'2017-05-01 17:50:55',	NULL,	'2017-05-01 17:50:55'),
(4,	1,	5,	7,	'CG',	'2017-07-13',	'09:00',	'12:00',	20.00,	10.00,	10.00,	0,	1,	NULL,	'2017-05-01 17:51:23',	NULL,	'2017-05-01 17:51:23'),
(5,	1,	7,	9,	'CG',	'2017-07-14',	'09:00',	'12:00',	20.00,	10.00,	10.00,	0,	1,	NULL,	'2017-05-01 17:51:48',	NULL,	'2017-05-01 17:52:22'),
(6,	1,	6,	6,	'CG',	'2017-07-15',	'09:00',	'12:00',	10.00,	10.00,	10.00,	0,	1,	NULL,	'2017-05-01 17:52:13',	NULL,	'2017-05-01 17:52:13'),
(7,	2,	2,	1,	'CG',	'2017-10-10',	'09:00',	'12:00',	20.00,	10.00,	10.00,	0,	1,	NULL,	'2017-05-08 10:15:20',	NULL,	'2017-05-08 10:15:20'),
(8,	2,	1,	2,	'CG',	'2017-10-11',	'09:00',	'12:00',	20.00,	10.00,	10.00,	0,	1,	NULL,	'2017-05-08 10:15:43',	NULL,	'2017-05-08 10:15:43'),
(9,	2,	3,	3,	'CG',	'2017-10-12',	'09:00',	'12:00',	20.00,	10.00,	10.00,	1,	1,	NULL,	'2017-05-08 10:16:08',	NULL,	'2017-05-08 10:16:08'),
(10,	2,	4,	4,	'CG',	'2017-10-13',	'09:00',	'12:00',	20.00,	20.00,	10.00,	0,	1,	NULL,	'2017-05-08 10:16:31',	NULL,	'2017-05-08 10:16:31'),
(11,	2,	6,	6,	'CG',	'2017-10-16',	'09:00',	'12:00',	20.00,	10.00,	10.00,	0,	1,	NULL,	'2017-05-08 10:17:04',	NULL,	'2017-05-08 10:17:04'),
(12,	2,	5,	7,	'CG',	'2017-10-17',	'09:00',	'12:00',	10.00,	10.00,	10.00,	0,	1,	NULL,	'2017-05-08 10:17:28',	NULL,	'2017-05-08 10:17:28'),
(13,	2,	7,	9,	'CG',	'2017-05-17',	'09:00',	'12:00',	20.00,	10.00,	10.00,	0,	1,	NULL,	'2017-05-08 10:17:50',	NULL,	'2017-05-08 10:17:50'),
(14,	3,	2,	1,	'CG',	'2017-08-02',	'09:00',	'12:00',	100.00,	40.00,	0.00,	0,	1,	NULL,	'2017-05-15 18:06:17',	NULL,	'2017-05-15 18:06:17'),
(15,	3,	1,	2,	'CG',	'2017-08-03',	'09:00',	'12:00',	100.00,	40.00,	0.00,	0,	1,	NULL,	'2017-05-15 18:06:47',	NULL,	'2017-05-15 18:06:47'),
(16,	3,	3,	3,	'CG',	'2017-08-04',	'09:00',	'12:00',	100.00,	40.00,	0.00,	0,	1,	NULL,	'2017-05-15 18:07:13',	NULL,	'2017-05-15 18:07:13'),
(17,	3,	4,	4,	'CG',	'2017-08-05',	'09:00',	'12:00',	100.00,	40.00,	0.00,	0,	1,	NULL,	'2017-05-15 18:07:40',	NULL,	'2017-05-15 18:07:40'),
(18,	3,	6,	6,	'CG',	'2017-05-08',	'09:00',	'12:00',	100.00,	40.00,	0.00,	0,	1,	NULL,	'2017-05-15 18:08:05',	NULL,	'2017-05-15 18:08:05'),
(19,	3,	7,	9,	'CG',	'2017-05-09',	'09:00',	'12:00',	100.00,	40.00,	0.00,	0,	1,	NULL,	'2017-05-15 18:08:32',	NULL,	'2017-05-15 18:08:32'),
(20,	5,	8,	1,	'SEG',	'2017-07-17',	'09:00',	'12:00',	100.00,	40.00,	0.00,	0,	1,	NULL,	'2017-05-17 11:49:54',	NULL,	'2017-05-17 11:59:02'),
(21,	5,	9,	2,	'SEG',	'2017-07-19',	'09:00',	'12:00',	100.00,	40.00,	0.00,	0,	1,	NULL,	'2017-05-17 11:50:18',	NULL,	'2017-05-17 11:58:54'),
(22,	5,	10,	4,	'SEG',	'2017-07-21',	'09:00',	'12:00',	100.00,	40.00,	0.00,	0,	1,	NULL,	'2017-05-17 11:50:47',	NULL,	'2017-05-17 11:58:47');

DROP TABLE IF EXISTS `acd_exam_group`;
CREATE TABLE `acd_exam_group` (
  `id` int(11) NOT NULL AUTO_INCREMENT COMMENT 'User Id',
  `cur_list_academicyear_id` varchar(20) DEFAULT NULL COMMENT 'List Academic year Id',
  `cur_list_orientation_id` int(11) DEFAULT NULL COMMENT 'List Orientation Id ',
  `cur_list_class_id` int(11) DEFAULT NULL COMMENT 'List Class Id',
  `name` varchar(255) DEFAULT NULL COMMENT 'Student Name',
  `overall_grade_id` varchar(200) DEFAULT NULL COMMENT 'Over All Grade Id',
  `core_report_template_id` varchar(200) DEFAULT NULL COMMENT 'Report Templete Id',
  `is_final` tinyint(1) DEFAULT NULL COMMENT 'Is Finel',
  `createdby` int(11) DEFAULT NULL COMMENT 'Created Id',
  `createdat` datetime DEFAULT NULL COMMENT 'Created Datetime',
  `updatedby` int(11) DEFAULT NULL COMMENT 'Updated Id',
  `updatedat` datetime DEFAULT NULL COMMENT 'Updated Datetime',
  PRIMARY KEY (`id`)
) ENGINE=InnoDB DEFAULT CHARSET=utf8 COMMENT='Acd Exam Group';

INSERT INTO `acd_exam_group` (`id`, `cur_list_academicyear_id`, `cur_list_orientation_id`, `cur_list_class_id`, `name`, `overall_grade_id`, `core_report_template_id`, `is_final`, `createdby`, `createdat`, `updatedby`, `updatedat`) VALUES
(1,	'2017',	2,	10,	'Class Grade Group',	'CG',	'PGR',	1,	NULL,	'2017-05-04 18:04:53',	NULL,	'2017-05-15 09:58:47'),
(2,	'2017',	6,	11,	'Nursery Section Grade',	'SEG',	NULL,	1,	NULL,	'2017-05-17 12:26:05',	NULL,	'2017-05-17 12:27:25');

DROP TABLE IF EXISTS `acd_exam_name`;
CREATE TABLE `acd_exam_name` (
  `id` int(11) NOT NULL AUTO_INCREMENT COMMENT 'User Id',
  `acd_modeofexam_id` varchar(50) DEFAULT NULL COMMENT 'Acd Mode of Exam',
  `name` varchar(255) DEFAULT NULL COMMENT 'Student Name',
  `is_analysis` tinyint(1) DEFAULT NULL COMMENT 'Is Analysis',
  `active_status` tinyint(1) DEFAULT NULL COMMENT 'Active Status',
  `createdby` int(11) DEFAULT NULL COMMENT 'Created Id',
  `createdat` datetime DEFAULT NULL COMMENT 'Created Datetime',
  `updatedby` int(11) DEFAULT NULL COMMENT 'Updated Id',
  `updatedat` datetime DEFAULT NULL COMMENT 'Updated Datetime',
  PRIMARY KEY (`id`)
) ENGINE=InnoDB DEFAULT CHARSET=utf8 COMMENT='Acd Exam Name';

INSERT INTO `acd_exam_name` (`id`, `acd_modeofexam_id`, `name`, `is_analysis`, `active_status`, `createdby`, `createdat`, `updatedby`, `updatedat`) VALUES
(1,	'OBJ',	'Assesment 1',	1,	1,	NULL,	'2017-05-01 17:31:20',	NULL,	'2017-05-01 17:32:03'),
(2,	'OBJ',	'Assessment 2',	1,	1,	NULL,	'2017-05-01 17:31:34',	NULL,	'2017-05-01 17:32:09'),
(3,	'THY',	'Half Year',	1,	1,	NULL,	'2017-05-01 17:31:44',	NULL,	'2017-05-01 17:31:44'),
(4,	'THY',	'Annual',	1,	1,	NULL,	'2017-05-01 17:31:52',	NULL,	'2017-05-01 17:31:52'),
(5,	'OBJ',	'Assesment 3',	1,	1,	NULL,	'2017-05-17 11:39:41',	NULL,	'2017-05-17 11:39:41');

DROP TABLE IF EXISTS `acd_final_marks`;
CREATE TABLE `acd_final_marks` (
  `id` bigint(15) NOT NULL AUTO_INCREMENT COMMENT 'User Id',
  `acd_overall_grade_id` int(11) DEFAULT NULL COMMENT 'Acd Over All Grade Id',
  `acd_exam_group_id` int(11) DEFAULT NULL COMMENT 'Acd Exam Group Id',
  `cur_list_academicyear_id` varchar(20) DEFAULT NULL COMMENT 'List Academic year Id',
  `list_branch_id` int(11) DEFAULT NULL COMMENT 'List Branch Id ',
  `cur_branch_orientation_id` int(11) DEFAULT NULL COMMENT 'List Branch Orientational Id',
  `cur_branch_class_id` int(11) DEFAULT NULL COMMENT 'List Branch Class Id',
  `cur_branch_class_section_id` bigint(15) DEFAULT NULL COMMENT 'List Branch Class Section Id',
  `admission_no` varchar(200) DEFAULT NULL COMMENT 'Admission No',
  `name` varchar(255) DEFAULT NULL COMMENT 'Name',
  `total_marks` decimal(10,2) DEFAULT NULL COMMENT 'Total Marks',
  `total_optianed` decimal(10,2) DEFAULT NULL COMMENT ' Marks Optained',
  `percentage` decimal(10,2) DEFAULT NULL COMMENT 'Percentage',
  `cur_attendance_status_id` varchar(20) DEFAULT NULL COMMENT 'Attendance Status Id',
  `gradepoints` varchar(50) DEFAULT NULL COMMENT 'Grade Points',
  `grade` varchar(50) DEFAULT NULL COMMENT 'Grade',
  `remarks` varchar(200) DEFAULT NULL COMMENT 'Remarks',
  `section_rank` int(11) DEFAULT NULL COMMENT 'Section Rank',
  `branch_rank` int(11) DEFAULT NULL COMMENT 'Branch Rank',
  `location_rank` int(11) DEFAULT NULL COMMENT 'Location Rank',
  `state_rank` int(11) DEFAULT NULL COMMENT 'State Rank',
  `createdby` int(11) DEFAULT NULL COMMENT 'Created Id',
  `createdat` datetime DEFAULT NULL COMMENT 'Created Datetime',
  `updatedby` int(11) DEFAULT NULL COMMENT 'Updated Id',
  `updatedat` datetime DEFAULT NULL COMMENT 'Updated Datetime',
  PRIMARY KEY (`id`)
) ENGINE=InnoDB DEFAULT CHARSET=utf8 COMMENT='Acd Final Marks';

INSERT INTO `acd_final_marks` (`id`, `acd_overall_grade_id`, `acd_exam_group_id`, `cur_list_academicyear_id`, `list_branch_id`, `cur_branch_orientation_id`, `cur_branch_class_id`, `cur_branch_class_section_id`, `admission_no`, `name`, `total_marks`, `total_optianed`, `percentage`, `cur_attendance_status_id`, `gradepoints`, `grade`, `remarks`, `section_rank`, `branch_rank`, `location_rank`, `state_rank`, `createdby`, `createdat`, `updatedby`, `updatedat`) VALUES
(4,	1,	1,	'2017',	1,	2,	1,	1,	'ST0034',	'Siva Kumar',	362.50,	310.50,	85.66,	'PR',	'9.00',	'B',	'Second',	NULL,	NULL,	NULL,	NULL,	NULL,	'2017-05-20 16:29:46',	NULL,	'2017-05-20 16:29:46'),
(5,	1,	1,	'2017',	1,	2,	1,	1,	'ST0035',	'Ramesh Naidu',	362.50,	277.00,	76.41,	'PR',	'8.00',	'C',	'Third',	NULL,	NULL,	NULL,	NULL,	NULL,	'2017-05-20 16:29:46',	NULL,	'2017-05-20 16:29:46'),
(6,	1,	1,	'2017',	1,	2,	1,	1,	'ST0037',	'Vijay Kumar',	332.50,	225.00,	67.67,	'PR',	'7.00',	'D',	'Forth',	NULL,	NULL,	NULL,	NULL,	NULL,	'2017-05-20 16:29:46',	NULL,	'2017-05-20 16:29:46'),
(7,	4,	1,	'2017',	1,	2,	1,	1,	'ST0034',	'Siva Kumar',	362.50,	310.50,	85.66,	'PR',	'9.00',	'B',	'Second',	NULL,	NULL,	NULL,	NULL,	NULL,	'2017-05-20 17:02:03',	NULL,	'2017-05-20 17:02:03'),
(8,	4,	1,	'2017',	1,	2,	1,	1,	'ST0035',	'Ramesh Naidu',	362.50,	277.00,	76.41,	'PR',	'8.00',	'C',	'Third',	NULL,	NULL,	NULL,	NULL,	NULL,	'2017-05-20 17:02:03',	NULL,	'2017-05-20 17:02:03'),
(9,	4,	1,	'2017',	1,	2,	1,	1,	'ST0037',	'Vijay Kumar',	332.50,	225.00,	67.67,	'PR',	'7.00',	'D',	'Forth',	NULL,	NULL,	NULL,	NULL,	NULL,	'2017-05-20 17:02:04',	NULL,	'2017-05-20 17:02:04');

DROP TABLE IF EXISTS `acd_grade_master`;
CREATE TABLE `acd_grade_master` (
  `id` bigint(15) NOT NULL AUTO_INCREMENT COMMENT 'User Id',
  `acd_grade_method_id` varchar(30) DEFAULT NULL COMMENT 'Acd Grade Method Id',
  `acd_grade_method_details_id` varchar(30) DEFAULT NULL COMMENT 'Acd Grade Method Details Id',
  `max` decimal(5,2) DEFAULT NULL COMMENT 'Max',
  `min` decimal(5,2) DEFAULT NULL COMMENT 'Min',
  `grade` varchar(50) DEFAULT NULL COMMENT 'Grade',
  `gradepoints` decimal(5,2) DEFAULT NULL COMMENT 'Grade Points',
  `remarks` varchar(100) DEFAULT NULL COMMENT 'Remarks',
  `createdby` int(11) DEFAULT NULL COMMENT 'Created Id',
  `createdat` datetime DEFAULT NULL COMMENT 'Created Datetime',
  `updatedby` int(11) DEFAULT NULL COMMENT 'Updated Id',
  `updatedat` datetime DEFAULT NULL COMMENT 'Updated Datetime',
  PRIMARY KEY (`id`)
) ENGINE=InnoDB DEFAULT CHARSET=utf8 COMMENT='Acd Grade Master';

INSERT INTO `acd_grade_master` (`id`, `acd_grade_method_id`, `acd_grade_method_details_id`, `max`, `min`, `grade`, `gradepoints`, `remarks`, `createdby`, `createdat`, `updatedby`, `updatedat`) VALUES
(1,	'CG',	'CG',	100.00,	90.00,	'A',	10.00,	'First',	NULL,	'2017-05-01 17:36:46',	NULL,	'2017-05-01 17:36:46'),
(2,	'CG',	'CG',	89.99,	80.00,	'B',	9.00,	'Second',	NULL,	'2017-05-01 17:37:26',	NULL,	'2017-05-01 17:38:05'),
(3,	'CG',	'CG',	79.99,	70.00,	'C',	8.00,	'Third',	NULL,	'2017-05-01 17:38:30',	NULL,	'2017-05-01 17:38:37'),
(4,	'CG',	'CG',	69.99,	60.00,	'D',	7.00,	'Forth',	NULL,	'2017-05-01 17:39:03',	NULL,	'2017-05-01 17:39:03'),
(5,	'CG',	'CG',	59.99,	50.00,	'E',	6.00,	'Fifth',	NULL,	'2017-05-01 17:39:29',	NULL,	'2017-05-01 17:39:41'),
(6,	'SEG',	'SEG',	100.00,	90.00,	'A',	10.00,	'First',	NULL,	'2017-05-17 11:48:01',	NULL,	'2017-05-17 11:48:01'),
(7,	'SEG',	'SEG',	90.00,	80.00,	'B',	9.00,	'Second',	NULL,	'2017-05-17 11:48:22',	NULL,	'2017-05-17 11:48:22'),
(8,	'SEG',	'SEG',	70.00,	80.00,	'C',	8.00,	'Third',	NULL,	'2017-05-17 11:48:51',	NULL,	'2017-05-17 11:48:51'),
(9,	'CG',	'CG',	49.99,	0.00,	'F',	0.00,	'0',	NULL,	'2017-05-20 17:00:11',	NULL,	'2017-05-20 17:00:11');

DROP TABLE IF EXISTS `acd_grade_method`;
CREATE TABLE `acd_grade_method` (
  `id` int(11) NOT NULL AUTO_INCREMENT COMMENT 'User Id',
  `name` varchar(255) DEFAULT NULL COMMENT 'Student Name',
  `short_code` varchar(25) DEFAULT NULL COMMENT 'Short Code',
  `active_status` tinyint(1) DEFAULT NULL COMMENT 'Active Status',
  `createdby` int(11) DEFAULT NULL COMMENT 'Created Id',
  `createdat` datetime DEFAULT NULL COMMENT 'Created Datetime',
  `updatedby` int(11) DEFAULT NULL COMMENT 'Updated Id',
  `updatedat` datetime DEFAULT NULL COMMENT 'Updated Datetime',
  PRIMARY KEY (`id`)
) ENGINE=InnoDB DEFAULT CHARSET=utf8 COMMENT='Acd Grade Method';

INSERT INTO `acd_grade_method` (`id`, `name`, `short_code`, `active_status`, `createdby`, `createdat`, `updatedby`, `updatedat`) VALUES
(1,	'State Grade',	'SG',	1,	NULL,	'2017-05-01 17:33:33',	NULL,	'2017-05-01 17:33:33'),
(2,	'Branch Grade',	'BG',	1,	NULL,	'2017-05-01 17:33:42',	NULL,	'2017-05-01 17:33:42'),
(3,	'Class Grade',	'CG',	1,	NULL,	'2017-05-01 17:34:34',	NULL,	'2017-05-01 17:34:34'),
(4,	'Section Grade',	'SEG',	1,	NULL,	'2017-05-17 11:46:24',	NULL,	'2017-05-17 11:46:24');

DROP TABLE IF EXISTS `acd_grade_method_details`;
CREATE TABLE `acd_grade_method_details` (
  `id` int(11) NOT NULL AUTO_INCREMENT COMMENT 'User Id',
  `acd_grade_method_id` varchar(20) DEFAULT NULL COMMENT 'Acd Grade Method Id',
  `acd_grade_type_id` varchar(25) DEFAULT NULL COMMENT 'Acd Grade Type Id',
  `name` varchar(255) DEFAULT NULL COMMENT 'Student Name',
  `short_code` varchar(25) DEFAULT NULL COMMENT 'Short Code',
  `createdby` int(11) DEFAULT NULL COMMENT 'Created Id',
  `createdat` datetime DEFAULT NULL COMMENT 'Created Datetime',
  `updatedby` int(11) DEFAULT NULL COMMENT 'Updated Id',
  `updatedat` datetime DEFAULT NULL COMMENT 'Updated Datetime',
  PRIMARY KEY (`id`)
) ENGINE=InnoDB DEFAULT CHARSET=utf8 COMMENT='Acd Grade Method Details';

INSERT INTO `acd_grade_method_details` (`id`, `acd_grade_method_id`, `acd_grade_type_id`, `name`, `short_code`, `createdby`, `createdat`, `updatedby`, `updatedat`) VALUES
(1,	'BG',	'PER',	'Branch Percentage',	'BP',	NULL,	'2017-05-01 17:34:19',	NULL,	'2017-05-01 17:34:19'),
(2,	'CG',	'PER',	'Class Percentage',	'CP',	NULL,	'2017-05-01 17:34:52',	NULL,	'2017-05-01 17:34:52'),
(3,	'CG',	'GPA',	'Class Grade',	'CG',	NULL,	'2017-05-01 17:35:05',	NULL,	'2017-05-01 17:35:05'),
(4,	'BG',	'GPA',	'Branch Grade',	'BG',	NULL,	'2017-05-01 17:35:48',	NULL,	'2017-05-01 17:35:48'),
(6,	'SEG',	'GPA',	'Section Grade',	'SEG',	NULL,	'2017-05-17 11:58:22',	NULL,	'2017-05-17 11:58:22');

DROP TABLE IF EXISTS `acd_grade_type`;
CREATE TABLE `acd_grade_type` (
  `id` int(11) NOT NULL AUTO_INCREMENT COMMENT 'User Id',
  `name` varchar(100) DEFAULT NULL COMMENT 'Student Name',
  `short_code` varchar(25) DEFAULT NULL COMMENT 'Short Code',
  `createdby` int(11) DEFAULT NULL COMMENT 'Created Id',
  `createdat` datetime DEFAULT NULL COMMENT 'Created Datetime',
  `updatedby` int(11) DEFAULT NULL COMMENT 'Updated Id',
  `updatedat` datetime DEFAULT NULL COMMENT 'Updated Datetime',
  PRIMARY KEY (`id`)
) ENGINE=InnoDB DEFAULT CHARSET=utf8 COMMENT='Acd Grade Type';

INSERT INTO `acd_grade_type` (`id`, `name`, `short_code`, `createdby`, `createdat`, `updatedby`, `updatedat`) VALUES
(1,	'Percentage',	'PER',	NULL,	'2017-05-01 17:32:44',	NULL,	'2017-05-01 17:32:44'),
(2,	'GPA',	'GPA',	NULL,	'2017-05-01 17:32:53',	NULL,	'2017-05-01 17:32:53');

DROP TABLE IF EXISTS `acd_link_exam`;
CREATE TABLE `acd_link_exam` (
  `id` int(11) NOT NULL AUTO_INCREMENT COMMENT 'User Id',
  `acd_exam_group_id` int(11) DEFAULT NULL COMMENT 'Acd Exam Group Id',
  `acd_link_examgroups` int(11) DEFAULT NULL COMMENT 'Acd Link Examgroups',
  `createdby` int(11) DEFAULT NULL COMMENT 'Created Id',
  `createdat` datetime DEFAULT NULL COMMENT 'Created Datetime',
  `updatedby` int(11) DEFAULT NULL COMMENT 'Updated Id',
  `updatedat` datetime DEFAULT NULL COMMENT 'Updated Datetime',
  PRIMARY KEY (`id`)
) ENGINE=InnoDB DEFAULT CHARSET=utf8 COMMENT='Acd Link Exam';


DROP TABLE IF EXISTS `acd_modeofexam`;
CREATE TABLE `acd_modeofexam` (
  `id` int(11) NOT NULL AUTO_INCREMENT COMMENT 'User Id',
  `name` varchar(100) DEFAULT NULL COMMENT 'Student Name',
  `short_code` varchar(25) NOT NULL COMMENT 'Short Code',
  `active_status` tinyint(1) DEFAULT NULL COMMENT 'Active Status',
  `createdby` int(11) DEFAULT NULL COMMENT 'Created Id',
  `createdat` datetime DEFAULT NULL COMMENT 'Created Datetime',
  `updatedby` int(11) DEFAULT NULL COMMENT 'Updated Id',
  `updatedat` datetime DEFAULT NULL COMMENT 'Updated Datetime',
  PRIMARY KEY (`short_code`),
  UNIQUE KEY `id` (`id`)
) ENGINE=InnoDB DEFAULT CHARSET=utf8 COMMENT='Acd Modeofexam';

INSERT INTO `acd_modeofexam` (`id`, `name`, `short_code`, `active_status`, `createdby`, `createdat`, `updatedby`, `updatedat`) VALUES
(2,	'Objective',	'OBJ',	1,	NULL,	'2017-05-01 17:30:37',	NULL,	'2017-05-01 17:30:37'),
(3,	'Online',	'ONL',	1,	NULL,	'2017-05-17 11:39:11',	NULL,	'2017-05-17 11:39:11'),
(1,	'Theory',	'THY',	1,	NULL,	'2017-05-01 17:30:26',	NULL,	'2017-05-01 17:30:26');

DROP TABLE IF EXISTS `acd_overall_grade`;
CREATE TABLE `acd_overall_grade` (
  `id` int(11) NOT NULL AUTO_INCREMENT COMMENT 'User Id',
  `cur_list_academicyear_id` varchar(20) DEFAULT NULL COMMENT 'List Academic Year Id',
  `list_branch_id` int(11) DEFAULT NULL COMMENT 'List Branch Id',
  `cur_branch_orientation_id` int(11) DEFAULT NULL COMMENT 'Branch Orientation Id',
  `cur_branch_class_id` int(11) DEFAULT NULL COMMENT 'Branch Class Id',
  `acd_exam_group_id` int(11) DEFAULT NULL COMMENT 'Exam Group Id',
  `acd_exam_name_id` int(11) DEFAULT NULL COMMENT 'Exam Name Id',
  `cur_list_class_id` int(11) DEFAULT NULL COMMENT 'List Class Id',
  `createdby` int(11) DEFAULT NULL COMMENT 'Created Id',
  `createdat` datetime DEFAULT NULL COMMENT 'Created Datetime',
  `updatedby` int(11) DEFAULT NULL COMMENT 'Updated Id',
  `updatedat` datetime DEFAULT NULL COMMENT 'Updated Datetime',
  PRIMARY KEY (`id`)
) ENGINE=InnoDB DEFAULT CHARSET=utf8 COMMENT='Acd Overall Grade';

INSERT INTO `acd_overall_grade` (`id`, `cur_list_academicyear_id`, `list_branch_id`, `cur_branch_orientation_id`, `cur_branch_class_id`, `acd_exam_group_id`, `acd_exam_name_id`, `cur_list_class_id`, `createdby`, `createdat`, `updatedby`, `updatedat`) VALUES
(4,	'2017',	1,	2,	1,	1,	NULL,	NULL,	NULL,	'2017-05-20 17:02:03',	NULL,	'2017-05-20 17:02:03');

DROP TABLE IF EXISTS `acd_studentmarks_details`;
CREATE TABLE `acd_studentmarks_details` (
  `id` bigint(15) NOT NULL AUTO_INCREMENT COMMENT 'User Id',
  `acd_examination_marks_id` int(11) DEFAULT NULL COMMENT 'Acd Exam Marks Id',
  `cur_list_academicyear_id` varchar(20) DEFAULT NULL COMMENT 'List Academic year Id',
  `list_branch_id` int(11) DEFAULT NULL COMMENT 'List Branch Id ',
  `cur_branch_orientation_id` int(11) DEFAULT NULL COMMENT 'List Branch Orientational Id',
  `cur_list_orientation_id` int(11) DEFAULT NULL COMMENT 'List Orientational Id',
  `cur_branch_class_id` int(11) DEFAULT NULL COMMENT 'List Branch Class Id',
  `cur_list_class_id` int(11) DEFAULT NULL COMMENT 'List Class Id',
  `cur_branch_class_section_id` bigint(15) DEFAULT NULL COMMENT 'List Branch Class Section Id',
  `admission_no` varchar(200) DEFAULT NULL COMMENT 'Admission No',
  `name` varchar(255) DEFAULT NULL COMMENT 'Name',
  `cur_class_subject_id` int(11) DEFAULT NULL COMMENT 'Class Subject Id',
  `cur_academic_subject_id` int(11) DEFAULT NULL COMMENT 'Academic Subject Id',
  `total_marks` decimal(10,2) DEFAULT NULL COMMENT 'Total Marks',
  `max_marks` decimal(10,2) DEFAULT NULL COMMENT 'Max Marks',
  `cutoff_marks` decimal(10,2) DEFAULT NULL COMMENT 'Cutoff Marks',
  `min_marks` decimal(10,2) DEFAULT NULL COMMENT 'Min Marks',
  `obtained_marks` decimal(10,2) DEFAULT NULL COMMENT 'Obtained Marks',
  `percentage` decimal(7,2) DEFAULT NULL COMMENT 'Percentage',
  `core_attendance_status_id` varchar(20) DEFAULT NULL COMMENT 'Attendance Status Id',
  `gradepoints` varchar(50) DEFAULT NULL COMMENT 'Grade Points',
  `grade` varchar(50) DEFAULT NULL COMMENT 'Grade',
  `remarks` varchar(200) DEFAULT NULL COMMENT 'Remarks',
  `acd_examination_schedule_id` int(11) DEFAULT NULL COMMENT 'Acd Examination Schedule Id',
  `acd_exam_name_id` int(11) DEFAULT NULL COMMENT 'Acd Exam Name Id',
  `createdby` int(11) DEFAULT NULL COMMENT 'Created Id',
  `createdat` datetime DEFAULT NULL COMMENT 'Created Datetime',
  `updatedby` int(11) DEFAULT NULL COMMENT 'Updated Id',
  `updatedat` datetime DEFAULT NULL COMMENT 'Updated Datetime',
  PRIMARY KEY (`id`)
) ENGINE=InnoDB DEFAULT CHARSET=utf8 COMMENT='Acd Studentmarks Details';

INSERT INTO `acd_studentmarks_details` (`id`, `acd_examination_marks_id`, `cur_list_academicyear_id`, `list_branch_id`, `cur_branch_orientation_id`, `cur_list_orientation_id`, `cur_branch_class_id`, `cur_list_class_id`, `cur_branch_class_section_id`, `admission_no`, `name`, `cur_class_subject_id`, `cur_academic_subject_id`, `total_marks`, `max_marks`, `cutoff_marks`, `min_marks`, `obtained_marks`, `percentage`, `core_attendance_status_id`, `gradepoints`, `grade`, `remarks`, `acd_examination_schedule_id`, `acd_exam_name_id`, `createdby`, `createdat`, `updatedby`, `updatedat`) VALUES
(1,	1,	'2017',	1,	2,	2,	1,	10,	1,	'ST0034',	'Siva Kumar',	2,	1,	NULL,	20.00,	10.00,	10.00,	19.00,	95.00,	'Present',	'10.00',	'A',	'First',	1,	1,	NULL,	'2017-05-01 17:52:52',	NULL,	'2017-05-19 17:38:01'),
(2,	1,	'2017',	1,	2,	2,	1,	10,	1,	'ST0034',	'Siva Kumar',	1,	2,	NULL,	20.00,	10.00,	10.00,	20.00,	100.00,	'Present',	'10.00',	'A',	'First',	1,	1,	NULL,	'2017-05-01 17:52:52',	NULL,	'2017-05-19 17:38:02'),
(3,	1,	'2017',	1,	2,	2,	1,	10,	1,	'ST0034',	'Siva Kumar',	4,	4,	NULL,	20.00,	10.00,	10.00,	13.00,	65.00,	'Present',	'7.00',	'D',	'Forth',	1,	1,	NULL,	'2017-05-01 17:52:52',	NULL,	'2017-05-19 17:38:02'),
(4,	1,	'2017',	1,	2,	2,	1,	10,	1,	'ST0034',	'Siva Kumar',	5,	7,	NULL,	20.00,	10.00,	10.00,	15.00,	75.00,	'Present',	'8.00',	'C',	'Third',	1,	1,	NULL,	'2017-05-01 17:52:52',	NULL,	'2017-05-19 17:38:02'),
(5,	1,	'2017',	1,	2,	2,	1,	10,	1,	'ST0034',	'Siva Kumar',	7,	9,	NULL,	20.00,	10.00,	10.00,	16.00,	80.00,	'Present',	'9.00',	'B',	'Second',	1,	1,	NULL,	'2017-05-01 17:52:52',	NULL,	'2017-05-19 17:38:02'),
(6,	1,	'2017',	1,	2,	2,	1,	10,	1,	'ST0034',	'Siva Kumar',	6,	6,	NULL,	20.00,	10.00,	10.00,	10.00,	50.00,	'Present',	'6.00',	'E',	'Fifth',	1,	1,	NULL,	'2017-05-01 17:52:53',	NULL,	'2017-05-19 17:38:02'),
(7,	1,	'2017',	1,	2,	2,	1,	10,	1,	'ST0035',	'Ramesh Naidu',	2,	1,	NULL,	20.00,	10.00,	10.00,	15.00,	75.00,	'Present',	'8.00',	'C',	'Third',	1,	1,	NULL,	'2017-05-01 17:52:53',	NULL,	'2017-05-19 17:38:02'),
(8,	1,	'2017',	1,	2,	2,	1,	10,	1,	'ST0035',	'Ramesh Naidu',	1,	2,	NULL,	20.00,	10.00,	10.00,	12.00,	60.00,	'Present',	'7.00',	'D',	'Forth',	1,	1,	NULL,	'2017-05-01 17:52:53',	NULL,	'2017-05-19 17:38:03'),
(9,	1,	'2017',	1,	2,	2,	1,	10,	1,	'ST0035',	'Ramesh Naidu',	4,	4,	NULL,	20.00,	10.00,	10.00,	16.00,	80.00,	'Present',	'9.00',	'B',	'Second',	1,	1,	NULL,	'2017-05-01 17:52:53',	NULL,	'2017-05-19 17:38:03'),
(10,	1,	'2017',	1,	2,	2,	1,	10,	1,	'ST0035',	'Ramesh Naidu',	5,	7,	NULL,	20.00,	10.00,	10.00,	15.00,	75.00,	'Present',	'8.00',	'C',	'Third',	1,	1,	NULL,	'2017-05-01 17:52:53',	NULL,	'2017-05-19 17:38:03'),
(11,	1,	'2017',	1,	2,	2,	1,	10,	1,	'ST0035',	'Ramesh Naidu',	7,	9,	NULL,	20.00,	10.00,	10.00,	18.00,	90.00,	'Present',	'10.00',	'A',	'First',	1,	1,	NULL,	'2017-05-01 17:52:53',	NULL,	'2017-05-19 17:38:03'),
(12,	1,	'2017',	1,	2,	2,	1,	10,	1,	'ST0035',	'Ramesh Naidu',	6,	6,	20.00,	20.00,	10.00,	10.00,	10.00,	50.00,	'Present',	'6.00',	'E',	'Fifth',	1,	1,	NULL,	'2017-05-01 17:52:54',	NULL,	'2017-05-19 17:38:03'),
(13,	3,	'2017',	1,	2,	2,	1,	10,	1,	'ST0034',	'Siva Kumar',	2,	1,	NULL,	20.00,	10.00,	10.00,	12.00,	60.00,	'Present',	'7.00',	'D',	'Forth',	2,	2,	NULL,	'2017-05-08 11:13:30',	NULL,	'2017-05-19 17:38:06'),
(14,	3,	'2017',	1,	2,	2,	1,	10,	1,	'ST0034',	'Siva Kumar',	1,	2,	NULL,	20.00,	10.00,	10.00,	17.00,	85.00,	'Present',	'9.00',	'B',	'Second',	2,	2,	NULL,	'2017-05-08 11:13:30',	NULL,	'2017-05-19 17:38:06'),
(15,	3,	'2017',	1,	2,	2,	1,	10,	1,	'ST0034',	'Siva Kumar',	3,	3,	NULL,	20.00,	10.00,	10.00,	14.00,	70.00,	'Present',	'8.00',	'C',	'Third',	2,	2,	NULL,	'2017-05-08 11:13:30',	NULL,	'2017-05-19 17:38:06'),
(16,	3,	'2017',	1,	2,	2,	1,	10,	1,	'ST0034',	'Siva Kumar',	4,	4,	NULL,	20.00,	20.00,	10.00,	16.00,	80.00,	'Present',	'9.00',	'B',	'Second',	2,	2,	NULL,	'2017-05-08 11:13:30',	NULL,	'2017-05-19 17:38:06'),
(17,	3,	'2017',	1,	2,	2,	1,	10,	1,	'ST0034',	'Siva Kumar',	6,	6,	NULL,	20.00,	10.00,	10.00,	20.00,	100.00,	'Present',	'10.00',	'A',	'First',	2,	2,	NULL,	'2017-05-08 11:13:30',	NULL,	'2017-05-19 17:38:06'),
(18,	3,	'2017',	1,	2,	2,	1,	10,	1,	'ST0034',	'Siva Kumar',	5,	7,	NULL,	10.00,	10.00,	10.00,	10.00,	100.00,	'Present',	'10.00',	'A',	'First',	2,	2,	NULL,	'2017-05-08 11:13:31',	NULL,	'2017-05-19 17:38:07'),
(19,	3,	'2017',	1,	2,	2,	1,	10,	1,	'ST0034',	'Siva Kumar',	7,	9,	NULL,	20.00,	10.00,	10.00,	18.00,	90.00,	'Present',	'10.00',	'A',	'First',	2,	2,	NULL,	'2017-05-08 11:13:31',	NULL,	'2017-05-19 17:38:07'),
(20,	3,	'2017',	1,	2,	2,	1,	10,	1,	'ST0035',	'Ramesh Naidu',	2,	1,	NULL,	20.00,	10.00,	10.00,	20.00,	100.00,	'Present',	'10.00',	'A',	'First',	2,	2,	NULL,	'2017-05-08 11:13:31',	NULL,	'2017-05-19 17:38:07'),
(21,	3,	'2017',	1,	2,	2,	1,	10,	1,	'ST0035',	'Ramesh Naidu',	1,	2,	NULL,	20.00,	10.00,	10.00,	20.00,	100.00,	'Present',	'10.00',	'A',	'First',	2,	2,	NULL,	'2017-05-08 11:13:31',	NULL,	'2017-05-19 17:38:07'),
(22,	3,	'2017',	1,	2,	2,	1,	10,	1,	'ST0035',	'Ramesh Naidu',	3,	3,	NULL,	20.00,	10.00,	10.00,	20.00,	100.00,	'Present',	'10.00',	'A',	'First',	2,	2,	NULL,	'2017-05-08 11:13:31',	NULL,	'2017-05-19 17:38:07'),
(23,	3,	'2017',	1,	2,	2,	1,	10,	1,	'ST0035',	'Ramesh Naidu',	4,	4,	NULL,	20.00,	20.00,	10.00,	20.00,	100.00,	'Present',	'10.00',	'A',	'First',	2,	2,	NULL,	'2017-05-08 11:13:31',	NULL,	'2017-05-19 17:38:07'),
(24,	3,	'2017',	1,	2,	2,	1,	10,	1,	'ST0035',	'Ramesh Naidu',	6,	6,	NULL,	20.00,	10.00,	10.00,	20.00,	100.00,	'Present',	'10.00',	'A',	'First',	2,	2,	NULL,	'2017-05-08 11:13:31',	NULL,	'2017-05-19 17:38:07'),
(25,	3,	'2017',	1,	2,	2,	1,	10,	1,	'ST0035',	'Ramesh Naidu',	5,	7,	NULL,	10.00,	10.00,	10.00,	10.00,	100.00,	'Present',	'10.00',	'A',	'First',	2,	2,	NULL,	'2017-05-08 11:13:32',	NULL,	'2017-05-19 17:38:08'),
(26,	3,	'2017',	1,	2,	2,	1,	10,	1,	'ST0035',	'Ramesh Naidu',	7,	9,	NULL,	20.00,	10.00,	10.00,	20.00,	100.00,	'Present',	'10.00',	'A',	'First',	2,	2,	NULL,	'2017-05-08 11:13:32',	NULL,	'2017-05-19 17:38:08'),
(27,	3,	'2017',	1,	2,	2,	1,	10,	1,	'ST0037',	'Vijay Kumar',	2,	1,	NULL,	20.00,	10.00,	10.00,	20.00,	100.00,	'Present',	'10.00',	'A',	'First',	2,	2,	NULL,	'2017-05-08 11:13:32',	NULL,	'2017-05-19 17:38:08'),
(28,	3,	'2017',	1,	2,	2,	1,	10,	1,	'ST0037',	'Vijay Kumar',	1,	2,	NULL,	20.00,	10.00,	10.00,	20.00,	100.00,	'Present',	'10.00',	'A',	'First',	2,	2,	NULL,	'2017-05-08 11:13:32',	NULL,	'2017-05-19 17:38:08'),
(29,	3,	'2017',	1,	2,	2,	1,	10,	1,	'ST0037',	'Vijay Kumar',	3,	3,	NULL,	20.00,	10.00,	10.00,	20.00,	100.00,	'Present',	'10.00',	'A',	'First',	2,	2,	NULL,	'2017-05-08 11:13:32',	NULL,	'2017-05-19 17:38:08'),
(30,	3,	'2017',	1,	2,	2,	1,	10,	1,	'ST0037',	'Vijay Kumar',	4,	4,	NULL,	20.00,	20.00,	10.00,	20.00,	100.00,	'Present',	'10.00',	'A',	'First',	2,	2,	NULL,	'2017-05-08 11:13:32',	NULL,	'2017-05-19 17:38:08'),
(31,	3,	'2017',	1,	2,	2,	1,	10,	1,	'ST0037',	'Vijay Kumar',	6,	6,	NULL,	20.00,	10.00,	10.00,	20.00,	100.00,	'Present',	'10.00',	'A',	'First',	2,	2,	NULL,	'2017-05-08 11:13:32',	NULL,	'2017-05-19 17:38:09'),
(32,	3,	'2017',	1,	2,	2,	1,	10,	1,	'ST0037',	'Vijay Kumar',	5,	7,	NULL,	10.00,	10.00,	10.00,	10.00,	100.00,	'Present',	'10.00',	'A',	'First',	2,	2,	NULL,	'2017-05-08 11:13:33',	NULL,	'2017-05-19 17:38:09'),
(33,	3,	'2017',	1,	2,	2,	1,	10,	1,	'ST0037',	'Vijay Kumar',	7,	9,	NULL,	20.00,	10.00,	10.00,	20.00,	100.00,	'Present',	'10.00',	'A',	'First',	2,	2,	NULL,	'2017-05-08 11:13:33',	NULL,	'2017-05-19 17:38:09'),
(34,	5,	'2017',	1,	2,	2,	1,	10,	1,	'ST0034',	'Siva Kumar',	2,	1,	NULL,	100.00,	40.00,	0.00,	86.00,	86.00,	'Present',	'9.00',	'B',	'Second',	3,	3,	NULL,	'2017-05-15 18:09:12',	NULL,	'2017-05-20 17:00:52'),
(35,	5,	'2017',	1,	2,	2,	1,	10,	1,	'ST0034',	'Siva Kumar',	1,	2,	NULL,	100.00,	40.00,	0.00,	80.00,	80.00,	'Present',	'9.00',	'B',	'Second',	3,	3,	NULL,	'2017-05-15 18:09:12',	NULL,	'2017-05-20 17:00:52'),
(36,	5,	'2017',	1,	2,	2,	1,	10,	1,	'ST0034',	'Siva Kumar',	3,	3,	NULL,	100.00,	40.00,	0.00,	70.00,	70.00,	'Present',	'8.00',	'C',	'Third',	3,	3,	NULL,	'2017-05-15 18:09:12',	NULL,	'2017-05-20 17:00:52'),
(37,	5,	'2017',	1,	2,	2,	1,	10,	1,	'ST0034',	'Siva Kumar',	4,	4,	NULL,	100.00,	40.00,	0.00,	90.00,	90.00,	'Present',	'10.00',	'A',	'First',	3,	3,	NULL,	'2017-05-15 18:09:12',	NULL,	'2017-05-20 17:00:52'),
(38,	5,	'2017',	1,	2,	2,	1,	10,	1,	'ST0034',	'Siva Kumar',	6,	6,	NULL,	100.00,	40.00,	0.00,	100.00,	100.00,	'Present',	'10.00',	'A',	'First',	3,	3,	NULL,	'2017-05-15 18:09:12',	NULL,	'2017-05-20 17:00:52'),
(39,	5,	'2017',	1,	2,	2,	1,	10,	1,	'ST0034',	'Siva Kumar',	7,	9,	NULL,	100.00,	40.00,	0.00,	95.00,	95.00,	'Present',	'10.00',	'A',	'First',	3,	3,	NULL,	'2017-05-15 18:09:12',	NULL,	'2017-05-20 17:00:52'),
(40,	5,	'2017',	1,	2,	2,	1,	10,	1,	'ST0035',	'Ramesh Naidu',	2,	1,	NULL,	100.00,	40.00,	0.00,	75.00,	75.00,	'Present',	'8.00',	'C',	'Third',	3,	3,	NULL,	'2017-05-15 18:09:12',	NULL,	'2017-05-20 17:00:53'),
(41,	5,	'2017',	1,	2,	2,	1,	10,	1,	'ST0035',	'Ramesh Naidu',	1,	2,	NULL,	100.00,	40.00,	0.00,	70.00,	70.00,	'Present',	'8.00',	'C',	'Third',	3,	3,	NULL,	'2017-05-15 18:09:13',	NULL,	'2017-05-20 17:00:53'),
(42,	5,	'2017',	1,	2,	2,	1,	10,	1,	'ST0035',	'Ramesh Naidu',	3,	3,	NULL,	100.00,	40.00,	0.00,	96.00,	96.00,	'Present',	'10.00',	'A',	'First',	3,	3,	NULL,	'2017-05-15 18:09:13',	NULL,	'2017-05-20 17:00:53'),
(43,	5,	'2017',	1,	2,	2,	1,	10,	1,	'ST0035',	'Ramesh Naidu',	4,	4,	NULL,	100.00,	40.00,	0.00,	24.00,	24.00,	'Present',	'0.00',	'F',	'0',	3,	3,	NULL,	'2017-05-15 18:09:13',	NULL,	'2017-05-20 17:00:53'),
(44,	5,	'2017',	1,	2,	2,	1,	10,	1,	'ST0035',	'Ramesh Naidu',	6,	6,	NULL,	100.00,	40.00,	0.00,	89.00,	89.00,	'Present',	'9.00',	'B',	'Second',	3,	3,	NULL,	'2017-05-15 18:09:13',	NULL,	'2017-05-20 17:00:53'),
(45,	5,	'2017',	1,	2,	2,	1,	10,	1,	'ST0035',	'Ramesh Naidu',	7,	9,	NULL,	100.00,	40.00,	0.00,	92.00,	92.00,	'Present',	'10.00',	'A',	'First',	3,	3,	NULL,	'2017-05-15 18:09:13',	NULL,	'2017-05-20 17:00:53'),
(46,	5,	'2017',	1,	2,	2,	1,	10,	1,	'ST0037',	'Vijay Kumar',	2,	1,	NULL,	100.00,	40.00,	0.00,	84.00,	84.00,	'Present',	'9.00',	'B',	'Second',	3,	3,	NULL,	'2017-05-15 18:09:13',	NULL,	'2017-05-20 17:00:54'),
(47,	5,	'2017',	1,	2,	2,	1,	10,	1,	'ST0037',	'Vijay Kumar',	1,	2,	NULL,	100.00,	40.00,	0.00,	78.00,	78.00,	'Present',	'8.00',	'C',	'Third',	3,	3,	NULL,	'2017-05-15 18:09:14',	NULL,	'2017-05-20 17:00:54'),
(48,	5,	'2017',	1,	2,	2,	1,	10,	1,	'ST0037',	'Vijay Kumar',	3,	3,	NULL,	100.00,	40.00,	0.00,	26.00,	26.00,	'Present',	'0.00',	'F',	'0',	3,	3,	NULL,	'2017-05-15 18:09:14',	NULL,	'2017-05-20 17:00:54'),
(49,	5,	'2017',	1,	2,	2,	1,	10,	1,	'ST0037',	'Vijay Kumar',	4,	4,	NULL,	100.00,	40.00,	0.00,	34.00,	34.00,	'Present',	'0.00',	'F',	'0',	3,	3,	NULL,	'2017-05-15 18:09:14',	NULL,	'2017-05-20 17:00:54'),
(50,	5,	'2017',	1,	2,	2,	1,	10,	1,	'ST0037',	'Vijay Kumar',	6,	6,	NULL,	100.00,	40.00,	0.00,	89.00,	89.00,	'Present',	'9.00',	'B',	'Second',	3,	3,	NULL,	'2017-05-15 18:09:14',	NULL,	'2017-05-20 17:00:54'),
(51,	5,	'2017',	1,	2,	2,	1,	10,	1,	'ST0037',	'Vijay Kumar',	7,	9,	NULL,	100.00,	40.00,	0.00,	74.00,	74.00,	'Present',	'8.00',	'C',	'Third',	3,	3,	NULL,	'2017-05-15 18:09:14',	NULL,	'2017-05-20 17:00:54'),
(52,	6,	'2017',	2,	3,	6,	11,	11,	10,	'ST0038',	'Vijay Kumar Reddt',	8,	1,	NULL,	100.00,	40.00,	0.00,	93.00,	93.00,	'Present',	'10.00',	'A',	'First',	5,	1,	NULL,	'2017-05-17 11:51:28',	NULL,	'2017-05-17 12:00:35'),
(53,	6,	'2017',	2,	3,	6,	11,	11,	10,	'ST0038',	'Vijay Kumar Reddt',	9,	2,	NULL,	100.00,	40.00,	0.00,	90.00,	90.00,	'Present',	'10.00',	'A',	'First',	5,	1,	NULL,	'2017-05-17 11:51:28',	NULL,	'2017-05-17 12:00:35'),
(54,	6,	'2017',	2,	3,	6,	11,	11,	10,	'ST0038',	'Vijay Kumar Reddt',	10,	4,	NULL,	100.00,	40.00,	0.00,	95.00,	95.00,	'Present',	'10.00',	'A',	'First',	5,	1,	NULL,	'2017-05-17 11:51:29',	NULL,	'2017-05-17 12:00:35');

DROP TABLE IF EXISTS `acd_student_attendance`;
CREATE TABLE `acd_student_attendance` (
  `id` int(11) NOT NULL AUTO_INCREMENT COMMENT 'User Id',
  `cur_list_academicyear_id` varchar(255) DEFAULT NULL COMMENT 'List Academic Year Id',
  `list_branch_id` int(11) DEFAULT NULL COMMENT 'List Branch Id',
  `cur_branch_orientation_id` int(11) DEFAULT NULL COMMENT 'Branch Orientation Id',
  `cur_branch_class_id` int(11) DEFAULT NULL COMMENT 'Branch Class Id',
  `cur_branch_class_section_id` int(11) DEFAULT NULL COMMENT 'Branch Class Section Id',
  `date` date DEFAULT NULL COMMENT 'Date',
  `cur_list_attendancefrequency_id` varchar(255) DEFAULT NULL COMMENT 'Attendence Frequency',
  `is_final` tinyint(2) DEFAULT NULL COMMENT 'Is Final',
  `createdby` int(11) DEFAULT NULL COMMENT 'Created Id',
  `createdat` datetime DEFAULT NULL COMMENT 'Created Datetime',
  `updatedby` int(11) DEFAULT NULL COMMENT 'Updated Id',
  `updatedat` datetime DEFAULT NULL COMMENT 'Updated Datetime',
  PRIMARY KEY (`id`)
) ENGINE=InnoDB DEFAULT CHARSET=utf8 COMMENT='Acd Student Attendance';

INSERT INTO `acd_student_attendance` (`id`, `cur_list_academicyear_id`, `list_branch_id`, `cur_branch_orientation_id`, `cur_branch_class_id`, `cur_branch_class_section_id`, `date`, `cur_list_attendancefrequency_id`, `is_final`, `createdby`, `createdat`, `updatedby`, `updatedat`) VALUES
(4,	'2017',	1,	2,	1,	1,	'2017-05-03',	'2',	1,	NULL,	'2017-05-05 11:04:13',	NULL,	'2017-05-08 15:47:26'),
(28,	'2017',	1,	2,	1,	1,	'2017-05-08',	'2',	1,	NULL,	'2017-05-08 15:43:52',	NULL,	'2017-05-08 15:45:04'),
(29,	'2017',	1,	2,	1,	1,	'2017-05-09',	'1',	1,	NULL,	'2017-05-08 15:45:39',	NULL,	'2017-05-08 15:45:39'),
(30,	'2017',	1,	2,	1,	1,	'2017-05-13',	'1',	1,	NULL,	'2017-05-13 18:19:43',	NULL,	'2017-05-13 18:19:43'),
(31,	'2017',	2,	3,	11,	10,	'2017-05-17',	'2',	1,	NULL,	'2017-05-17 12:02:27',	NULL,	'2017-05-17 12:02:27'),
(32,	'2017',	2,	3,	11,	10,	'2017-05-17',	'1',	1,	NULL,	'2017-05-17 12:03:09',	NULL,	'2017-05-17 12:03:18');

DROP TABLE IF EXISTS `acd_student_attendance_details`;
CREATE TABLE `acd_student_attendance_details` (
  `id` int(11) NOT NULL AUTO_INCREMENT COMMENT 'User Id',
  `acd_student_attendance_id` int(11) DEFAULT NULL COMMENT 'Student Attendence Id',
  `cur_list_academicyear_id` varchar(255) DEFAULT NULL COMMENT 'List Academic Year Id',
  `list_branch_id` int(11) DEFAULT NULL COMMENT 'List Branch Id',
  `cur_branch_orientation_id` int(11) DEFAULT NULL COMMENT 'Branch Orientation Id',
  `cur_branch_class_id` int(11) DEFAULT NULL COMMENT 'Branch Class Id',
  `cur_branch_class_section_id` int(11) DEFAULT NULL COMMENT 'Branch Class Section Id',
  `student_admission_id` int(11) DEFAULT NULL COMMENT 'Student Admission Id',
  `admission_no` varchar(255) DEFAULT NULL COMMENT 'Admission No',
  `name` varchar(255) DEFAULT NULL COMMENT 'Name',
  `cur_list_attendancefrequency_id` varchar(255) DEFAULT NULL COMMENT 'List Attendancefrequency Id',
  `core_attendance_status_id` varchar(255) DEFAULT NULL COMMENT 'Attendance Status Id',
  `createdby` int(11) DEFAULT NULL COMMENT 'Created Id',
  `createdat` datetime DEFAULT NULL COMMENT 'Created Datetime',
  `updatedby` int(11) DEFAULT NULL COMMENT 'Updated Id',
  `updatedat` datetime DEFAULT NULL COMMENT 'Updated Datetime',
  PRIMARY KEY (`id`)
) ENGINE=InnoDB DEFAULT CHARSET=utf8 COMMENT='Acd Student Attendance Details';

INSERT INTO `acd_student_attendance_details` (`id`, `acd_student_attendance_id`, `cur_list_academicyear_id`, `list_branch_id`, `cur_branch_orientation_id`, `cur_branch_class_id`, `cur_branch_class_section_id`, `student_admission_id`, `admission_no`, `name`, `cur_list_attendancefrequency_id`, `core_attendance_status_id`, `createdby`, `createdat`, `updatedby`, `updatedat`) VALUES
(9,	28,	'2017',	1,	2,	1,	1,	12,	'ST0034',	'Siva Kumar',	'2',	'Present',	NULL,	'2017-05-08 15:43:52',	NULL,	'2017-05-08 15:43:52'),
(10,	28,	'2017',	1,	2,	1,	1,	13,	'ST0035',	'Ramesh Naidu',	'2',	'Present',	NULL,	'2017-05-08 15:43:52',	NULL,	'2017-05-08 15:43:52'),
(11,	28,	'2017',	1,	2,	1,	1,	15,	'ST0037',	'Vijay Kumar',	'2',	'Present',	NULL,	'2017-05-08 15:43:52',	NULL,	'2017-05-08 15:43:52'),
(12,	29,	'2017',	1,	2,	1,	1,	12,	'ST0034',	'Siva Kumar',	'1',	'Present',	NULL,	'2017-05-08 15:45:40',	NULL,	'2017-05-08 15:45:40'),
(13,	29,	'2017',	1,	2,	1,	1,	13,	'ST0035',	'Ramesh Naidu',	'1',	'Present',	NULL,	'2017-05-08 15:45:40',	NULL,	'2017-05-08 15:45:40'),
(14,	29,	'2017',	1,	2,	1,	1,	15,	'ST0037',	'Vijay Kumar',	'1',	'Present',	NULL,	'2017-05-08 15:45:40',	NULL,	'2017-05-08 15:45:40'),
(15,	29,	'2017',	1,	2,	1,	1,	12,	'ST0034',	'Siva Kumar',	'2',	'Present',	NULL,	'2017-05-13 12:53:09',	NULL,	'2017-05-13 12:53:09'),
(16,	30,	'2017',	1,	2,	1,	1,	12,	'ST0034',	'Siva Kumar',	'1',	'Absent',	NULL,	'2017-05-13 18:19:43',	NULL,	'2017-05-13 18:20:41'),
(17,	30,	'2017',	1,	2,	1,	1,	13,	'ST0035',	'Ramesh Naidu',	'1',	'Present',	NULL,	'2017-05-13 18:19:43',	NULL,	'2017-05-13 18:19:43'),
(18,	30,	'2017',	1,	2,	1,	1,	15,	'ST0037',	'Vijay Kumar',	'1',	'Present',	NULL,	'2017-05-13 18:19:44',	NULL,	'2017-05-13 18:19:44'),
(19,	31,	'2017',	2,	3,	11,	10,	16,	'ST0038',	'Vijay Kumar Reddt',	'2',	'Absent',	NULL,	'2017-05-17 12:02:27',	NULL,	'2017-05-17 12:02:46'),
(20,	32,	'2017',	2,	3,	11,	10,	16,	'ST0038',	'Vijay Kumar Reddt',	'1',	'Present',	NULL,	'2017-05-17 12:03:09',	NULL,	'2017-05-17 12:03:33');

DROP TABLE IF EXISTS `acd_subgroupexams`;
CREATE TABLE `acd_subgroupexams` (
  `id` bigint(15) NOT NULL AUTO_INCREMENT COMMENT 'User Id',
  `acd_exam_group_id` int(11) DEFAULT NULL COMMENT 'Acd Exam Group Id',
  `acd_examination_schedule_id` int(11) DEFAULT NULL COMMENT 'Acd Examination Schedule Id',
  `percentage` decimal(7,2) DEFAULT NULL COMMENT 'Percentage',
  `code` varchar(255) DEFAULT NULL COMMENT 'Code',
  `createdby` int(11) DEFAULT NULL COMMENT 'Created Id',
  `createdat` datetime DEFAULT NULL COMMENT 'Created Datetime',
  `updatedby` int(11) DEFAULT NULL COMMENT 'Updated Id',
  `updatedat` datetime DEFAULT NULL COMMENT 'Updated Datetime',
  PRIMARY KEY (`id`)
) ENGINE=InnoDB DEFAULT CHARSET=utf8 COMMENT='Acd Subgroupexams';

INSERT INTO `acd_subgroupexams` (`id`, `acd_exam_group_id`, `acd_examination_schedule_id`, `percentage`, `code`, `createdby`, `createdat`, `updatedby`, `updatedat`) VALUES
(1,	1,	1,	25.00,	'01',	NULL,	'2017-05-12 17:17:03',	NULL,	'2017-05-20 16:26:46'),
(2,	1,	2,	25.00,	'2',	NULL,	'2017-05-15 15:15:21',	NULL,	'2017-05-20 16:26:40'),
(3,	2,	5,	100.00,	'3',	NULL,	'2017-05-17 12:26:27',	NULL,	'2017-05-17 12:26:27'),
(4,	1,	3,	50.00,	'3',	NULL,	'2017-05-19 17:39:48',	NULL,	'2017-05-20 16:26:33');

DROP TABLE IF EXISTS `cms_gallery`;
CREATE TABLE `cms_gallery` (
  `id` int(11) NOT NULL AUTO_INCREMENT COMMENT 'User Id',
  `cur_list_academicyear_id` varchar(20) DEFAULT NULL COMMENT 'List Academic year Id',
  `list_branch_id` int(11) DEFAULT NULL COMMENT 'List Branch Id ',
  `cur_branch_orientation_id` int(11) DEFAULT NULL COMMENT 'List Branch Orientational Id',
  `cur_branch_class_id` int(11) DEFAULT NULL COMMENT 'List Branch Class Id',
  `cur_branch_class_section_id` bigint(15) DEFAULT NULL COMMENT 'List Branch Class Section Id',
  `student_admission_id` int(11) DEFAULT NULL COMMENT 'Student Admission Id',
  `title` text COMMENT 'Title',
  `image` text COMMENT 'Image',
  `date` date DEFAULT NULL COMMENT 'Date',
  `description` longtext COMMENT 'Description',
  `createdby` int(11) DEFAULT NULL COMMENT 'Created Id',
  `createdat` datetime DEFAULT NULL COMMENT 'Created Datetime',
  `updatedby` int(11) DEFAULT NULL COMMENT 'Updated Id',
  `updatedat` datetime DEFAULT NULL COMMENT 'Updated Datetime',
  PRIMARY KEY (`id`)
) ENGINE=InnoDB DEFAULT CHARSET=utf8 COMMENT='Cms Gallery';


DROP TABLE IF EXISTS `cms_notification`;
CREATE TABLE `cms_notification` (
  `id` int(15) NOT NULL AUTO_INCREMENT COMMENT 'User Id',
  `notification_code` varchar(255) DEFAULT NULL COMMENT 'Notification Code',
  `cms_notification_type_id` varchar(255) DEFAULT NULL COMMENT 'Notification Type Id',
  `cur_list_academicyear_id` varchar(20) DEFAULT NULL COMMENT 'List Academic year Id',
  `list_branch_id` int(11) DEFAULT NULL COMMENT 'List Branch Id ',
  `cur_branch_orientation_id` int(11) DEFAULT NULL COMMENT 'List Branch Orientational Id',
  `cur_branch_class_id` int(11) DEFAULT NULL COMMENT 'List Branch Class Id',
  `cur_branch_class_section_id` bigint(15) DEFAULT NULL COMMENT 'List Branch Class Section Id',
  `student_admission_id` int(11) DEFAULT NULL COMMENT 'Student Admission Id',
  `title` text COMMENT 'Title',
  `start_date` date DEFAULT NULL COMMENT 'Start Date',
  `end_date` date DEFAULT NULL COMMENT 'End Date',
  `description` longtext COMMENT 'Description',
  `createdby` int(11) DEFAULT NULL COMMENT 'Created Id',
  `createdat` datetime DEFAULT NULL COMMENT 'Created Datetime',
  `updatedby` int(11) DEFAULT NULL COMMENT 'Updated Id',
  `updatedat` datetime DEFAULT NULL COMMENT 'Updated Datetime',
  PRIMARY KEY (`id`)
) ENGINE=InnoDB DEFAULT CHARSET=utf8 COMMENT='Cms Notification';

INSERT INTO `cms_notification` (`id`, `notification_code`, `cms_notification_type_id`, `cur_list_academicyear_id`, `list_branch_id`, `cur_branch_orientation_id`, `cur_branch_class_id`, `cur_branch_class_section_id`, `student_admission_id`, `title`, `start_date`, `end_date`, `description`, `createdby`, `createdat`, `updatedby`, `updatedat`) VALUES
(1,	'NOTICE0012',	'EN',	'2017',	1,	2,	1,	0,	0,	'Assessment Exams Notification',	'2017-06-10',	'2017-06-20',	'Assessment 1 Exams going to start from 10/06/2016',	NULL,	'2017-05-09 12:13:45',	NULL,	'2017-05-09 12:13:45'),
(3,	'NOTICE0013',	'NB',	'2017',	1,	0,	0,	0,	0,	'School Reopen',	'2017-06-12',	'0000-00-00',	'School Reopen For Academic Year 2017-18 will reopen from 12th july 2017',	NULL,	'2017-05-09 12:17:43',	NULL,	'2017-05-09 12:17:43'),
(4,	'NOTICE0014',	'HN',	'2017',	1,	0,	0,	0,	0,	'Holiday',	'2017-06-15',	'0000-00-00',	'15th july 2017 is declared as holiday on behalf of schoolday',	NULL,	'2017-05-09 12:19:03',	NULL,	'2017-05-09 12:19:03'),
(5,	'NOTICE0015',	'FN',	'2017',	1,	2,	1,	1,	12,	'Fee Due',	'0000-00-00',	'0000-00-00',	'Your Fee Is Due , please clear the due on or before 18th of this month to avoid fine ..',	NULL,	'2017-05-09 12:20:21',	NULL,	'2017-05-09 12:20:21'),
(6,	'NOTICE0016',	'HN',	'2017',	1,	2,	1,	0,	0,	'School reopen',	'2017-06-06',	'0000-00-00',	'School For all 10th Class Students will Start from 6th july 2017\r\n ',	NULL,	'2017-05-09 12:25:06',	NULL,	'2017-05-09 12:25:06'),
(7,	'NOTICE0017',	'NB',	'2017',	1,	2,	0,	0,	0,	'Drawing Compositions',	'2017-06-20',	'0000-00-00',	'There will be drawing competition on  20th june 2017, student who are interested are required to give their Name to Class teacher',	NULL,	'2017-05-09 12:26:59',	NULL,	'2017-05-09 12:26:59'),
(8,	'NOTICE0018',	'NB',	'2017',	1,	2,	1,	1,	0,	'Tour Trip',	'2017-08-12',	'0000-00-00',	'We are counting a tour plan to north india, students who are interested are required to give their names to Class Teacher ',	NULL,	'2017-05-09 12:29:25',	NULL,	'2017-05-09 12:29:25');

DROP TABLE IF EXISTS `cms_notification_comments`;
CREATE TABLE `cms_notification_comments` (
  `id` int(15) NOT NULL AUTO_INCREMENT COMMENT 'User Id',
  `cms_notification_id` int(11) DEFAULT NULL COMMENT 'Notification Id',
  `comment_source` varchar(255) DEFAULT NULL COMMENT 'Comment Source',
  `createdby` int(11) DEFAULT NULL COMMENT 'Created Id',
  `createdat` datetime DEFAULT NULL COMMENT 'Created Datetime',
  `updatedby` int(11) DEFAULT NULL COMMENT 'Updated Id',
  `updatedat` datetime DEFAULT NULL COMMENT 'Updated Datetime',
  PRIMARY KEY (`id`)
) ENGINE=InnoDB DEFAULT CHARSET=utf8 COMMENT='Cms Notification Comments';


DROP TABLE IF EXISTS `cms_notification_type`;
CREATE TABLE `cms_notification_type` (
  `id` int(15) NOT NULL AUTO_INCREMENT COMMENT 'Notification Type Id',
  `name` varchar(255) DEFAULT NULL COMMENT 'Name',
  `short_code` varchar(20) DEFAULT NULL COMMENT 'Short Code',
  `createdby` int(11) DEFAULT NULL COMMENT 'Created Id',
  `createdat` datetime DEFAULT NULL COMMENT 'Created Datetime',
  `updatedby` int(11) DEFAULT NULL COMMENT 'Updated Id',
  `updatedat` datetime DEFAULT NULL COMMENT 'Updated Datetime',
  PRIMARY KEY (`id`)
) ENGINE=InnoDB DEFAULT CHARSET=utf8 COMMENT='Cms Notification Type';

INSERT INTO `cms_notification_type` (`id`, `name`, `short_code`, `createdby`, `createdat`, `updatedby`, `updatedat`) VALUES
(1,	'Exam Notification',	'EN',	NULL,	'2017-05-09 12:00:19',	NULL,	'2017-05-09 12:00:19'),
(2,	'Fee Notification',	'FN',	NULL,	'2017-05-09 12:00:31',	NULL,	'2017-05-09 12:00:31'),
(3,	'Notice Boards',	'NB',	NULL,	'2017-05-09 12:02:32',	NULL,	'2017-05-09 12:02:32'),
(4,	'Holiday Notificatin',	'HN',	NULL,	'2017-05-09 12:02:49',	NULL,	'2017-05-09 12:02:49');

DROP TABLE IF EXISTS `core_access`;
CREATE TABLE `core_access` (
  `id` bigint(11) NOT NULL AUTO_INCREMENT COMMENT 'Access Id',
  `node` varchar(255) DEFAULT NULL COMMENT 'Node Name',
  `core_profile_id` varchar(255) DEFAULT NULL COMMENT 'Profile Code',
  `action` varchar(255) DEFAULT NULL COMMENT 'Action Code',
  `createdby` int(11) DEFAULT NULL COMMENT 'Created User Id',
  `createdat` datetime DEFAULT NULL COMMENT 'Created Datetime',
  `updatedby` int(11) DEFAULT NULL COMMENT 'Updated User Id',
  `updatedat` datetime DEFAULT NULL COMMENT 'Updated Datetime',
  PRIMARY KEY (`id`),
  UNIQUE KEY `id` (`id`)
) ENGINE=InnoDB DEFAULT CHARSET=utf8 COMMENT='Access Details';

INSERT INTO `core_access` (`id`, `node`, `core_profile_id`, `action`, `createdby`, `createdat`, `updatedby`, `updatedat`) VALUES
(196,	'core_country',	'SA',	'admin|add|edit|delete',	NULL,	NULL,	NULL,	NULL),
(197,	'core_list_state',	'SA',	'admin|add|edit|view|delete',	NULL,	NULL,	NULL,	NULL),
(198,	'core_list_city',	'SA',	'admin|add|edit|view|delete',	NULL,	NULL,	NULL,	NULL),
(199,	'core_attendance_status',	'SA',	'admin|add|edit|delete',	NULL,	NULL,	NULL,	NULL),
(200,	'core_organization',	'SA',	'admin|add|edit|view|delete',	NULL,	NULL,	NULL,	NULL),
(201,	'core_list_location',	'SA',	'admin|add|edit|delete',	NULL,	NULL,	NULL,	NULL),
(202,	'core_organization_socialnetworkingsites',	'SA',	'admin|add|edit|delete',	NULL,	NULL,	NULL,	NULL),
(203,	'list_branch',	'SA',	'admin|add|edit|view|delete',	NULL,	NULL,	NULL,	NULL),
(204,	'acd_examination_schedule_details',	'SA',	'admin|add|edit|view|delete',	NULL,	NULL,	NULL,	NULL),
(205,	'acd_examination_marks',	'SA',	'admin|add|edit|view|delete|final|unfinal',	NULL,	NULL,	NULL,	NULL),
(206,	'acd_examination_schedule',	'SA',	'admin|add|edit|view|delete|final|unfinal',	NULL,	NULL,	NULL,	NULL),
(207,	'acd_studentmarks_details',	'SA',	'admin|add|edit|view|delete',	NULL,	NULL,	NULL,	NULL),
(208,	'acd_exam_group',	'SA',	'admin|add|edit|view|delete|final|unfinal',	NULL,	NULL,	NULL,	NULL),
(209,	'acd_link_exam',	'SA',	'admin|add|edit|delete',	NULL,	NULL,	NULL,	NULL),
(210,	'acd_subgroupexams',	'SA',	'admin|add|edit|delete',	NULL,	NULL,	NULL,	NULL),
(211,	'acd_overall_grade',	'SA',	'admin|add|edit|view|delete',	NULL,	NULL,	NULL,	NULL),
(212,	'acd_final_marks',	'SA',	'admin|add|edit|view|delete',	NULL,	NULL,	NULL,	NULL),
(213,	'acdprogressreport',	'SA',	'admin',	NULL,	NULL,	NULL,	NULL),
(214,	'acd_student_attendance',	'SA',	'admin|add|edit|view|delete',	NULL,	NULL,	NULL,	NULL),
(215,	'acd_student_attendance_details',	'SA',	'admin|add|edit|view|delete',	NULL,	NULL,	NULL,	NULL),
(216,	'acd_grade_type',	'SA',	'admin|add|edit|delete',	NULL,	NULL,	NULL,	NULL),
(217,	'acd_grade_method',	'SA',	'admin|add|delete',	NULL,	NULL,	NULL,	NULL),
(218,	'acd_grade_method_details',	'SA',	'admin|add|edit|view|delete',	NULL,	NULL,	NULL,	NULL),
(219,	'acd_grade_master',	'SA',	'admin|add|edit|view|delete',	NULL,	NULL,	NULL,	NULL),
(220,	'cur_list_academicyear',	'SA',	'admin|add|edit|view|delete',	NULL,	NULL,	NULL,	NULL),
(221,	'cur_subject_type',	'SA',	'admin|add|edit|view|delete',	NULL,	NULL,	NULL,	NULL),
(222,	'cur_academic_subject',	'SA',	'admin|add|edit|view|delete',	NULL,	NULL,	NULL,	NULL),
(223,	'cur_list_attendancefrequency',	'SA',	'admin|add|delete',	NULL,	NULL,	NULL,	NULL),
(224,	'cur_orientation_level',	'SA',	'admin|add|edit|view|delete',	NULL,	NULL,	NULL,	NULL),
(225,	'cur_list_orientation',	'SA',	'admin|add|edit|view|delete',	NULL,	NULL,	NULL,	NULL),
(226,	'cur_list_class',	'SA',	'admin|add|edit|view|delete',	NULL,	NULL,	NULL,	NULL),
(227,	'cur_branch_orientation',	'SA',	'admin|add|edit|view|delete',	NULL,	NULL,	NULL,	NULL),
(228,	'cur_branch_class',	'SA',	'admin|add|edit|view|delete',	NULL,	NULL,	NULL,	NULL),
(229,	'cur_class_subject',	'SA',	'admin|add|edit|view|delete',	NULL,	NULL,	NULL,	NULL),
(230,	'cur_branch_class_section',	'SA',	'admin|add|edit|view|delete',	NULL,	NULL,	NULL,	NULL),
(231,	'fee_list_feegroup',	'SA',	'admin|add|edit|view|delete',	NULL,	NULL,	NULL,	NULL),
(232,	'fee_list_feetype',	'SA',	'admin|add|edit|view|delete',	NULL,	NULL,	NULL,	NULL),
(233,	'fee_list_frequency',	'SA',	'admin|add|edit|view|delete',	NULL,	NULL,	NULL,	NULL),
(234,	'fee_concession_type',	'SA',	'admin|add|edit|view|delete',	NULL,	NULL,	NULL,	NULL),
(235,	'fee_list_feeplan',	'SA',	'admin|add|edit|view|delete',	NULL,	NULL,	NULL,	NULL),
(236,	'fee_list_feeplan_details',	'SA',	'admin|add|edit|view|delete',	NULL,	NULL,	NULL,	NULL),
(237,	'studentshift',	'SA',	'SHF|admin',	NULL,	NULL,	NULL,	NULL),
(238,	'student_admission',	'SA',	'admin|add|edit|view|delete',	NULL,	NULL,	NULL,	NULL),
(239,	'student_history',	'SA',	'admin|view',	NULL,	NULL,	NULL,	NULL),
(240,	'student_feeplan_details',	'SA',	'admin',	NULL,	NULL,	NULL,	NULL),
(241,	'student_log',	'SA',	'admin',	NULL,	NULL,	NULL,	NULL),
(242,	'student_status',	'SA',	'admin|add|edit|delete',	NULL,	NULL,	NULL,	NULL),
(243,	'student_quota',	'SA',	'admin|add|edit|delete',	NULL,	NULL,	NULL,	NULL),
(244,	'student_action',	'SA',	'admin|add|edit|delete',	NULL,	NULL,	NULL,	NULL),
(327,	'core_country',	'SHA',	'admin|add|edit|delete',	NULL,	NULL,	NULL,	NULL),
(328,	'core_list_state',	'SHA',	'admin|add|edit|view|delete',	NULL,	NULL,	NULL,	NULL),
(329,	'core_list_city',	'SHA',	'admin|add|edit|view|delete',	NULL,	NULL,	NULL,	NULL),
(330,	'core_attendance_status',	'SHA',	'admin|add|edit|delete',	NULL,	NULL,	NULL,	NULL),
(331,	'core_profile_level',	'SHA',	'admin|add|edit|delete',	NULL,	NULL,	NULL,	NULL),
(332,	'core_profile',	'SHA',	'admin|add|edit|view|delete',	NULL,	NULL,	NULL,	NULL),
(333,	'core_access',	'SHA',	'admin',	NULL,	NULL,	NULL,	NULL),
(334,	'core_users',	'SHA',	'admin|add|edit|view|delete|export',	NULL,	NULL,	NULL,	NULL),
(335,	'core_organization',	'SHA',	'admin|add|edit|view|delete',	NULL,	NULL,	NULL,	NULL),
(336,	'core_list_location',	'SHA',	'admin|add|edit|delete',	NULL,	NULL,	NULL,	NULL),
(337,	'core_organization_socialnetworkingsites',	'SHA',	'admin|add|edit|delete',	NULL,	NULL,	NULL,	NULL),
(338,	'list_branch',	'SHA',	'admin|add|edit|view|delete',	NULL,	NULL,	NULL,	NULL),
(339,	'acd_examination_schedule_details',	'SHA',	'admin|add|edit|view|delete',	NULL,	NULL,	NULL,	NULL),
(340,	'acd_examination_marks',	'SHA',	'admin|add|edit|view|delete|final|unfinal',	NULL,	NULL,	NULL,	NULL),
(341,	'acd_examination_schedule',	'SHA',	'admin|add|edit|view|delete|final|unfinal',	NULL,	NULL,	NULL,	NULL),
(342,	'acd_studentmarks_details',	'SHA',	'admin|add|edit|view|delete',	NULL,	NULL,	NULL,	NULL),
(343,	'acd_exam_group',	'SHA',	'admin|add|edit|view|delete|final|unfinal',	NULL,	NULL,	NULL,	NULL),
(344,	'acd_link_exam',	'SHA',	'admin|add|edit|delete',	NULL,	NULL,	NULL,	NULL),
(345,	'acd_subgroupexams',	'SHA',	'admin|add|edit|delete',	NULL,	NULL,	NULL,	NULL),
(346,	'acd_overall_grade',	'SHA',	'admin|add|edit|view|delete',	NULL,	NULL,	NULL,	NULL),
(347,	'acd_final_marks',	'SHA',	'admin|add|edit|view|delete',	NULL,	NULL,	NULL,	NULL),
(348,	'acdprogressreport',	'SHA',	'admin',	NULL,	NULL,	NULL,	NULL),
(349,	'acd_modeofexam',	'SHA',	'admin|add|edit|view|delete',	NULL,	NULL,	NULL,	NULL),
(350,	'acd_exam_name',	'SHA',	'admin|add|edit|view|delete',	NULL,	NULL,	NULL,	NULL),
(351,	'acd_student_attendance',	'SHA',	'admin|add|edit|view|delete',	NULL,	NULL,	NULL,	NULL),
(352,	'acd_student_attendance_details',	'SHA',	'admin|add|edit|view|delete',	NULL,	NULL,	NULL,	NULL),
(353,	'acd_grade_method',	'SHA',	'admin|add|delete',	NULL,	NULL,	NULL,	NULL),
(354,	'acd_grade_method_details',	'SHA',	'admin|add|edit|view|delete',	NULL,	NULL,	NULL,	NULL),
(355,	'acd_grade_master',	'SHA',	'admin|add|edit|view|delete',	NULL,	NULL,	NULL,	NULL),
(356,	'cms_gallery',	'SHA',	'admin|add|edit|view|delete',	NULL,	NULL,	NULL,	NULL),
(357,	'cur_list_academicyear',	'SHA',	'admin|add|edit|view|delete',	NULL,	NULL,	NULL,	NULL),
(358,	'cur_subject_type',	'SHA',	'admin|add|edit|view|delete',	NULL,	NULL,	NULL,	NULL),
(359,	'cur_academic_subject',	'SHA',	'admin|add|edit|view|delete',	NULL,	NULL,	NULL,	NULL),
(360,	'cur_list_attendancefrequency',	'SHA',	'admin|add|delete',	NULL,	NULL,	NULL,	NULL),
(361,	'cur_orientation_level',	'SHA',	'admin|add|edit|view|delete',	NULL,	NULL,	NULL,	NULL),
(362,	'cur_list_orientation',	'SHA',	'admin|add|edit|view|delete',	NULL,	NULL,	NULL,	NULL),
(363,	'cur_list_class',	'SHA',	'admin|add|edit|view|delete',	NULL,	NULL,	NULL,	NULL),
(364,	'cur_branch_orientation',	'SHA',	'admin|add|edit|view|delete',	NULL,	NULL,	NULL,	NULL),
(365,	'cur_branch_class',	'SHA',	'admin|add|edit|view|delete',	NULL,	NULL,	NULL,	NULL),
(366,	'cur_class_subject',	'SHA',	'admin|add|edit|view|delete',	NULL,	NULL,	NULL,	NULL),
(367,	'cur_branch_class_section',	'SHA',	'admin|add|edit|view|delete',	NULL,	NULL,	NULL,	NULL),
(368,	'cms_notification',	'SHA',	'admin|add|edit|view|delete',	NULL,	NULL,	NULL,	NULL),
(369,	'cms_notification_comments',	'SHA',	'admin|add|edit|delete',	NULL,	NULL,	NULL,	NULL),
(370,	'cms_notification_type',	'SHA',	'admin|add|edit|delete',	NULL,	NULL,	NULL,	NULL),
(371,	'fee_list_feegroup',	'SHA',	'admin|add|edit|view|delete',	NULL,	NULL,	NULL,	NULL),
(372,	'fee_list_feetype',	'SHA',	'admin|add|edit|view|delete',	NULL,	NULL,	NULL,	NULL),
(373,	'fee_list_frequency',	'SHA',	'admin|add|edit|view|delete',	NULL,	NULL,	NULL,	NULL),
(374,	'fee_concession_type',	'SHA',	'admin|add|edit|view|delete',	NULL,	NULL,	NULL,	NULL),
(375,	'fee_list_feeplan',	'SHA',	'admin|add|edit|view|delete',	NULL,	NULL,	NULL,	NULL),
(376,	'fee_list_feeplan_details',	'SHA',	'admin|add|edit|view|delete',	NULL,	NULL,	NULL,	NULL),
(377,	'transaction_status',	'SHA',	'admin|add|edit|delete',	NULL,	NULL,	NULL,	NULL),
(378,	'fee_list_transactiontype',	'SHA',	'admin|add|edit|view|delete',	NULL,	NULL,	NULL,	NULL),
(379,	'financeconcession',	'SHA',	'admin',	NULL,	NULL,	NULL,	NULL),
(380,	'financefeereceipt',	'SHA',	'admin',	NULL,	NULL,	NULL,	NULL),
(381,	'transaction_logs',	'SHA',	'admin|view|Print',	NULL,	NULL,	NULL,	NULL),
(382,	'transaction_logs_details',	'SHA',	'admin',	NULL,	NULL,	NULL,	NULL),
(383,	'studentshift',	'SHA',	'SHF|admin',	NULL,	NULL,	NULL,	NULL),
(384,	'student_admission',	'SHA',	'admin|add|edit|view|delete',	NULL,	NULL,	NULL,	NULL),
(385,	'student_history',	'SHA',	'admin|view',	NULL,	NULL,	NULL,	NULL),
(386,	'student_feeplan_details',	'SHA',	'admin',	NULL,	NULL,	NULL,	NULL),
(387,	'student_log',	'SHA',	'admin',	NULL,	NULL,	NULL,	NULL),
(388,	'student_status',	'SHA',	'admin|add|edit|delete',	NULL,	NULL,	NULL,	NULL),
(389,	'student_quota',	'SHA',	'admin|add|edit|delete',	NULL,	NULL,	NULL,	NULL),
(390,	'student_action',	'SHA',	'admin|add|edit|delete',	NULL,	NULL,	NULL,	NULL),
(391,	'tr_route_list',	'SHA',	'admin|add|edit|view|delete',	NULL,	NULL,	NULL,	NULL),
(392,	'tr_route_assign',	'SHA',	'admin|add|edit|view|delete',	NULL,	NULL,	NULL,	NULL),
(393,	'tr_student_route_details',	'SHA',	'admin|add|edit|delete',	NULL,	NULL,	NULL,	NULL),
(394,	'lib_issued_for',	'SHA',	'admin|add|edit|delete',	NULL,	NULL,	NULL,	NULL),
(395,	'lib_book_deatils',	'SHA',	'admin|add|edit|delete',	NULL,	NULL,	NULL,	NULL),
(396,	'lib_publisher',	'SHA',	'admin|add|edit|delete',	NULL,	NULL,	NULL,	NULL),
(397,	'lib_library_deatils',	'SHA',	'admin|add|edit|delete',	NULL,	NULL,	NULL,	NULL),
(398,	'lib_library_assignment',	'SHA',	'admin|add|edit|delete',	NULL,	NULL,	NULL,	NULL),
(399,	'lib_book_assignment',	'SHA',	'admin|add|edit|delete',	NULL,	NULL,	NULL,	NULL),
(400,	'lib_status',	'SHA',	'admin|add|edit|delete',	NULL,	NULL,	NULL,	NULL),
(401,	'staff_division',	'SHA',	'admin|add|edit|delete',	NULL,	NULL,	NULL,	NULL),
(402,	'staff_staff_history',	'SHA',	'admin|add|edit|delete',	NULL,	NULL,	NULL,	NULL),
(403,	'staff_department',	'SHA',	'admin|add|edit|delete',	NULL,	NULL,	NULL,	NULL),
(404,	'staff_designation',	'SHA',	'admin|add|edit|delete',	NULL,	NULL,	NULL,	NULL),
(405,	'staff_staff_deatils',	'SHA',	'admin|add|edit|delete',	NULL,	NULL,	NULL,	NULL),
(406,	'staff_staff_info',	'SHA',	'admin|add|edit|delete',	NULL,	NULL,	NULL,	NULL),
(407,	'staff_staff_education',	'SHA',	'admin|add|edit|delete',	NULL,	NULL,	NULL,	NULL),
(408,	'staff_staff_skills',	'SHA',	'admin|add|edit|delete',	NULL,	NULL,	NULL,	NULL),
(409,	'staff_staff_subjects',	'SHA',	'admin|add|edit|delete',	NULL,	NULL,	NULL,	NULL),
(410,	'staff_shift',	'SHA',	'admin|add|edit|delete',	NULL,	NULL,	NULL,	NULL),
(411,	'staff_staff_attendance',	'SHA',	'admin|add|edit|delete',	NULL,	NULL,	NULL,	NULL),
(412,	'staff_staff_attendance_details',	'SHA',	'admin|add|edit|delete',	NULL,	NULL,	NULL,	NULL),
(413,	'student_update_info',	'SHA',	'admin|add|edit|view|delete',	NULL,	NULL,	NULL,	NULL),
(414,	'lm_leave_status',	'SHA',	'admin|add|edit|view|delete',	NULL,	NULL,	NULL,	NULL),
(415,	'lm_leave_request',	'SHA',	'admin|add|edit|view|delete',	NULL,	NULL,	NULL,	NULL);

DROP TABLE IF EXISTS `core_action_type`;
CREATE TABLE `core_action_type` (
  `id` int(11) NOT NULL AUTO_INCREMENT COMMENT 'Action Type Id',
  `name` varchar(255) DEFAULT NULL COMMENT 'Name',
  `short_code` varchar(255) NOT NULL COMMENT 'Short Code',
  `createdby` int(11) DEFAULT NULL COMMENT 'Created User Id',
  `createdat` datetime DEFAULT NULL COMMENT 'Created Datetime',
  `updatedby` int(11) DEFAULT NULL COMMENT 'Updated User Id',
  `updatedat` datetime DEFAULT NULL COMMENT 'Updated Datetime',
  PRIMARY KEY (`short_code`),
  UNIQUE KEY `id` (`id`)
) ENGINE=InnoDB DEFAULT CHARSET=utf8 COMMENT='Action Type';

INSERT INTO `core_action_type` (`id`, `name`, `short_code`, `createdby`, `createdat`, `updatedby`, `updatedat`) VALUES
(2,	'Button',	'BT',	NULL,	'2017-05-01 15:22:54',	NULL,	'2017-05-01 15:22:54'),
(1,	'Individual',	'IN',	NULL,	'2017-05-01 15:22:54',	NULL,	'2017-05-01 15:22:54'),
(4,	'MRA',	'MRA',	NULL,	'2017-05-01 15:22:54',	NULL,	'2017-05-01 15:22:54'),
(3,	'Single',	'SN',	NULL,	'2017-05-01 15:22:54',	NULL,	'2017-05-01 15:22:54');

DROP TABLE IF EXISTS `core_address_type`;
CREATE TABLE `core_address_type` (
  `id` int(11) NOT NULL AUTO_INCREMENT COMMENT 'Address Type Id',
  `name` varchar(255) DEFAULT NULL COMMENT 'User Name',
  `short_code` varchar(50) NOT NULL COMMENT 'Short Code',
  `createdby` int(11) DEFAULT NULL COMMENT 'Created Id',
  `createdat` datetime DEFAULT NULL COMMENT 'Created Datetime',
  `updatedby` int(11) DEFAULT NULL COMMENT 'Updated Id',
  `updatedat` datetime DEFAULT NULL COMMENT 'Updated Datetime',
  PRIMARY KEY (`short_code`),
  UNIQUE KEY `id` (`id`)
) ENGINE=InnoDB DEFAULT CHARSET=utf8 COMMENT='Address Type';


DROP TABLE IF EXISTS `core_adminthemesettings`;
CREATE TABLE `core_adminthemesettings` (
  `id` int(11) NOT NULL AUTO_INCREMENT COMMENT 'Admin Theme Setting Id',
  `loading_image` text COMMENT 'Load Image Url',
  `sidemunebgcolor` varchar(255) DEFAULT NULL COMMENT 'Menu Background Color',
  `sidemenucolor` varchar(255) DEFAULT NULL COMMENT 'Menu Color',
  `menuitembgcolor` varchar(255) DEFAULT NULL COMMENT 'Menu Item Background Color',
  `menuitemcolor` varchar(255) DEFAULT NULL COMMENT 'Menu Item Color',
  `totalbgcolor` varchar(255) DEFAULT NULL COMMENT 'Total Background Color',
  `active_status` tinyint(1) DEFAULT NULL COMMENT 'Is Active',
  `createdby` int(11) DEFAULT NULL COMMENT 'Created User Id',
  `createdat` datetime DEFAULT NULL COMMENT 'Created Datetime',
  `updatedby` int(11) DEFAULT NULL COMMENT 'Updated User Id',
  `updatedat` datetime DEFAULT NULL COMMENT 'Updated Datetime',
  PRIMARY KEY (`id`)
) ENGINE=InnoDB DEFAULT CHARSET=utf8 COMMENT='Admin Theme Settings';


DROP TABLE IF EXISTS `core_aggregate_function`;
CREATE TABLE `core_aggregate_function` (
  `id` int(11) NOT NULL AUTO_INCREMENT COMMENT 'Aggregate Function Id',
  `name` varchar(255) DEFAULT NULL COMMENT 'Name',
  `short_code` varchar(255) NOT NULL COMMENT 'Short Code',
  `createdby` int(11) DEFAULT NULL COMMENT 'Created User Id',
  `createdat` datetime DEFAULT NULL COMMENT 'Created Datetime',
  `updatedby` int(11) DEFAULT NULL COMMENT 'Updated User Id',
  `updatedat` datetime DEFAULT NULL COMMENT 'Updated Datetime',
  PRIMARY KEY (`short_code`),
  UNIQUE KEY `id` (`id`)
) ENGINE=InnoDB DEFAULT CHARSET=utf8 COMMENT='Aggregate Function ';


DROP TABLE IF EXISTS `core_app_settings`;
CREATE TABLE `core_app_settings` (
  `id` int(11) NOT NULL AUTO_INCREMENT COMMENT 'App Settings Id',
  `core_user_id` int(11) DEFAULT NULL COMMENT 'User Id',
  `app_key` varchar(255) DEFAULT NULL COMMENT 'App Key',
  `app_password` varchar(255) DEFAULT NULL COMMENT 'App Password',
  `active_status` tinyint(1) DEFAULT NULL COMMENT 'Is Active',
  `createdby` int(11) DEFAULT NULL COMMENT 'Created User Id',
  `createdat` datetime DEFAULT NULL COMMENT 'Created Datetime',
  `updatedby` int(11) DEFAULT NULL COMMENT 'Updated User Id',
  `updatedat` datetime DEFAULT NULL COMMENT 'Updated Datetime',
  PRIMARY KEY (`id`),
  UNIQUE KEY `id` (`id`)
) ENGINE=InnoDB DEFAULT CHARSET=utf8 COMMENT='App Settings';

INSERT INTO `core_app_settings` (`id`, `core_user_id`, `app_key`, `app_password`, `active_status`, `createdby`, `createdat`, `updatedby`, `updatedat`) VALUES
(1,	1,	'Ramesh',	'Ramesh',	1,	NULL,	'2017-05-01 18:53:00',	NULL,	'2017-05-01 18:53:00');

DROP TABLE IF EXISTS `core_archive_data`;
CREATE TABLE `core_archive_data` (
  `id` int(11) NOT NULL AUTO_INCREMENT COMMENT 'Archive Id',
  `node` int(11) DEFAULT NULL COMMENT 'Node Name',
  `table_name` varchar(255) DEFAULT NULL COMMENT 'Table Name',
  `primkey` varchar(255) DEFAULT NULL COMMENT 'Primary Key',
  `primkeyvalue` varchar(255) DEFAULT NULL COMMENT 'Primary Value',
  `rowdata` longtext COMMENT 'Record Data',
  `userip` varchar(255) DEFAULT NULL COMMENT 'User Ip',
  `createdby` int(11) DEFAULT NULL COMMENT 'Created User Id',
  `createdat` datetime DEFAULT NULL COMMENT 'Created Datetime',
  `updatedby` int(11) DEFAULT NULL COMMENT 'Updated User Id',
  `updatedat` datetime DEFAULT NULL COMMENT 'Updated Datetime',
  PRIMARY KEY (`id`),
  UNIQUE KEY `id` (`id`)
) ENGINE=InnoDB DEFAULT CHARSET=utf8 COMMENT='Archive Data';

INSERT INTO `core_archive_data` (`id`, `node`, `table_name`, `primkey`, `primkeyvalue`, `rowdata`, `userip`, `createdby`, `createdat`, `updatedby`, `updatedat`) VALUES
(1,	0,	'fee_list_feetype',	'short_code',	'TF',	'{\"id\":\"1\",\"name\":\"Tuition Fee\",\"short_code\":\"TF\",\"fee_list_feegroup_id\":\"TA\",\"active_status\":\"1\",\"createdby\":null,\"createdat\":\"2017-05-01 16:00:28\",\"updatedby\":null,\"updatedat\":\"2017-05-01 16:00:28\"}',	NULL,	NULL,	'2017-05-01 16:00:43',	NULL,	'2017-05-01 16:00:43'),
(2,	0,	'student_admission',	'id',	'1',	'{\"id\":\"1\",\"admission_no\":\"0\",\"roll_no\":\"01\",\"cur_list_academicyear_id\":\"2017\",\"list_branch_id\":\"1\",\"student_quota_id\":\"GEN\",\"cur_list_orientation_id\":null,\"cur_branch_orientation_id\":\"2\",\"cur_list_class_id\":null,\"cur_branch_class_id\":\"1\",\"cur_branch_class_section_id\":\"1\",\"student_status_id\":\"New\",\"admission_date\":\"2017-05-01\",\"first_name\":\"siva\",\"last_name\":\"kumar\",\"name\":\"siva kumar\",\"dob\":\"1990-03-11\",\"image\":\"|||||\",\"father_name\":\"Raja Gopal Reddy\",\"mother_name\":\"\",\"primary_phno\":\"9030745148\",\"email_id\":\"kumarharsha44@gmail.com\",\"password\":\"123456\",\"core_country_id\":\"IND\",\"core_list_state_id\":\"1\",\"core_list_city_id\":\"1\",\"present_address\":\"3-6-190\\/1, hyderguda, hyderabad\",\"postalcode\":\"500029\",\"createdby\":null,\"createdat\":\"2017-05-01 16:27:35\",\"updatedby\":null,\"updatedat\":\"2017-05-01 16:27:35\"}',	NULL,	NULL,	'2017-05-01 16:46:50',	NULL,	'2017-05-01 16:46:50'),
(3,	0,	'lib_issued_for',	'id',	'3',	'{\"id\":\"3\",\"name\":\"Library\",\"short_code\":\"LIB\",\"createdby\":null,\"createdat\":\"2017-05-04 10:43:57\",\"updatedby\":null,\"updatedat\":\"2017-05-04 10:43:57\"}',	NULL,	NULL,	'2017-05-04 10:48:42',	NULL,	'2017-05-04 10:48:42'),
(4,	0,	'student_admission',	'id',	'14',	'{\"id\":\"14\",\"admission_no\":\"ST0036\",\"roll_no\":\"0035\",\"cur_list_academicyear_id\":\"2017\",\"list_branch_id\":\"1\",\"student_quota_id\":\"GEN\",\"cur_list_orientation_id\":null,\"cur_branch_orientation_id\":\"2\",\"cur_list_class_id\":null,\"cur_branch_class_id\":\"1\",\"cur_branch_class_section_id\":\"1\",\"student_status_id\":\"NW\",\"admission_date\":\"2017-05-03\",\"first_name\":\"Vijay\",\"last_name\":\"Kumar\",\"name\":\"Vijay Kumar\",\"dob\":\"2017-05-05\",\"image\":\"|||||\",\"father_name\":\"\",\"mother_name\":\"\",\"primary_phno\":\"0\",\"email_id\":\"\",\"password\":\"\",\"core_country_id\":\"IND\",\"core_list_state_id\":\"1\",\"core_list_city_id\":\"1\",\"present_address\":\"\",\"postalcode\":\"\",\"createdby\":null,\"createdat\":\"2017-05-04 11:52:32\",\"updatedby\":null,\"updatedat\":\"2017-05-04 11:52:32\"}',	NULL,	NULL,	'2017-05-04 11:53:48',	NULL,	'2017-05-04 11:53:48'),
(5,	0,	'core_node_relations',	'id',	'302',	'{\"id\":\"302\",\"core_node_settings_id\":\"lib_book_assignment\",\"core_node_colname\":\"student\",\"core_relation_type_id\":\"MTO\",\"core_node_parent\":\"student_admission\",\"dependee_fields\":\"\",\"sort_value\":\"1\",\"createdat\":\"2017-05-04 12:56:27\",\"updatedat\":\"2017-05-04 12:56:27\"}',	NULL,	NULL,	'2017-05-04 12:56:47',	NULL,	'2017-05-04 12:56:47'),
(6,	0,	'core_node_relations',	'id',	'301',	'{\"id\":\"301\",\"core_node_settings_id\":\"lib_book_assignment\",\"core_node_colname\":\"book_issued_person_id\",\"core_relation_type_id\":\"MTO\",\"core_node_parent\":\"staff_staff_deatils\",\"dependee_fields\":\"lib_issued_for_id\",\"sort_value\":\"5\",\"createdat\":\"2017-05-04 12:55:28\",\"updatedat\":\"2017-05-04 12:55:28\"}',	NULL,	NULL,	'2017-05-04 12:56:48',	NULL,	'2017-05-04 12:56:48'),
(7,	0,	'acd_examination_marks',	'id',	'2',	'{\"id\":\"2\",\"cur_list_academicyear_id\":\"2017\",\"list_branch_id\":\"1\",\"cur_branch_orientation_id\":\"2\",\"cur_branch_class_id\":\"1\",\"cur_branch_class_section_id\":\"1\",\"acd_modeofexam_id\":\"OBJ\",\"acd_examination_schedule_id\":\"2\",\"acd_exam_name_id\":\"2\",\"is_final\":\"0\",\"is_grade\":null,\"createdby\":null,\"createdat\":\"2017-05-01 17:53:09\",\"updatedby\":null,\"updatedat\":\"2017-05-08 11:12:28\"}',	NULL,	NULL,	'2017-05-08 11:13:01',	NULL,	'2017-05-08 11:13:01'),
(8,	0,	'acd_student_attendance_details',	'id',	'2',	'{\"id\":\"2\",\"acd_student_attendance_id\":\"2\",\"cur_list_academicyear_id\":\"2017\",\"list_branch_id\":\"1\",\"cur_branch_orientation_id\":\"2\",\"cur_branch_class_id\":\"1\",\"cur_branch_class_section_id\":\"1\",\"student_admission_id\":\"13\",\"admission_no\":\"\",\"name\":\"\",\"cur_list_attendancefrequency_id\":\"1\",\"core_attendance_status_id\":\"Present\",\"createdby\":null,\"createdat\":\"2017-05-05 11:05:53\",\"updatedby\":null,\"updatedat\":\"2017-05-05 11:05:53\"}',	NULL,	NULL,	'2017-05-08 14:42:22',	NULL,	'2017-05-08 14:42:22'),
(9,	0,	'acd_student_attendance_details',	'id',	'1',	'{\"id\":\"1\",\"acd_student_attendance_id\":\"1\",\"cur_list_academicyear_id\":\"2017\",\"list_branch_id\":\"1\",\"cur_branch_orientation_id\":\"2\",\"cur_branch_class_id\":\"1\",\"cur_branch_class_section_id\":\"1\",\"student_admission_id\":\"12\",\"admission_no\":\"\",\"name\":\"\",\"cur_list_attendancefrequency_id\":\"1\",\"core_attendance_status_id\":\"Present\",\"createdby\":null,\"createdat\":\"2017-05-05 11:05:24\",\"updatedby\":null,\"updatedat\":\"2017-05-05 11:05:24\"}',	NULL,	NULL,	'2017-05-08 14:42:23',	NULL,	'2017-05-08 14:42:23'),
(10,	0,	'acd_student_attendance',	'id',	'5',	'{\"id\":\"5\",\"cur_list_academicyear_id\":\"\",\"list_branch_id\":\"0\",\"cur_branch_orientation_id\":\"0\",\"cur_branch_class_id\":\"0\",\"cur_branch_class_section_id\":\"0\",\"date\":\"0000-00-00\",\"is_final\":\"0\",\"createdby\":null,\"createdat\":\"2017-05-08 14:50:18\",\"updatedby\":null,\"updatedat\":\"2017-05-08 14:50:18\"}',	NULL,	NULL,	'2017-05-08 14:50:24',	NULL,	'2017-05-08 14:50:24'),
(11,	0,	'acd_student_attendance',	'id',	'6',	'{\"id\":\"6\",\"cur_list_academicyear_id\":\"\",\"list_branch_id\":\"0\",\"cur_branch_orientation_id\":\"0\",\"cur_branch_class_id\":\"0\",\"cur_branch_class_section_id\":\"0\",\"date\":\"0000-00-00\",\"is_final\":\"0\",\"createdby\":null,\"createdat\":\"2017-05-08 14:54:25\",\"updatedby\":null,\"updatedat\":\"2017-05-08 14:54:25\"}',	NULL,	NULL,	'2017-05-08 14:54:29',	NULL,	'2017-05-08 14:54:29'),
(12,	0,	'acd_student_attendance',	'id',	'8',	'{\"id\":\"8\",\"cur_list_academicyear_id\":\"\",\"list_branch_id\":\"0\",\"cur_branch_orientation_id\":\"0\",\"cur_branch_class_id\":\"0\",\"cur_branch_class_section_id\":\"0\",\"date\":\"0000-00-00\",\"is_final\":\"0\",\"createdby\":null,\"createdat\":\"2017-05-08 14:56:07\",\"updatedby\":null,\"updatedat\":\"2017-05-08 14:56:07\"}',	NULL,	NULL,	'2017-05-08 14:56:18',	NULL,	'2017-05-08 14:56:18'),
(13,	0,	'acd_student_attendance',	'id',	'7',	'{\"id\":\"7\",\"cur_list_academicyear_id\":\"\",\"list_branch_id\":\"0\",\"cur_branch_orientation_id\":\"0\",\"cur_branch_class_id\":\"0\",\"cur_branch_class_section_id\":\"0\",\"date\":\"0000-00-00\",\"is_final\":\"0\",\"createdby\":null,\"createdat\":\"2017-05-08 14:56:02\",\"updatedby\":null,\"updatedat\":\"2017-05-08 14:56:02\"}',	NULL,	NULL,	'2017-05-08 14:56:18',	NULL,	'2017-05-08 14:56:18'),
(14,	0,	'acd_student_attendance',	'id',	'9',	'{\"id\":\"9\",\"cur_list_academicyear_id\":\"\",\"list_branch_id\":\"0\",\"cur_branch_orientation_id\":\"0\",\"cur_branch_class_id\":\"0\",\"cur_branch_class_section_id\":\"0\",\"date\":\"0000-00-00\",\"is_final\":\"0\",\"createdby\":null,\"createdat\":\"2017-05-08 14:57:39\",\"updatedby\":null,\"updatedat\":\"2017-05-08 14:57:39\"}',	NULL,	NULL,	'2017-05-08 14:57:47',	NULL,	'2017-05-08 14:57:47'),
(15,	0,	'acd_student_attendance',	'id',	'10',	'{\"id\":\"10\",\"cur_list_academicyear_id\":\"\",\"list_branch_id\":\"0\",\"cur_branch_orientation_id\":\"0\",\"cur_branch_class_id\":\"0\",\"cur_branch_class_section_id\":\"0\",\"date\":\"0000-00-00\",\"is_final\":\"0\",\"createdby\":null,\"createdat\":\"2017-05-08 14:58:15\",\"updatedby\":null,\"updatedat\":\"2017-05-08 15:00:27\"}',	NULL,	NULL,	'2017-05-08 15:00:34',	NULL,	'2017-05-08 15:00:34'),
(16,	0,	'acd_student_attendance',	'id',	'15',	'{\"id\":\"15\",\"cur_list_academicyear_id\":\"2017\",\"list_branch_id\":\"1\",\"cur_branch_orientation_id\":\"2\",\"cur_branch_class_id\":\"1\",\"cur_branch_class_section_id\":\"1\",\"date\":\"2017-05-08\",\"is_final\":\"1\",\"createdby\":null,\"createdat\":\"2017-05-08 15:21:26\",\"updatedby\":null,\"updatedat\":\"2017-05-08 15:21:26\"}',	NULL,	NULL,	'2017-05-08 15:21:42',	NULL,	'2017-05-08 15:21:42'),
(17,	0,	'acd_student_attendance',	'id',	'14',	'{\"id\":\"14\",\"cur_list_academicyear_id\":\"2017\",\"list_branch_id\":\"1\",\"cur_branch_orientation_id\":\"2\",\"cur_branch_class_id\":\"1\",\"cur_branch_class_section_id\":\"1\",\"date\":\"2017-05-08\",\"is_final\":\"1\",\"createdby\":null,\"createdat\":\"2017-05-08 15:20:16\",\"updatedby\":null,\"updatedat\":\"2017-05-08 15:20:16\"}',	NULL,	NULL,	'2017-05-08 15:21:42',	NULL,	'2017-05-08 15:21:42'),
(18,	0,	'acd_student_attendance',	'id',	'13',	'{\"id\":\"13\",\"cur_list_academicyear_id\":\"2017\",\"list_branch_id\":\"1\",\"cur_branch_orientation_id\":\"2\",\"cur_branch_class_id\":\"1\",\"cur_branch_class_section_id\":\"1\",\"date\":\"2017-05-08\",\"is_final\":\"1\",\"createdby\":null,\"createdat\":\"2017-05-08 15:09:30\",\"updatedby\":null,\"updatedat\":\"2017-05-08 15:09:30\"}',	NULL,	NULL,	'2017-05-08 15:21:42',	NULL,	'2017-05-08 15:21:42'),
(19,	0,	'acd_student_attendance',	'id',	'12',	'{\"id\":\"12\",\"cur_list_academicyear_id\":\"2017\",\"list_branch_id\":\"1\",\"cur_branch_orientation_id\":\"2\",\"cur_branch_class_id\":\"1\",\"cur_branch_class_section_id\":\"1\",\"date\":\"2017-05-08\",\"is_final\":\"1\",\"createdby\":null,\"createdat\":\"2017-05-08 15:01:54\",\"updatedby\":null,\"updatedat\":\"2017-05-08 15:01:54\"}',	NULL,	NULL,	'2017-05-08 15:21:43',	NULL,	'2017-05-08 15:21:43'),
(20,	0,	'acd_student_attendance',	'id',	'11',	'{\"id\":\"11\",\"cur_list_academicyear_id\":\"2017\",\"list_branch_id\":\"1\",\"cur_branch_orientation_id\":\"2\",\"cur_branch_class_id\":\"1\",\"cur_branch_class_section_id\":\"1\",\"date\":\"2017-05-08\",\"is_final\":\"1\",\"createdby\":null,\"createdat\":\"2017-05-08 15:01:37\",\"updatedby\":null,\"updatedat\":\"2017-05-08 15:01:37\"}',	NULL,	NULL,	'2017-05-08 15:21:43',	NULL,	'2017-05-08 15:21:43'),
(21,	0,	'acd_student_attendance',	'id',	'18',	'{\"id\":\"18\",\"cur_list_academicyear_id\":\"2017\",\"list_branch_id\":\"1\",\"cur_branch_orientation_id\":\"2\",\"cur_branch_class_id\":\"1\",\"cur_branch_class_section_id\":\"1\",\"date\":\"2017-05-08\",\"cur_list_attendancefrequency_id\":null,\"is_final\":\"0\",\"createdby\":null,\"createdat\":\"2017-05-08 15:25:21\",\"updatedby\":null,\"updatedat\":\"2017-05-08 15:25:21\"}',	NULL,	NULL,	'2017-05-08 15:32:29',	NULL,	'2017-05-08 15:32:29'),
(22,	0,	'acd_student_attendance',	'id',	'17',	'{\"id\":\"17\",\"cur_list_academicyear_id\":\"2017\",\"list_branch_id\":\"1\",\"cur_branch_orientation_id\":\"2\",\"cur_branch_class_id\":\"1\",\"cur_branch_class_section_id\":\"1\",\"date\":\"2017-05-08\",\"cur_list_attendancefrequency_id\":null,\"is_final\":\"0\",\"createdby\":null,\"createdat\":\"2017-05-08 15:23:56\",\"updatedby\":null,\"updatedat\":\"2017-05-08 15:23:56\"}',	NULL,	NULL,	'2017-05-08 15:32:29',	NULL,	'2017-05-08 15:32:29'),
(23,	0,	'acd_student_attendance',	'id',	'16',	'{\"id\":\"16\",\"cur_list_academicyear_id\":\"2017\",\"list_branch_id\":\"1\",\"cur_branch_orientation_id\":\"2\",\"cur_branch_class_id\":\"1\",\"cur_branch_class_section_id\":\"1\",\"date\":\"2017-05-08\",\"cur_list_attendancefrequency_id\":null,\"is_final\":\"0\",\"createdby\":null,\"createdat\":\"2017-05-08 15:22:46\",\"updatedby\":null,\"updatedat\":\"2017-05-08 15:22:46\"}',	NULL,	NULL,	'2017-05-08 15:32:30',	NULL,	'2017-05-08 15:32:30'),
(24,	0,	'acd_student_attendance',	'id',	'20',	'{\"id\":\"20\",\"cur_list_academicyear_id\":\"2017\",\"list_branch_id\":\"1\",\"cur_branch_orientation_id\":\"2\",\"cur_branch_class_id\":\"1\",\"cur_branch_class_section_id\":\"1\",\"date\":\"2017-05-08\",\"cur_list_attendancefrequency_id\":\"1\",\"is_final\":\"1\",\"createdby\":null,\"createdat\":\"2017-05-08 15:34:15\",\"updatedby\":null,\"updatedat\":\"2017-05-08 15:34:15\"}',	NULL,	NULL,	'2017-05-08 15:35:10',	NULL,	'2017-05-08 15:35:10'),
(25,	0,	'acd_student_attendance',	'id',	'19',	'{\"id\":\"19\",\"cur_list_academicyear_id\":\"2017\",\"list_branch_id\":\"1\",\"cur_branch_orientation_id\":\"2\",\"cur_branch_class_id\":\"1\",\"cur_branch_class_section_id\":\"1\",\"date\":\"2017-05-08\",\"cur_list_attendancefrequency_id\":\"1\",\"is_final\":\"1\",\"createdby\":null,\"createdat\":\"2017-05-08 15:32:58\",\"updatedby\":null,\"updatedat\":\"2017-05-08 15:32:58\"}',	NULL,	NULL,	'2017-05-08 15:35:11',	NULL,	'2017-05-08 15:35:11'),
(26,	0,	'acd_student_attendance',	'id',	'23',	'{\"id\":\"23\",\"cur_list_academicyear_id\":\"2017\",\"list_branch_id\":\"1\",\"cur_branch_orientation_id\":\"2\",\"cur_branch_class_id\":\"1\",\"cur_branch_class_section_id\":\"1\",\"date\":\"0000-00-00\",\"cur_list_attendancefrequency_id\":\"2\",\"is_final\":\"0\",\"createdby\":null,\"createdat\":\"2017-05-08 15:36:09\",\"updatedby\":null,\"updatedat\":\"2017-05-08 15:39:09\"}',	NULL,	NULL,	'2017-05-08 15:39:25',	NULL,	'2017-05-08 15:39:25'),
(27,	0,	'acd_student_attendance',	'id',	'22',	'{\"id\":\"22\",\"cur_list_academicyear_id\":\"2017\",\"list_branch_id\":\"1\",\"cur_branch_orientation_id\":\"2\",\"cur_branch_class_id\":\"1\",\"cur_branch_class_section_id\":\"1\",\"date\":\"0000-00-00\",\"cur_list_attendancefrequency_id\":\"2\",\"is_final\":\"0\",\"createdby\":null,\"createdat\":\"2017-05-08 15:35:43\",\"updatedby\":null,\"updatedat\":\"2017-05-08 15:35:43\"}',	NULL,	NULL,	'2017-05-08 15:39:26',	NULL,	'2017-05-08 15:39:26'),
(28,	0,	'acd_student_attendance',	'id',	'21',	'{\"id\":\"21\",\"cur_list_academicyear_id\":\"2017\",\"list_branch_id\":\"1\",\"cur_branch_orientation_id\":\"2\",\"cur_branch_class_id\":\"1\",\"cur_branch_class_section_id\":\"1\",\"date\":\"0000-00-00\",\"cur_list_attendancefrequency_id\":\"2\",\"is_final\":\"0\",\"createdby\":null,\"createdat\":\"2017-05-08 15:35:26\",\"updatedby\":null,\"updatedat\":\"2017-05-08 15:35:26\"}',	NULL,	NULL,	'2017-05-08 15:39:26',	NULL,	'2017-05-08 15:39:26'),
(29,	0,	'acd_student_attendance_details',	'id',	'8',	'{\"id\":\"8\",\"acd_student_attendance_id\":\"27\",\"cur_list_academicyear_id\":\"2017\",\"list_branch_id\":\"1\",\"cur_branch_orientation_id\":\"2\",\"cur_branch_class_id\":\"1\",\"cur_branch_class_section_id\":\"1\",\"student_admission_id\":\"15\",\"admission_no\":\"ST0037\",\"name\":\"Vijay Kumar\",\"cur_list_attendancefrequency_id\":\"1\",\"core_attendance_status_id\":\"Present\",\"createdby\":null,\"createdat\":\"2017-05-08 15:42:55\",\"updatedby\":null,\"updatedat\":\"2017-05-08 15:42:55\"}',	NULL,	NULL,	'2017-05-08 15:43:15',	NULL,	'2017-05-08 15:43:15'),
(30,	0,	'acd_student_attendance_details',	'id',	'7',	'{\"id\":\"7\",\"acd_student_attendance_id\":\"27\",\"cur_list_academicyear_id\":\"2017\",\"list_branch_id\":\"1\",\"cur_branch_orientation_id\":\"2\",\"cur_branch_class_id\":\"1\",\"cur_branch_class_section_id\":\"1\",\"student_admission_id\":\"13\",\"admission_no\":\"ST0035\",\"name\":\"Ramesh Naidu\",\"cur_list_attendancefrequency_id\":\"1\",\"core_attendance_status_id\":\"Present\",\"createdby\":null,\"createdat\":\"2017-05-08 15:42:54\",\"updatedby\":null,\"updatedat\":\"2017-05-08 15:42:54\"}',	NULL,	NULL,	'2017-05-08 15:43:16',	NULL,	'2017-05-08 15:43:16'),
(31,	0,	'acd_student_attendance_details',	'id',	'6',	'{\"id\":\"6\",\"acd_student_attendance_id\":\"27\",\"cur_list_academicyear_id\":\"2017\",\"list_branch_id\":\"1\",\"cur_branch_orientation_id\":\"2\",\"cur_branch_class_id\":\"1\",\"cur_branch_class_section_id\":\"1\",\"student_admission_id\":\"12\",\"admission_no\":\"ST0034\",\"name\":\"Siva Kumar\",\"cur_list_attendancefrequency_id\":\"1\",\"core_attendance_status_id\":\"Present\",\"createdby\":null,\"createdat\":\"2017-05-08 15:42:54\",\"updatedby\":null,\"updatedat\":\"2017-05-08 15:42:54\"}',	NULL,	NULL,	'2017-05-08 15:43:16',	NULL,	'2017-05-08 15:43:16'),
(32,	0,	'acd_student_attendance_details',	'id',	'5',	'{\"id\":\"5\",\"acd_student_attendance_id\":\"23\",\"cur_list_academicyear_id\":\"2017\",\"list_branch_id\":\"1\",\"cur_branch_orientation_id\":\"2\",\"cur_branch_class_id\":\"1\",\"cur_branch_class_section_id\":null,\"student_admission_id\":\"1\",\"admission_no\":\"ST0037\",\"name\":\"Vijay Kumar\",\"cur_list_attendancefrequency_id\":\"\",\"core_attendance_status_id\":\"Present\",\"createdby\":null,\"createdat\":\"2017-05-08 15:36:09\",\"updatedby\":null,\"updatedat\":\"2017-05-08 15:36:09\"}',	NULL,	NULL,	'2017-05-08 15:43:17',	NULL,	'2017-05-08 15:43:17'),
(33,	0,	'acd_student_attendance_details',	'id',	'4',	'{\"id\":\"4\",\"acd_student_attendance_id\":\"23\",\"cur_list_academicyear_id\":\"2017\",\"list_branch_id\":\"1\",\"cur_branch_orientation_id\":\"2\",\"cur_branch_class_id\":\"1\",\"cur_branch_class_section_id\":null,\"student_admission_id\":\"1\",\"admission_no\":\"ST0035\",\"name\":\"Ramesh Naidu\",\"cur_list_attendancefrequency_id\":\"\",\"core_attendance_status_id\":\"Present\",\"createdby\":null,\"createdat\":\"2017-05-08 15:36:09\",\"updatedby\":null,\"updatedat\":\"2017-05-08 15:36:09\"}',	NULL,	NULL,	'2017-05-08 15:43:17',	NULL,	'2017-05-08 15:43:17'),
(34,	0,	'acd_student_attendance_details',	'id',	'3',	'{\"id\":\"3\",\"acd_student_attendance_id\":\"23\",\"cur_list_academicyear_id\":\"2017\",\"list_branch_id\":\"1\",\"cur_branch_orientation_id\":\"2\",\"cur_branch_class_id\":\"1\",\"cur_branch_class_section_id\":null,\"student_admission_id\":\"1\",\"admission_no\":\"ST0034\",\"name\":\"Siva Kumar\",\"cur_list_attendancefrequency_id\":\"\",\"core_attendance_status_id\":\"Present\",\"createdby\":null,\"createdat\":\"2017-05-08 15:36:09\",\"updatedby\":null,\"updatedat\":\"2017-05-08 15:36:09\"}',	NULL,	NULL,	'2017-05-08 15:43:17',	NULL,	'2017-05-08 15:43:17'),
(35,	0,	'acd_student_attendance',	'id',	'27',	'{\"id\":\"27\",\"cur_list_academicyear_id\":\"2017\",\"list_branch_id\":\"1\",\"cur_branch_orientation_id\":\"2\",\"cur_branch_class_id\":\"1\",\"cur_branch_class_section_id\":\"1\",\"date\":\"0000-00-00\",\"cur_list_attendancefrequency_id\":\"1\",\"is_final\":\"1\",\"createdby\":null,\"createdat\":\"2017-05-08 15:42:54\",\"updatedby\":null,\"updatedat\":\"2017-05-08 15:42:54\"}',	NULL,	NULL,	'2017-05-08 15:43:28',	NULL,	'2017-05-08 15:43:28'),
(36,	0,	'acd_student_attendance',	'id',	'26',	'{\"id\":\"26\",\"cur_list_academicyear_id\":\"2017\",\"list_branch_id\":\"1\",\"cur_branch_orientation_id\":\"2\",\"cur_branch_class_id\":\"1\",\"cur_branch_class_section_id\":\"1\",\"date\":\"0000-00-00\",\"cur_list_attendancefrequency_id\":\"1\",\"is_final\":\"1\",\"createdby\":null,\"createdat\":\"2017-05-08 15:41:27\",\"updatedby\":null,\"updatedat\":\"2017-05-08 15:41:27\"}',	NULL,	NULL,	'2017-05-08 15:43:29',	NULL,	'2017-05-08 15:43:29'),
(37,	0,	'acd_student_attendance',	'id',	'25',	'{\"id\":\"25\",\"cur_list_academicyear_id\":\"2017\",\"list_branch_id\":\"1\",\"cur_branch_orientation_id\":\"2\",\"cur_branch_class_id\":\"1\",\"cur_branch_class_section_id\":\"2\",\"date\":\"0000-00-00\",\"cur_list_attendancefrequency_id\":\"1\",\"is_final\":\"1\",\"createdby\":null,\"createdat\":\"2017-05-08 15:40:02\",\"updatedby\":null,\"updatedat\":\"2017-05-08 15:40:02\"}',	NULL,	NULL,	'2017-05-08 15:43:30',	NULL,	'2017-05-08 15:43:30'),
(38,	0,	'acd_student_attendance',	'id',	'24',	'{\"id\":\"24\",\"cur_list_academicyear_id\":\"2017\",\"list_branch_id\":\"1\",\"cur_branch_orientation_id\":\"2\",\"cur_branch_class_id\":\"1\",\"cur_branch_class_section_id\":\"2\",\"date\":\"0000-00-00\",\"cur_list_attendancefrequency_id\":\"1\",\"is_final\":\"1\",\"createdby\":null,\"createdat\":\"2017-05-08 15:39:41\",\"updatedby\":null,\"updatedat\":\"2017-05-08 15:39:41\"}',	NULL,	NULL,	'2017-05-08 15:43:30',	NULL,	'2017-05-08 15:43:30'),
(39,	0,	'acd_examination_marks',	'id',	'4',	'{\"id\":\"4\",\"cur_list_academicyear_id\":\"2017\",\"list_branch_id\":\"1\",\"cur_branch_orientation_id\":\"2\",\"cur_branch_class_id\":\"1\",\"cur_branch_class_section_id\":\"1\",\"acd_modeofexam_id\":\"THY\",\"acd_examination_schedule_id\":\"3\",\"acd_exam_name_id\":\"3\",\"is_final\":\"1\",\"is_grade\":null,\"createdby\":null,\"createdat\":\"2017-05-15 18:05:14\",\"updatedby\":null,\"updatedat\":\"2017-05-15 18:08:47\"}',	NULL,	NULL,	'2017-05-15 18:08:56',	NULL,	'2017-05-15 18:08:56'),
(40,	0,	'core_report_template',	'short_code',	'FC',	'{\"id\":\"1\",\"name\":\"feestructureforconcession\",\"short_code\":\"FC\",\"is_progressreport\":null,\"template\":\"<table id=\\\"sample-table-2\\\" class=\\\"table table-striped table-bordered table-hover dataTable\\\">\\r\\n        <caption class=\\\"text-center\\\">Student Details<\\/caption>\\r\\n            <thead>\\r\\n                <tr role=\\\"row\\\">\\r\\n                  <th>Name <\\/th>\\r\\n                  <th>Admission No <\\/th>\\r\\n                  <th>Acadmic Year <\\/th>\\r\\n                  <th>Branch <\\/th>                \\r\\n                  <th>Course<\\/th>  \\r\\n                  <th>Class\\/Sec<\\/th>  \\r\\n                <\\/tr>              \\r\\n            <\\/thead>\\r\\n            <tbody role=\\\"alert\\\" aria-live=\\\"polite\\\" aria-relevant=\\\"all\\\">\\r\\n                <tr>\\r\\n                    <th><?php echo $this->_studentCollection[\'studentname\']; ?><\\/th>\\r\\n                    <th><?php echo $this->_studentCollection[\'admission_no\']; ?><\\/th>\\r\\n                    <th><?php echo $this->_studentCollection[\'academicyear\']; ?><\\/th>\\r\\n                    <th><?php echo $this->_studentCollection[\'branch\']; ?><\\/th>\\r\\n                    <th><?php echo $this->_studentCollection[\'course\']; ?><\\/th>\\r\\n                    <th><?php echo $this->_studentCollection[\'classname\'].\\\"\\/\\\".$this->_studentCollection[\'section\']; ?><\\/th>\\r\\n                    \\r\\n                <\\/tr>\\r\\n                <tr role=\\\"row\\\" >\\r\\n                <td colspan=\\\"3\\\">Fee Plan <\\/td>\\r\\n                <td colspan=\\\"3\\\" ><?php echo $this->_studentCollection[plan];?> <\\/td>\\r\\n              <\\/tr>\\r\\n               \\r\\n            <\\/tbody>\\r\\n    <\\/table>\\r\\n\\r\\n    <table id=\\\"sample-table-2\\\" class=\\\"table table-striped table-bordered table-hover dataTable\\\">\\r\\n        <caption class=\\\"text-center\\\">Fee Details<\\/caption>\\r\\n                <thead>\\r\\n                  <tr role=\\\"row\\\">\\r\\n                    <th>Fee Type <\\/th>\\r\\n                    <th>Term <\\/th>\\r\\n                    <th>Amount <\\/th>\\r\\n                    <th>Concession <\\/th>\\r\\n                    <th>Final Amount <\\/th>\\r\\n                    <th>Paid Amount <\\/th>\\r\\n                    <th>Fee Due <\\/th>\\r\\n                    <th>Due Date <\\/th>\\r\\n                  <\\/tr>\\r\\n                <\\/thead>\\r\\n                <tbody>\\r\\n                 <?php\\r\\n                        $total=array();\\r\\n                        if($this->_feecollection>1)\\r\\n                        {\\r\\n\\r\\n                            foreach ($this->_feecollection as $feeItem)\\r\\n                            {\\r\\n                                $total[\'amount\']+=$feeItem[\'amount\'];\\r\\n                                $total[\'concession\']+=$feeItem[\'concession\'];\\r\\n                                $total[\'finalamount\']+=$feeItem[\'finalamount\'];\\r\\n                                $total[\'paidamount\']+=$feeItem[\'paidamount\'];\\r\\n                                $total[\'balance\']+=$feeItem[\'balance\'];\\r\\n                                echo \'<tr role=\\\"row\\\">\\r\\n                                        <td>\'.$feeItem[\'feetype\'].\'<\\/td>\\r\\n                                        <td>\'.$feeItem[\'frequency\'].\'<\\/td>\\r\\n                                        <td>\'.$feeItem[\'amount\'].\'<\\/td>\\r\\n                                        <td>\'.$feeItem[\'concession\'].\'<\\/td>\\r\\n                                         <td>\'.$feeItem[\'finalamount\'].\'<\\/td>\\r\\n                                         <td>\'.$feeItem[\'paidamount\'].\'<\\/td>\\r\\n                                         <td>\'.$feeItem[\'balance\'].\'<\\/td>\\r\\n                                         <td>\'.$feeItem[\'due_date\'].\'<\\/td>\\r\\n                                      <\\/tr>\';\\r\\n                            }\\r\\n                    ?>\\r\\n                <?php \\r\\n                        }\\r\\n                  ?>\\r\\n                    <tbody>\\r\\n            <tfoot>\\r\\n               \\r\\n              <tr>\\r\\n                <td colspan=\\\"2\\\" align=\\\"center\\\" data-title=\\\"Grand Total\\\">Grand Total<\\/td>\\r\\n                <?php\\r\\n                echo \'<td>\'.$total[\'amount\'].\'<\\/td>\\r\\n                    <td>\'.$total[\'concession\'].\'<\\/td>\\r\\n                     <td>\'.$total[\'finalamount\'].\'<\\/td>\\r\\n                     <td>\'.$total[\'paidamount\'].\'<\\/td>\\r\\n                     <td>\'.$total[\'balance\'].\'<\\/td>\\r\\n                     <td><\\/td>\';\\r\\n                ?>                \\r\\n              <\\/tr>\\r\\n              \\r\\n            <\\/tfoot>\\r\\n    <\\/table>\\r\\n          <br>\\r\\n          <div id=\\\"payment_details_errors\\\" class=\\\"error_message\\\"><\\/div>\\r\\n          \\r\\n            <div id=\\\"payment_details_div\\\" name=\\\"payment_details_div\\\" class=\\\"form-horizontal\\\">\\r\\n              <div class=\\\"row\\\">\\r\\n                <section class=\\\"col-md-6\\\">\\r\\n                  <div class=\\\"control-group\\\">\\r\\n                    <label class=\\\"control-label\\\">Amount<\\/label>\\r\\n                    <div class=\\\"controls\\\">\\r\\n                      <input type=\\\"text\\\" name=\\\"amount\\\" id=\\\"amount\\\" data-placeholder=\\\"Select amount\\\" class=\\\"chosen-with-diselect  chzn-done\\\"s>\\r\\n                    <\\/div>\\r\\n                  <\\/div>\\r\\n                <\\/section>\\r\\n                <section class=\\\"col-md-6\\\">\\r\\n                  <div class=\\\"control-group\\\">\\r\\n                    <label class=\\\"control-label\\\">Concession Type <\\/label>\\r\\n                    <div class=\\\"controls\\\">\\r\\n                        <?php\\r\\n                            $ConcessionType=$this->getConcessionFypes();\\r\\n                        ?>\\r\\n                      <select data-placeholder=\\\"Select Concesssion type\\\" id=\\\"fee_concession_type\\\" name=\\\"fee_concession_type\\\" >\\r\\n                          <option value=\\\"\\\"> Select Concesssion Type <\\/option>\\r\\n                        <?php\\r\\n                            if(count($ConcessionType)>0)\\r\\n                            {\\r\\n                                foreach ($ConcessionType as $conData) \\r\\n                                {\\r\\n                                    echo \'<option value=\\\"\'.$conData[\'pid\'].\'\\\">\'.$conData[\'pds\'].\'<\\/option>\';\\r\\n                                }\\r\\n                            }\\r\\n                        ?>\\r\\n                      <\\/select>\\r\\n                    <\\/div>\\r\\n                  <\\/div>\\r\\n                <\\/section>\\r\\n              <\\/div>              \\r\\n              <div class=\\\"form-actions\\\">\\r\\n                  <button type=\\\"button\\\" class=\\\"btn btn-success\\\" id=\\\"concession_details_submit\\\" name=\\\"concession_details_submit\\\" onclick=\\\"make_concession();\\\" > Submit <\\/button>                  \\r\\n              <\\/div>\\r\\n            <\\/div>\\r\\n          \",\"createdby\":null,\"createdat\":\"2017-05-16 10:14:52\",\"updatedby\":null,\"updatedat\":\"2017-05-16 10:14:52\"}',	NULL,	NULL,	'2017-05-16 10:15:54',	NULL,	'2017-05-16 10:15:54'),
(41,	0,	'core_payment_type',	'short_code',	'CASH',	'{\"id\":\"1\",\"name\":\"Cash\",\"short_code\":\"CASH\",\"is_reference\":\"0\",\"createdby\":null,\"createdat\":\"2017-05-16 11:15:41\",\"updatedby\":null,\"updatedat\":\"2017-05-16 11:15:41\"}',	NULL,	NULL,	'2017-05-16 11:59:38',	NULL,	'2017-05-16 11:59:38'),
(42,	0,	'acd_student_attendance',	'id',	'3',	'{\"id\":\"3\",\"cur_list_academicyear_id\":\"2017\",\"list_branch_id\":\"1\",\"cur_branch_orientation_id\":\"2\",\"cur_branch_class_id\":\"1\",\"cur_branch_class_section_id\":\"1\",\"date\":\"2017-05-04\",\"cur_list_attendancefrequency_id\":\"\",\"is_final\":\"1\",\"createdby\":null,\"createdat\":\"2017-05-05 11:03:57\",\"updatedby\":null,\"updatedat\":\"2017-05-05 11:04:25\"}',	NULL,	NULL,	'2017-05-16 15:46:23',	NULL,	'2017-05-16 15:46:23'),
(43,	0,	'acd_student_attendance',	'id',	'2',	'{\"id\":\"2\",\"cur_list_academicyear_id\":\"2017\",\"list_branch_id\":\"1\",\"cur_branch_orientation_id\":\"2\",\"cur_branch_class_id\":\"1\",\"cur_branch_class_section_id\":\"1\",\"date\":\"2017-05-06\",\"cur_list_attendancefrequency_id\":\"\",\"is_final\":\"1\",\"createdby\":null,\"createdat\":\"2017-05-05 11:03:41\",\"updatedby\":null,\"updatedat\":\"2017-05-05 11:03:41\"}',	NULL,	NULL,	'2017-05-16 15:46:23',	NULL,	'2017-05-16 15:46:23'),
(44,	0,	'acd_student_attendance',	'id',	'1',	'{\"id\":\"1\",\"cur_list_academicyear_id\":\"2017\",\"list_branch_id\":\"1\",\"cur_branch_orientation_id\":\"2\",\"cur_branch_class_id\":\"1\",\"cur_branch_class_section_id\":\"1\",\"date\":\"2017-05-05\",\"cur_list_attendancefrequency_id\":\"\",\"is_final\":\"1\",\"createdby\":null,\"createdat\":\"2017-05-05 11:03:18\",\"updatedby\":null,\"updatedat\":\"2017-05-05 11:03:18\"}',	NULL,	NULL,	'2017-05-16 15:46:24',	NULL,	'2017-05-16 15:46:24'),
(45,	0,	'cur_list_orientation',	'id',	'5',	'{\"id\":\"5\",\"cur_orientation_level_id\":\"PS\",\"name\":\"UKG\",\"code\":\"UKG\",\"active_status\":\"1\",\"createdby\":null,\"createdat\":\"2017-05-17 11:04:47\",\"updatedby\":null,\"updatedat\":\"2017-05-17 11:04:47\"}',	NULL,	NULL,	'2017-05-17 11:05:26',	NULL,	'2017-05-17 11:05:26'),
(46,	0,	'cur_list_orientation',	'id',	'4',	'{\"id\":\"4\",\"cur_orientation_level_id\":\"PS\",\"name\":\"LKG\",\"code\":\"LKG\",\"active_status\":\"1\",\"createdby\":null,\"createdat\":\"2017-05-17 11:04:39\",\"updatedby\":null,\"updatedat\":\"2017-05-17 11:04:39\"}',	NULL,	NULL,	'2017-05-17 11:05:26',	NULL,	'2017-05-17 11:05:26'),
(47,	0,	'cur_list_orientation',	'id',	'3',	'{\"id\":\"3\",\"cur_orientation_level_id\":\"PS\",\"name\":\"Nursery\",\"code\":\"NUR\",\"active_status\":\"1\",\"createdby\":null,\"createdat\":\"2017-05-17 11:04:29\",\"updatedby\":null,\"updatedat\":\"2017-05-17 11:04:29\"}',	NULL,	NULL,	'2017-05-17 11:05:26',	NULL,	'2017-05-17 11:05:26'),
(48,	0,	'acd_grade_method_details',	'short_code',	'SEG',	'{\"id\":\"5\",\"acd_grade_method_id\":\"SEG\",\"acd_grade_type_id\":\"PER\",\"name\":\"Section Grade\",\"short_code\":\"SEG\",\"createdby\":null,\"createdat\":\"2017-05-17 11:46:59\",\"updatedby\":null,\"updatedat\":\"2017-05-17 11:46:59\"}',	NULL,	NULL,	'2017-05-17 11:58:02',	NULL,	'2017-05-17 11:58:02'),
(49,	0,	'acd_examination_marks',	'id',	'6',	'{\"id\":\"6\",\"cur_list_academicyear_id\":\"2017\",\"list_branch_id\":\"2\",\"cur_branch_orientation_id\":\"3\",\"cur_branch_class_id\":\"11\",\"cur_branch_class_section_id\":\"10\",\"acd_modeofexam_id\":\"OBJ\",\"acd_examination_schedule_id\":\"5\",\"acd_exam_name_id\":\"1\",\"is_final\":\"1\",\"is_grade\":null,\"createdby\":null,\"createdat\":\"2017-05-17 11:51:28\",\"updatedby\":null,\"updatedat\":\"2017-05-17 12:00:35\"}',	NULL,	NULL,	'2017-05-19 17:35:12',	NULL,	'2017-05-19 17:35:12'),
(50,	0,	'core_node_settings',	'core_registernode_id',	'finalmarks',	'{\"id\":\"149\",\"core_registernode_id\":\"finalmarks\",\"tablename\":\"acd_final_marks\",\"autokey\":\"id\",\"primkey\":\"id\",\"descriptor\":\"id\",\"mandotatory_add\":\"\",\"mandotatory_edit\":\"\",\"uniquefields\":\"\",\"hide_add\":\"\",\"hide_edit\":\"\",\"hide_view\":\"\",\"hide_admin\":\"\",\"readonly_add\":\"\",\"readonly_edit\":\"\",\"boolattributes\":\"\",\"file\":\"\",\"fck\":\"\",\"checkbox\":\"\",\"selectbox\":\"\",\"multivalues\":\"\",\"editlist\":\"\",\"numberattribute\":\"\",\"search\":\"\",\"dependee\":null,\"defaultvalues\":null,\"exactsearch\":\"\",\"total\":\"\",\"colorattributes\":\"\",\"core_node_actions_id\":\"view\",\"actionrestriction\":null,\"default_action\":\"admin\",\"default_collection\":\"1\",\"is_archive\":\"0\",\"createdby\":null,\"createdat\":\"2017-05-20 14:42:30\",\"updatedby\":null,\"updatedat\":\"2017-05-20 14:42:30\"}',	NULL,	NULL,	'2017-05-20 14:49:42',	NULL,	'2017-05-20 14:49:42'),
(51,	0,	'core_registernode',	'nodename',	'finalmarks',	'{\"id\":\"181\",\"nodefile\":\"finalmarks\",\"nodename\":\"finalmarks\",\"displayvalue\":\"Final Marks\",\"is_module\":\"0\",\"core_root_module_id\":\"academics\",\"core_module_id\":\"academics\",\"core_module_display_id\":\"academics\",\"sort_value\":\"5\",\"icon\":\"\",\"menu\":\"1\",\"is_notification\":\"0\",\"createdby\":null,\"createdat\":\"2017-05-15 17:54:12\",\"updatedby\":null,\"updatedat\":\"2017-05-15 17:54:12\"}',	NULL,	NULL,	'2017-05-20 14:50:04',	NULL,	'2017-05-20 14:50:04'),
(52,	0,	'acd_final_marks',	'id',	'3',	'{\"id\":\"3\",\"acd_overall_grade_id\":\"1\",\"acd_exam_group_id\":\"1\",\"cur_list_academicyear_id\":\"2017\",\"list_branch_id\":\"0\",\"cur_branch_orientation_id\":\"0\",\"cur_branch_class_id\":\"0\",\"cur_branch_class_section_id\":\"0\",\"admission_no\":\"\",\"name\":\"\",\"total_marks\":\"0.00\",\"total_optianed\":\"0.00\",\"percentage\":\"0.00\",\"cur_attendance_status_id\":\"PR\",\"gradepoints\":\"\",\"grade\":\"\",\"remarks\":\"\",\"section_rank\":null,\"branch_rank\":null,\"location_rank\":null,\"state_rank\":null,\"createdby\":null,\"createdat\":\"2017-05-20 15:51:49\",\"updatedby\":null,\"updatedat\":\"2017-05-20 15:51:49\"}',	NULL,	NULL,	'2017-05-20 16:21:21',	NULL,	'2017-05-20 16:21:21'),
(53,	0,	'acd_final_marks',	'id',	'2',	'{\"id\":\"2\",\"acd_overall_grade_id\":\"1\",\"acd_exam_group_id\":\"1\",\"cur_list_academicyear_id\":\"2017\",\"list_branch_id\":\"0\",\"cur_branch_orientation_id\":\"0\",\"cur_branch_class_id\":\"0\",\"cur_branch_class_section_id\":\"0\",\"admission_no\":\"\",\"name\":\"\",\"total_marks\":\"0.00\",\"total_optianed\":\"0.00\",\"percentage\":\"0.00\",\"cur_attendance_status_id\":\"PR\",\"gradepoints\":\"\",\"grade\":\"\",\"remarks\":\"\",\"section_rank\":null,\"branch_rank\":null,\"location_rank\":null,\"state_rank\":null,\"createdby\":null,\"createdat\":\"2017-05-20 15:50:38\",\"updatedby\":null,\"updatedat\":\"2017-05-20 15:50:38\"}',	NULL,	NULL,	'2017-05-20 16:21:21',	NULL,	'2017-05-20 16:21:21'),
(54,	0,	'acd_overall_grade',	'id',	'3',	'{\"id\":\"3\",\"cur_list_academicyear_id\":\"2017\",\"list_branch_id\":\"2\",\"cur_branch_orientation_id\":\"3\",\"cur_branch_class_id\":\"11\",\"acd_exam_group_id\":\"2\",\"acd_exam_name_id\":null,\"cur_list_class_id\":null,\"createdby\":null,\"createdat\":\"2017-05-17 12:27:41\",\"updatedby\":null,\"updatedat\":\"2017-05-17 12:27:41\"}',	NULL,	NULL,	'2017-05-20 17:01:47',	NULL,	'2017-05-20 17:01:47'),
(55,	0,	'acd_overall_grade',	'id',	'2',	'{\"id\":\"2\",\"cur_list_academicyear_id\":\"2017\",\"list_branch_id\":\"1\",\"cur_branch_orientation_id\":\"2\",\"cur_branch_class_id\":\"1\",\"acd_exam_group_id\":\"1\",\"acd_exam_name_id\":null,\"cur_list_class_id\":null,\"createdby\":null,\"createdat\":\"2017-05-04 18:11:11\",\"updatedby\":null,\"updatedat\":\"2017-05-04 18:11:11\"}',	NULL,	NULL,	'2017-05-20 17:01:47',	NULL,	'2017-05-20 17:01:47'),
(56,	0,	'acd_overall_grade',	'id',	'1',	'{\"id\":\"1\",\"cur_list_academicyear_id\":\"2017\",\"list_branch_id\":\"1\",\"cur_branch_orientation_id\":\"2\",\"cur_branch_class_id\":\"1\",\"acd_exam_group_id\":\"1\",\"acd_exam_name_id\":null,\"cur_list_class_id\":null,\"createdby\":null,\"createdat\":\"2017-05-04 18:05:48\",\"updatedby\":null,\"updatedat\":\"2017-05-20 16:29:45\"}',	NULL,	NULL,	'2017-05-20 17:01:48',	NULL,	'2017-05-20 17:01:48');

DROP TABLE IF EXISTS `core_attendance_status`;
CREATE TABLE `core_attendance_status` (
  `id` int(11) NOT NULL AUTO_INCREMENT COMMENT 'Id',
  `name` varchar(100) DEFAULT NULL COMMENT 'Name',
  `short_code` varchar(255) NOT NULL COMMENT 'Short Code',
  `active_status` tinyint(1) DEFAULT NULL COMMENT 'Active Status',
  `createdby` int(11) DEFAULT NULL COMMENT 'Created User Id',
  `createdat` datetime DEFAULT NULL COMMENT 'Created Datetime',
  `updatedby` int(11) DEFAULT NULL COMMENT 'Updated User Id',
  `updatedat` datetime DEFAULT NULL COMMENT 'Created Datetime',
  PRIMARY KEY (`short_code`),
  UNIQUE KEY `id` (`id`)
) ENGINE=InnoDB DEFAULT CHARSET=utf8 COMMENT='Attendance Status';

INSERT INTO `core_attendance_status` (`id`, `name`, `short_code`, `active_status`, `createdby`, `createdat`, `updatedby`, `updatedat`) VALUES
(2,	'Absent',	'Absent',	1,	NULL,	'2017-05-01 18:14:14',	NULL,	'2017-05-01 18:14:25'),
(1,	'Present',	'Present',	1,	NULL,	'2017-05-01 18:13:00',	NULL,	'2017-05-01 18:13:00');

DROP TABLE IF EXISTS `core_attribute_option`;
CREATE TABLE `core_attribute_option` (
  `id` int(11) NOT NULL AUTO_INCREMENT COMMENT 'Attributes Option Id',
  `name` varchar(255) DEFAULT NULL COMMENT 'Attribute Name',
  `attribute_code` varchar(255) NOT NULL COMMENT 'Attribute Code',
  `core_root_attributes_id` varchar(255) DEFAULT NULL COMMENT 'Input Type',
  `createdby` int(11) DEFAULT NULL COMMENT 'Created User Id',
  `createdat` datetime DEFAULT NULL COMMENT 'Created Datetime',
  `updatedby` int(11) DEFAULT NULL COMMENT 'Updated User Id',
  `updatedat` datetime DEFAULT NULL COMMENT 'Updated Datetime',
  PRIMARY KEY (`attribute_code`),
  UNIQUE KEY `id` (`id`)
) ENGINE=InnoDB DEFAULT CHARSET=utf8 COMMENT='Attributes Option Details';

INSERT INTO `core_attribute_option` (`id`, `name`, `attribute_code`, `core_root_attributes_id`, `createdby`, `createdat`, `updatedby`, `updatedat`) VALUES
(1,	'User Count',	'attribute_user_count',	'text',	NULL,	NULL,	NULL,	NULL);

DROP TABLE IF EXISTS `core_backupdetails`;
CREATE TABLE `core_backupdetails` (
  `id` int(11) NOT NULL AUTO_INCREMENT COMMENT 'User Id',
  `core_backup_type_id` varchar(255) DEFAULT NULL COMMENT 'Backup Type Id',
  `filepath` text COMMENT 'Filepath',
  `description` text COMMENT 'Description',
  `dateandtime` datetime DEFAULT NULL COMMENT 'Date And Time',
  `createdby` int(11) DEFAULT NULL COMMENT 'Created Id',
  `createdat` datetime DEFAULT NULL COMMENT 'Created Datetime',
  `updatedat` datetime DEFAULT NULL COMMENT 'Updated Datetime',
  PRIMARY KEY (`id`)
) ENGINE=InnoDB DEFAULT CHARSET=utf8 COMMENT='Back Details';

INSERT INTO `core_backupdetails` (`id`, `core_backup_type_id`, `filepath`, `description`, `dateandtime`, `createdby`, `createdat`, `updatedat`) VALUES
(1,	'UP',	'uploadData1520782561',	NULL,	'2018-03-11 21:06:02',	NULL,	'2018-03-11 21:06:02',	'2018-03-11 21:06:02'),
(2,	'UP',	'uploadData1520782698',	NULL,	'2018-03-11 21:08:18',	NULL,	'2018-03-11 21:08:18',	'2018-03-11 21:08:18'),
(3,	'UP',	'uploadData1520782706',	NULL,	'2018-03-11 21:08:26',	NULL,	'2018-03-11 21:08:26',	'2018-03-11 21:08:26'),
(4,	'CODE',	'uploadData1520782810',	NULL,	'2018-03-11 21:10:10',	NULL,	'2018-03-11 21:10:10',	'2018-03-11 21:10:10'),
(5,	'CODE',	'uploadData1520782919',	NULL,	'2018-03-11 21:11:59',	NULL,	'2018-03-11 21:11:59',	'2018-03-11 21:11:59'),
(6,	'CODE',	'uploadData1520782981',	NULL,	'2018-03-11 21:13:01',	NULL,	'2018-03-11 21:13:01',	'2018-03-11 21:13:01'),
(7,	'CODE',	'uploadData1520783017',	NULL,	'2018-03-11 21:13:37',	NULL,	'2018-03-11 21:13:37',	'2018-03-11 21:13:37'),
(8,	'CODE',	'uploadData1520783041',	NULL,	'2018-03-11 21:14:01',	NULL,	'2018-03-11 21:14:01',	'2018-03-11 21:14:01'),
(9,	'CODE',	'Code1520783078',	NULL,	'2018-03-11 21:14:38',	NULL,	'2018-03-11 21:14:38',	'2018-03-11 21:14:38'),
(10,	'CODE',	'Code_1520783111',	NULL,	'2018-03-11 21:15:12',	NULL,	'2018-03-11 21:15:12',	'2018-03-11 21:15:12'),
(11,	'CODE',	'Code_1520783173',	NULL,	'2018-03-11 21:16:13',	NULL,	'2018-03-11 21:16:13',	'2018-03-11 21:16:13'),
(12,	'CODE',	'Code_1520783185',	NULL,	'2018-03-11 21:16:25',	NULL,	'2018-03-11 21:16:25',	'2018-03-11 21:16:25'),
(13,	'CODE',	'Code_1520783266',	NULL,	'2018-03-11 21:17:46',	NULL,	'2018-03-11 21:17:46',	'2018-03-11 21:17:46'),
(14,	'CODE',	'Code_1520783422',	NULL,	'2018-03-11 21:20:22',	NULL,	'2018-03-11 21:20:22',	'2018-03-11 21:20:22'),
(15,	'CODE',	'Code_1520783470',	NULL,	'2018-03-11 21:21:10',	NULL,	'2018-03-11 21:21:10',	'2018-03-11 21:21:10'),
(16,	'CODE',	'Code_1520783480',	NULL,	'2018-03-11 21:21:20',	NULL,	'2018-03-11 21:21:20',	'2018-03-11 21:21:20'),
(17,	'CODE',	'Code_1520784309',	NULL,	'2018-03-11 21:35:09',	NULL,	'2018-03-11 21:35:09',	'2018-03-11 21:35:09'),
(18,	'CODE',	'Code_1520784331',	NULL,	'2018-03-11 21:35:32',	NULL,	'2018-03-11 21:35:32',	'2018-03-11 21:35:32'),
(19,	'CODE',	'Code_1520784436',	NULL,	'2018-03-11 21:37:16',	NULL,	'2018-03-11 21:37:16',	'2018-03-11 21:37:16'),
(20,	'CODE',	'Code_1520784491',	NULL,	'2018-03-11 21:38:11',	NULL,	'2018-03-11 21:38:11',	'2018-03-11 21:38:11'),
(21,	'CODE',	'Code_1520784506',	NULL,	'2018-03-11 21:38:27',	NULL,	'2018-03-11 21:38:27',	'2018-03-11 21:38:27'),
(22,	'CODE',	'Code_1520784537',	NULL,	'2018-03-11 21:38:57',	NULL,	'2018-03-11 21:38:58',	'2018-03-11 21:38:58'),
(23,	'CODE',	'Code_1520784595',	NULL,	'2018-03-11 21:39:55',	NULL,	'2018-03-11 21:39:55',	'2018-03-11 21:39:55'),
(24,	'CODE',	'Code_1520784613',	NULL,	'2018-03-11 21:40:13',	NULL,	'2018-03-11 21:40:13',	'2018-03-11 21:40:13'),
(25,	'CODE',	'Code_1520784658',	NULL,	'2018-03-11 21:40:58',	NULL,	'2018-03-11 21:40:58',	'2018-03-11 21:40:58'),
(26,	'CODE',	'Code_1520784775',	NULL,	'2018-03-11 21:42:55',	NULL,	'2018-03-11 21:42:55',	'2018-03-11 21:42:55'),
(27,	'CODE',	'Code_1520784814',	NULL,	'2018-03-11 21:43:34',	NULL,	'2018-03-11 21:43:34',	'2018-03-11 21:43:34'),
(28,	'',	'Code_1520785021',	NULL,	'2018-03-11 21:47:01',	NULL,	'2018-03-11 21:47:01',	'2018-03-11 21:47:01'),
(29,	'UP',	'Code_1520785029',	NULL,	'2018-03-11 21:47:09',	NULL,	'2018-03-11 21:47:09',	'2018-03-11 21:47:09'),
(30,	'',	'Code_1520785096',	NULL,	'2018-03-11 21:48:16',	NULL,	'2018-03-11 21:48:16',	'2018-03-11 21:48:16'),
(31,	'UP',	'Code_1520785104',	NULL,	'2018-03-11 21:48:24',	NULL,	'2018-03-11 21:48:24',	'2018-03-11 21:48:24'),
(32,	'',	'Code_1520785229',	NULL,	'2018-03-11 21:50:29',	NULL,	'2018-03-11 21:50:29',	'2018-03-11 21:50:29'),
(33,	'UP',	'uploads_1520785263',	NULL,	'2018-03-11 21:51:03',	NULL,	'2018-03-11 21:51:03',	'2018-03-11 21:51:03'),
(34,	'UP',	'uploads_1520785288',	NULL,	'2018-03-11 21:51:28',	NULL,	'2018-03-11 21:51:28',	'2018-03-11 21:51:28'),
(35,	'',	'Code_1520785291',	NULL,	'2018-03-11 21:51:31',	NULL,	'2018-03-11 21:51:31',	'2018-03-11 21:51:31'),
(36,	'',	'Code_1520785350',	NULL,	'2018-03-11 21:52:30',	NULL,	'2018-03-11 21:52:30',	'2018-03-11 21:52:30'),
(37,	'UP',	'uploads_1520785356',	NULL,	'2018-03-11 21:52:36',	NULL,	'2018-03-11 21:52:36',	'2018-03-11 21:52:36'),
(38,	'',	'Code_1520785431',	NULL,	'2018-03-11 21:53:51',	NULL,	'2018-03-11 21:53:51',	'2018-03-11 21:53:51'),
(39,	'UP',	'uploads_1520785443',	NULL,	'2018-03-11 21:54:04',	NULL,	'2018-03-11 21:54:04',	'2018-03-11 21:54:04');

DROP TABLE IF EXISTS `core_backup_type`;
CREATE TABLE `core_backup_type` (
  `id` int(11) NOT NULL AUTO_INCREMENT COMMENT 'User Id',
  `name` varchar(255) DEFAULT NULL COMMENT 'User Name',
  `short_code` varchar(255) NOT NULL COMMENT 'Short Code',
  `createdat` datetime DEFAULT NULL COMMENT 'Created Datetime',
  `updatedat` datetime DEFAULT NULL COMMENT 'Updated Datetime',
  PRIMARY KEY (`short_code`),
  UNIQUE KEY `id` (`id`)
) ENGINE=InnoDB DEFAULT CHARSET=utf8 COMMENT='Back Type';


DROP TABLE IF EXISTS `core_cachemanagement`;
CREATE TABLE `core_cachemanagement` (
  `id` bigint(11) NOT NULL AUTO_INCREMENT COMMENT 'Cache Id',
  `cache_type` varchar(255) DEFAULT NULL COMMENT 'Cache Type',
  `description` text COMMENT 'Description',
  `code` varchar(255) DEFAULT NULL COMMENT 'Code',
  `status` varchar(255) DEFAULT NULL COMMENT 'Status',
  `createdby` int(11) DEFAULT NULL COMMENT 'Created User Id',
  `createdat` datetime DEFAULT NULL COMMENT 'Created Datetime',
  `updatedby` int(11) DEFAULT NULL COMMENT 'Updated User Id',
  `updatedat` datetime DEFAULT NULL COMMENT 'Updated Datetime',
  PRIMARY KEY (`id`),
  UNIQUE KEY `id` (`id`)
) ENGINE=InnoDB DEFAULT CHARSET=utf8 COMMENT='Cache Management';


DROP TABLE IF EXISTS `core_cms_image_settings`;
CREATE TABLE `core_cms_image_settings` (
  `id` int(11) NOT NULL AUTO_INCREMENT COMMENT 'User Id',
  `name` varchar(255) DEFAULT NULL COMMENT 'User Name',
  `witdthvalue` decimal(17,2) DEFAULT NULL COMMENT 'Width Value',
  `heightvalue` decimal(17,2) DEFAULT NULL COMMENT 'Height Value',
  `createdby` int(11) DEFAULT NULL COMMENT 'Created Id',
  `createdat` datetime DEFAULT NULL COMMENT 'Created Datetime',
  `updatedby` int(11) DEFAULT NULL COMMENT 'Updated Id',
  `updatedat` datetime DEFAULT NULL COMMENT 'Updated Datetime',
  PRIMARY KEY (`id`)
) ENGINE=InnoDB DEFAULT CHARSET=utf8 COMMENT='CMS Image Settings';


DROP TABLE IF EXISTS `core_cms_mediatype`;
CREATE TABLE `core_cms_mediatype` (
  `id` int(11) NOT NULL AUTO_INCREMENT COMMENT 'User Id',
  `name` varchar(255) DEFAULT NULL COMMENT 'User Name',
  `short_code` varchar(255) NOT NULL COMMENT 'Short Code',
  `createdby` int(11) DEFAULT NULL COMMENT 'Created Id',
  `createdat` datetime DEFAULT NULL COMMENT 'Created Datetime',
  `updatedby` int(11) DEFAULT NULL COMMENT 'Updated Id',
  `updatedat` datetime DEFAULT NULL COMMENT 'Updated Datetime',
  PRIMARY KEY (`short_code`),
  UNIQUE KEY `id` (`id`)
) ENGINE=InnoDB DEFAULT CHARSET=utf8 COMMENT='Media Type';


DROP TABLE IF EXISTS `core_cms_themesettings`;
CREATE TABLE `core_cms_themesettings` (
  `id` int(11) NOT NULL AUTO_INCREMENT COMMENT 'User Id',
  `name` varchar(255) DEFAULT NULL COMMENT 'User Name',
  `pagebgcolor` varchar(255) DEFAULT NULL COMMENT 'Page BGColor',
  `hearderctbgcolor` varchar(255) DEFAULT NULL COMMENT 'Hearder CT Bgcolor',
  `headercolor` varchar(255) DEFAULT NULL COMMENT 'Header Color',
  `pagetitle` varchar(255) DEFAULT NULL COMMENT 'Page Title',
  `titlecolor` varchar(255) DEFAULT NULL COMMENT 'Title Color',
  `menubgcolor` varchar(255) DEFAULT NULL COMMENT 'Menu BGColor',
  `menucolor` varchar(255) DEFAULT NULL COMMENT 'Menu Color',
  `contentbgcolor` varchar(255) DEFAULT NULL COMMENT 'Content BGColor',
  `contentcolor` varchar(255) DEFAULT NULL COMMENT 'Content Color',
  `footerctbgcolor` varchar(255) DEFAULT NULL COMMENT 'Footer BGColor',
  `footercolor` varchar(255) DEFAULT NULL COMMENT 'Footer Color',
  `publish` tinyint(1) DEFAULT NULL COMMENT 'Publish',
  `createdby` int(11) DEFAULT NULL COMMENT 'Created Id',
  `createdat` datetime DEFAULT NULL COMMENT 'Created Datetime',
  `updatedby` int(11) DEFAULT NULL COMMENT 'Updated Id',
  `updatedat` datetime DEFAULT NULL COMMENT 'Updated Datetime',
  PRIMARY KEY (`id`)
) ENGINE=InnoDB DEFAULT CHARSET=utf8 COMMENT='Theme Settings';


DROP TABLE IF EXISTS `core_cms_uploadfolders`;
CREATE TABLE `core_cms_uploadfolders` (
  `id` int(11) NOT NULL AUTO_INCREMENT COMMENT 'User Id',
  `name` varchar(255) NOT NULL COMMENT 'Folder Name',
  `createdby` int(11) DEFAULT NULL COMMENT 'Created Id',
  `createdat` datetime DEFAULT NULL COMMENT 'Created Datetime',
  `updatedby` int(11) DEFAULT NULL COMMENT 'Updated Id',
  `updatedat` datetime DEFAULT NULL COMMENT 'Updated Datetime',
  PRIMARY KEY (`name`),
  UNIQUE KEY `id` (`id`)
) ENGINE=InnoDB DEFAULT CHARSET=utf8 COMMENT='Upload Folders';

INSERT INTO `core_cms_uploadfolders` (`id`, `name`, `createdby`, `createdat`, `updatedby`, `updatedat`) VALUES
(1,	'student_images',	NULL,	'2017-05-12 14:19:09',	NULL,	'2017-05-12 14:19:09'),
(2,	'teachers',	NULL,	'2017-05-12 16:28:43',	NULL,	'2017-05-12 16:28:43');

DROP TABLE IF EXISTS `core_country`;
CREATE TABLE `core_country` (
  `id` int(11) NOT NULL AUTO_INCREMENT COMMENT 'User Id',
  `name` varchar(255) DEFAULT NULL COMMENT 'User Name',
  `short_code` varchar(50) NOT NULL COMMENT 'Short Code',
  `isd_code` varchar(50) DEFAULT NULL COMMENT 'ISD Code',
  `phno_size` int(2) DEFAULT NULL COMMENT 'Pnone No',
  `createdby` int(11) DEFAULT NULL COMMENT 'Created Id',
  `createdat` datetime DEFAULT NULL COMMENT 'Created Datetime',
  `updatedby` int(11) DEFAULT NULL COMMENT 'Updated Id',
  `updatedat` datetime DEFAULT NULL COMMENT 'Updated Datetime',
  PRIMARY KEY (`short_code`),
  UNIQUE KEY `id` (`id`)
) ENGINE=InnoDB DEFAULT CHARSET=utf8 COMMENT='Country';

INSERT INTO `core_country` (`id`, `name`, `short_code`, `isd_code`, `phno_size`, `createdby`, `createdat`, `updatedby`, `updatedat`) VALUES
(1,	'India',	'IND',	'91',	10,	NULL,	'2017-05-01 15:28:13',	NULL,	'2017-05-01 15:28:13');

DROP TABLE IF EXISTS `core_cron_schedule`;
CREATE TABLE `core_cron_schedule` (
  `job_id` bigint(11) NOT NULL AUTO_INCREMENT COMMENT 'Cron Job Id',
  `job_code` varchar(255) DEFAULT NULL COMMENT 'Job Code',
  `schedule_type` varchar(255) DEFAULT NULL COMMENT 'Schedule Type',
  `start_time` datetime DEFAULT NULL COMMENT 'Start Date Time',
  `last_run_time` datetime DEFAULT NULL COMMENT 'Last run Date Time',
  `next_run_time` datetime DEFAULT NULL COMMENT 'Next run Date Time',
  `heatbet_time` datetime DEFAULT NULL COMMENT 'Heatbet Time',
  `status` varchar(255) DEFAULT NULL COMMENT 'Status',
  `modal` varchar(255) DEFAULT NULL COMMENT 'Modal Name',
  `method` varchar(255) DEFAULT NULL COMMENT 'Method Name',
  `message` text COMMENT 'Message',
  `input_parameters` text COMMENT 'Input Parameters',
  `is_active` tinyint(2) DEFAULT NULL COMMENT 'Is Active',
  `createdby` int(11) DEFAULT NULL COMMENT 'Created User Id',
  `createdat` datetime DEFAULT NULL COMMENT 'Created Datetime',
  `updatedby` int(11) DEFAULT NULL COMMENT 'Updated User Id',
  `updatedat` datetime DEFAULT NULL COMMENT 'Updated Datetime',
  PRIMARY KEY (`job_id`)
) ENGINE=InnoDB DEFAULT CHARSET=utf8 COMMENT='Cron Jobs Schedule';


DROP TABLE IF EXISTS `core_defaultvalues`;
CREATE TABLE `core_defaultvalues` (
  `id` int(11) NOT NULL AUTO_INCREMENT COMMENT 'User Id',
  `core_node_settings_id` varchar(255) DEFAULT NULL COMMENT 'Node Settings Id',
  `fieldname` varchar(255) DEFAULT NULL COMMENT 'Field Name',
  `value` varchar(255) DEFAULT NULL COMMENT 'Value',
  `createdat` datetime DEFAULT NULL COMMENT 'Created Datetime',
  `updatedat` datetime DEFAULT NULL COMMENT 'Updated Datetime',
  PRIMARY KEY (`id`)
) ENGINE=InnoDB DEFAULT CHARSET=utf8 COMMENT='Default Values';

INSERT INTO `core_defaultvalues` (`id`, `core_node_settings_id`, `fieldname`, `value`, `createdat`, `updatedat`) VALUES
(1,	'student_admission',	'student_quota_id',	'NW',	'2017-05-01 16:26:57',	'2017-05-01 16:29:42');

DROP TABLE IF EXISTS `core_element_displaytype`;
CREATE TABLE `core_element_displaytype` (
  `id` int(11) NOT NULL AUTO_INCREMENT COMMENT 'Element Display Id',
  `name` varchar(255) DEFAULT NULL COMMENT 'Name',
  `short_code` varchar(255) NOT NULL COMMENT 'Short Code',
  `createdby` int(11) DEFAULT NULL COMMENT 'Created User Id',
  `createdat` datetime DEFAULT NULL COMMENT 'Created Datetime',
  `updatedby` int(11) DEFAULT NULL COMMENT 'Updated User Id',
  `updatedat` datetime DEFAULT NULL COMMENT 'Updated Datetime',
  PRIMARY KEY (`short_code`),
  UNIQUE KEY `id` (`id`)
) ENGINE=InnoDB DEFAULT CHARSET=utf8 COMMENT='Element Display Details';

INSERT INTO `core_element_displaytype` (`id`, `name`, `short_code`, `createdby`, `createdat`, `updatedby`, `updatedat`) VALUES
(1,	'Accordion',	'ACRD',	NULL,	'2017-05-01 15:23:00',	NULL,	'2017-05-01 15:23:00'),
(2,	'Tab',	'TAB',	NULL,	'2017-05-01 15:23:00',	NULL,	'2017-05-01 15:23:00');

DROP TABLE IF EXISTS `core_email_notifications`;
CREATE TABLE `core_email_notifications` (
  `id` int(11) NOT NULL AUTO_INCREMENT COMMENT 'User Id',
  `core_registernode_id` varchar(255) DEFAULT NULL COMMENT 'Registration Node Id',
  `core_node_actions_id` varchar(255) DEFAULT NULL COMMENT 'Node Action Id',
  `subject` text COMMENT 'Subject',
  `template` longtext COMMENT 'Templete',
  `defaultemails` longtext COMMENT 'Default Emails',
  `defaulttemplate` longtext COMMENT 'Default Template',
  `colname` varchar(255) DEFAULT NULL COMMENT 'Col Name',
  `active_status` tinyint(1) DEFAULT NULL COMMENT 'Active Status',
  `createdby` int(11) DEFAULT NULL COMMENT 'Created Id',
  `createdat` datetime DEFAULT NULL COMMENT 'Created Datetime',
  `updatedby` int(11) DEFAULT NULL COMMENT 'Updated Id',
  `updatedat` datetime DEFAULT NULL COMMENT 'Updated Datetime',
  PRIMARY KEY (`id`)
) ENGINE=InnoDB DEFAULT CHARSET=utf8 COMMENT='Email Notifications';


DROP TABLE IF EXISTS `core_email_settings`;
CREATE TABLE `core_email_settings` (
  `id` int(11) NOT NULL AUTO_INCREMENT COMMENT 'User Id',
  `host_securetype` varchar(255) DEFAULT NULL COMMENT 'Host Secure Type',
  `host_port` int(11) DEFAULT NULL COMMENT 'Host Port',
  `host_name` varchar(255) DEFAULT NULL COMMENT 'Host Name',
  `host_username` varchar(255) DEFAULT NULL COMMENT 'Host Username',
  `host_password` varchar(255) DEFAULT NULL COMMENT 'Host Passward',
  `fromemail` varchar(255) DEFAULT NULL COMMENT 'Form Email',
  `fromname` varchar(255) DEFAULT NULL COMMENT 'Form Name',
  `active_status` tinyint(1) DEFAULT NULL COMMENT 'Active Status',
  `createdby` int(11) DEFAULT NULL COMMENT 'Created Id',
  `createdat` datetime DEFAULT NULL COMMENT 'Created Datetime',
  `updatedby` int(11) DEFAULT NULL COMMENT 'Updated Id',
  `updatedat` datetime DEFAULT NULL COMMENT 'Updated Datetime',
  PRIMARY KEY (`id`)
) ENGINE=InnoDB DEFAULT CHARSET=utf8 COMMENT='Email Settings';


DROP TABLE IF EXISTS `core_email_verify`;
CREATE TABLE `core_email_verify` (
  `id` bigint(11) NOT NULL AUTO_INCREMENT COMMENT ' Id',
  `type` varchar(255) DEFAULT NULL COMMENT 'type',
  `type_id` varchar(255) DEFAULT NULL COMMENT 'Type Id',
  `expdate` date DEFAULT NULL COMMENT 'Exp Date',
  `code` varchar(255) DEFAULT NULL COMMENT 'Code',
  `status` varchar(255) DEFAULT NULL COMMENT 'status',
  `createdby` bigint(11) DEFAULT NULL COMMENT 'Created Id',
  `createdat` datetime DEFAULT NULL COMMENT 'Created Datetime',
  `updatedby` bigint(11) DEFAULT NULL COMMENT 'Updated Id',
  `updatedat` datetime DEFAULT NULL COMMENT 'Updated Datetime',
  PRIMARY KEY (`id`)
) ENGINE=InnoDB DEFAULT CHARSET=utf8 COMMENT='Email Verify';


DROP TABLE IF EXISTS `core_file_types`;
CREATE TABLE `core_file_types` (
  `id` int(11) NOT NULL AUTO_INCREMENT COMMENT 'User Id',
  `name` varchar(255) DEFAULT NULL COMMENT 'User Name',
  `short_code` varchar(255) NOT NULL COMMENT 'Short Code',
  `core_cms_mediatype_id` varchar(255) DEFAULT NULL COMMENT 'Mediatype Id',
  `resize` tinyint(1) DEFAULT NULL COMMENT 'Resize',
  `createdby` int(11) DEFAULT NULL COMMENT 'Created Id',
  `createdat` datetime DEFAULT NULL COMMENT 'Created Datetime',
  `updatedby` int(11) DEFAULT NULL COMMENT 'Updated Id',
  `updatedat` datetime DEFAULT NULL COMMENT 'Updated Datetime',
  PRIMARY KEY (`short_code`),
  UNIQUE KEY `id` (`id`)
) ENGINE=InnoDB DEFAULT CHARSET=utf8 COMMENT='Media Type';


DROP TABLE IF EXISTS `core_form_layout`;
CREATE TABLE `core_form_layout` (
  `id` int(11) NOT NULL AUTO_INCREMENT COMMENT 'User Id',
  `core_form_settings_id` int(11) DEFAULT NULL COMMENT 'Form Settings Id',
  `filedname` varchar(255) DEFAULT NULL COMMENT 'Field Name',
  `sort_value` int(11) DEFAULT NULL COMMENT 'Sort Value',
  `createdat` datetime DEFAULT NULL COMMENT 'Created Datetime',
  `updatedat` datetime DEFAULT NULL COMMENT 'Updated Datetime',
  PRIMARY KEY (`id`)
) ENGINE=InnoDB DEFAULT CHARSET=utf8 COMMENT='Form Layout';

INSERT INTO `core_form_layout` (`id`, `core_form_settings_id`, `filedname`, `sort_value`, `createdat`, `updatedat`) VALUES
(1,	1,	'mandotatory_add',	1,	'2017-05-01 15:23:16',	'2017-05-01 15:23:16'),
(2,	1,	'mandotatory_edit',	2,	'2017-05-01 15:23:16',	'2017-05-01 15:23:16'),
(3,	2,	'hide_edit',	1,	'2017-05-01 15:23:16',	'2017-05-01 15:23:16'),
(4,	2,	'hide_view',	2,	'2017-05-01 15:23:16',	'2017-05-01 15:23:16'),
(5,	2,	'hide_admin',	1,	'2017-05-01 15:23:16',	'2017-05-01 15:23:16'),
(6,	3,	'file',	1,	'2017-05-01 15:23:17',	'2017-05-01 15:23:17'),
(7,	3,	'fck',	2,	'2017-05-01 15:23:17',	'2017-05-01 15:23:17'),
(8,	3,	'checkbox',	3,	'2017-05-01 15:23:17',	'2017-05-01 15:23:17'),
(9,	3,	'selectbox',	4,	'2017-05-01 15:23:17',	'2017-05-01 15:23:17'),
(10,	3,	'boolattributes',	5,	'2017-05-01 15:23:17',	'2017-05-01 15:23:17'),
(11,	3,	'colorattributes',	6,	'2017-05-01 15:23:17',	'2017-05-01 15:23:17'),
(12,	4,	'readonly_add',	1,	'2017-05-01 15:23:17',	'2017-05-01 15:23:17'),
(13,	4,	'readonly_edit',	2,	'2017-05-01 15:23:17',	'2017-05-01 15:23:17'),
(14,	5,	'search',	1,	'2017-05-01 15:23:17',	'2017-05-01 15:23:17'),
(15,	5,	'exactsearch',	1,	'2017-05-01 15:23:17',	'2017-05-01 15:23:17');

DROP TABLE IF EXISTS `core_form_settings`;
CREATE TABLE `core_form_settings` (
  `id` int(11) NOT NULL AUTO_INCREMENT COMMENT 'User Id',
  `core_node_settings_id` varchar(255) DEFAULT NULL COMMENT 'Node Settings Id',
  `core_element_displaytype_id` varchar(255) DEFAULT NULL COMMENT 'Element Display Id',
  `name` varchar(255) DEFAULT NULL COMMENT 'User Name',
  `code` varchar(255) DEFAULT NULL COMMENT 'Code',
  `parent` varchar(255) DEFAULT NULL COMMENT 'Parent',
  `parent_level` int(11) DEFAULT NULL COMMENT 'Parent Level',
  `sortorder` int(11) DEFAULT NULL COMMENT 'Sort Order',
  `createdat` datetime DEFAULT NULL COMMENT 'Create Datetime',
  `updatedat` datetime DEFAULT NULL COMMENT 'Updated Datetime',
  PRIMARY KEY (`id`)
) ENGINE=InnoDB DEFAULT CHARSET=utf8 COMMENT='Form Settings';

INSERT INTO `core_form_settings` (`id`, `core_node_settings_id`, `core_element_displaytype_id`, `name`, `code`, `parent`, `parent_level`, `sortorder`, `createdat`, `updatedat`) VALUES
(1,	'core_node_settings',	'ACRD',	'Mandatory Settings',	'mandatory_settings',	'',	1,	1,	'2017-05-01 15:23:16',	'2017-05-01 15:23:16'),
(2,	'core_node_settings',	'ACRD',	'Hide Settings',	'hide_settings',	'',	1,	2,	'2017-05-01 15:23:16',	'2017-05-01 15:23:16'),
(3,	'core_node_settings',	'ACRD',	'Input Type Settings',	'inputtype_settings',	'',	1,	3,	'2017-05-01 15:23:16',	'2017-05-01 15:23:16'),
(4,	'core_node_settings',	'ACRD',	'Readonly Settings',	'readonly_settings',	'',	1,	4,	'2017-05-01 15:23:16',	'2017-05-01 15:23:16'),
(5,	'core_node_settings',	'TAB',	'Search Settings',	'search_settings',	'',	1,	1,	'2017-05-01 15:23:16',	'2017-05-01 15:23:16');

DROP TABLE IF EXISTS `core_label_details`;
CREATE TABLE `core_label_details` (
  `id` int(11) NOT NULL AUTO_INCREMENT COMMENT 'User Id',
  `original_name` varchar(255) DEFAULT NULL COMMENT 'Original Name',
  `display_name` varchar(255) DEFAULT NULL COMMENT 'Display Name',
  `createdby` int(11) DEFAULT NULL COMMENT 'Created Id',
  `createdat` datetime DEFAULT NULL COMMENT 'Created Datetime',
  `updatedby` int(11) DEFAULT NULL COMMENT 'Updated Id',
  `updatedat` datetime DEFAULT NULL COMMENT 'Updated Datetime',
  PRIMARY KEY (`id`)
) ENGINE=InnoDB DEFAULT CHARSET=utf8 COMMENT='Label Details';


DROP TABLE IF EXISTS `core_list_city`;
CREATE TABLE `core_list_city` (
  `id` bigint(11) NOT NULL AUTO_INCREMENT COMMENT 'User Id',
  `core_country_id` varchar(50) DEFAULT NULL COMMENT 'Country Id',
  `core_list_state_id` bigint(20) DEFAULT NULL COMMENT 'State Id',
  `name` varchar(255) DEFAULT NULL COMMENT 'User Name',
  `active_status` tinyint(1) DEFAULT NULL COMMENT 'Active Status',
  `createdby` bigint(11) DEFAULT NULL COMMENT 'Created Id',
  `createdat` datetime DEFAULT NULL COMMENT 'Created Datetime',
  `updatedby` bigint(11) DEFAULT NULL COMMENT 'Updated Id',
  `updatedat` datetime DEFAULT NULL COMMENT 'Updated Datetime',
  PRIMARY KEY (`id`)
) ENGINE=InnoDB DEFAULT CHARSET=utf8 COMMENT='List city';

INSERT INTO `core_list_city` (`id`, `core_country_id`, `core_list_state_id`, `name`, `active_status`, `createdby`, `createdat`, `updatedby`, `updatedat`) VALUES
(1,	'IND',	1,	'Hyderabad',	1,	NULL,	'2017-05-01 15:28:56',	NULL,	'2017-05-01 15:28:56'),
(2,	'IND',	2,	'Vijayawada',	1,	NULL,	'2017-05-17 10:04:40',	NULL,	'2017-05-17 10:04:40');

DROP TABLE IF EXISTS `core_list_location`;
CREATE TABLE `core_list_location` (
  `id` bigint(11) NOT NULL AUTO_INCREMENT COMMENT 'User Id',
  `core_country_id` varchar(255) DEFAULT NULL COMMENT 'Country Id',
  `core_list_state_id` varchar(255) DEFAULT NULL COMMENT 'State Id',
  `core_list_city_id` varchar(255) DEFAULT NULL COMMENT 'City Id',
  `name` varchar(255) DEFAULT NULL COMMENT 'User Name',
  `code` varchar(50) DEFAULT NULL COMMENT 'Code',
  `active_status` tinyint(1) DEFAULT NULL COMMENT 'Active Status',
  `createdby` bigint(11) DEFAULT NULL COMMENT 'Created Id',
  `createdat` datetime DEFAULT NULL COMMENT 'Created Datetime',
  `updatedby` bigint(11) DEFAULT NULL COMMENT 'Updated Id',
  `updatedat` datetime DEFAULT NULL COMMENT 'Updated Datetime',
  PRIMARY KEY (`id`)
) ENGINE=InnoDB DEFAULT CHARSET=utf8 COMMENT='List Location';

INSERT INTO `core_list_location` (`id`, `core_country_id`, `core_list_state_id`, `core_list_city_id`, `name`, `code`, `active_status`, `createdby`, `createdat`, `updatedby`, `updatedat`) VALUES
(1,	'IND',	'1',	'1',	'Chandanagar',	'CHAN',	1,	NULL,	'2017-05-01 15:29:47',	NULL,	'2017-05-01 15:29:47'),
(2,	'IND',	'1',	'1',	'Yellareddyguda',	'YEG',	1,	NULL,	'2017-05-17 10:52:02',	NULL,	'2017-05-17 10:52:02'),
(3,	'IND',	'1',	'1',	'Chanda Nagar',	'CHN',	1,	NULL,	'2017-05-18 19:01:25',	NULL,	'2017-05-18 19:01:25');

DROP TABLE IF EXISTS `core_list_state`;
CREATE TABLE `core_list_state` (
  `id` bigint(11) NOT NULL AUTO_INCREMENT COMMENT 'User Id',
  `core_country_id` varchar(50) DEFAULT NULL COMMENT 'Country Id',
  `name` varchar(255) DEFAULT NULL COMMENT 'User Name',
  `code` bigint(20) DEFAULT NULL COMMENT 'Code',
  `active_status` tinyint(1) DEFAULT NULL COMMENT 'Active Status',
  `createdby` bigint(11) DEFAULT NULL COMMENT 'Created Id',
  `createdat` datetime DEFAULT NULL COMMENT 'Created Datetime',
  `updatedby` bigint(11) DEFAULT NULL COMMENT 'Updated Id',
  `updatedat` datetime DEFAULT NULL COMMENT 'Updated Datetime',
  PRIMARY KEY (`id`)
) ENGINE=InnoDB DEFAULT CHARSET=utf8 COMMENT='List State';

INSERT INTO `core_list_state` (`id`, `core_country_id`, `name`, `code`, `active_status`, `createdby`, `createdat`, `updatedby`, `updatedat`) VALUES
(1,	'IND',	'Telangana',	0,	1,	NULL,	'2017-05-01 15:28:38',	NULL,	'2017-05-01 15:28:38'),
(2,	'IND',	'Andhra Pradesh',	0,	1,	NULL,	'2017-05-17 10:04:18',	NULL,	'2017-05-17 10:04:18');

DROP TABLE IF EXISTS `core_loginhistory`;
CREATE TABLE `core_loginhistory` (
  `id` int(11) NOT NULL AUTO_INCREMENT COMMENT 'History Id',
  `core_user_id` bigint(20) DEFAULT NULL COMMENT 'User Id',
  `name` varchar(255) DEFAULT NULL COMMENT 'User Name',
  `datetime` datetime DEFAULT NULL COMMENT 'Datetime',
  `status` varchar(255) DEFAULT NULL COMMENT 'Status',
  `host` varchar(255) DEFAULT NULL COMMENT 'host',
  `sesssionid` varchar(255) DEFAULT NULL COMMENT 'Sesssion Id',
  `createdby` int(11) DEFAULT NULL COMMENT 'Created User Id',
  `createdat` datetime DEFAULT NULL COMMENT 'Created Datetime',
  `updatedby` int(11) DEFAULT NULL COMMENT 'Updated User Id',
  `updatedat` datetime DEFAULT NULL COMMENT 'Updated Datetime',
  PRIMARY KEY (`id`),
  UNIQUE KEY `id` (`id`)
) ENGINE=InnoDB DEFAULT CHARSET=utf8 COMMENT='Login History';


DROP TABLE IF EXISTS `core_node_actions`;
CREATE TABLE `core_node_actions` (
  `id` int(11) NOT NULL AUTO_INCREMENT COMMENT 'Node Action Id',
  `name` varchar(255) DEFAULT NULL COMMENT 'Name',
  `short_code` varchar(255) NOT NULL COMMENT 'Short Code',
  `is_layout` tinyint(1) DEFAULT NULL COMMENT 'Is Layout',
  `core_action_type_id` varchar(255) DEFAULT NULL COMMENT 'Action Type',
  `sort_no` int(11) DEFAULT NULL COMMENT 'Sort Value',
  `createdby` int(11) DEFAULT NULL COMMENT 'Created User Id',
  `createdat` datetime DEFAULT NULL COMMENT 'Created Datetime',
  `updatedby` int(11) DEFAULT NULL COMMENT 'Updated User Id',
  `updatedat` datetime DEFAULT NULL COMMENT 'Updated Datetime',
  PRIMARY KEY (`short_code`),
  UNIQUE KEY `id` (`id`)
) ENGINE=InnoDB DEFAULT CHARSET=utf8 COMMENT='Node Actions';

INSERT INTO `core_node_actions` (`id`, `name`, `short_code`, `is_layout`, `core_action_type_id`, `sort_no`, `createdby`, `createdat`, `updatedby`, `updatedat`) VALUES
(2,	'ADD',	'add',	1,	'SN',	2,	NULL,	'2017-05-01 15:22:55',	NULL,	'2017-05-01 15:22:55'),
(1,	'ADMIN',	'admin',	1,	'SN',	1,	NULL,	'2017-05-01 15:22:55',	NULL,	'2017-05-01 15:22:55'),
(10,	'Approved',	'APD',	0,	'IN|MRA',	9,	NULL,	'2017-05-01 15:22:56',	NULL,	'2017-05-01 15:22:56'),
(12,	'Cancel',	'CNL',	0,	'IN|MRA',	11,	NULL,	'2017-05-01 15:22:56',	NULL,	'2017-05-01 15:22:56'),
(5,	'DELETE',	'delete',	0,	'IN|MRA',	5,	NULL,	'2017-05-01 15:22:55',	NULL,	'2017-05-01 15:22:55'),
(3,	'EDIT',	'edit',	1,	'IN',	3,	NULL,	'2017-05-01 15:22:55',	NULL,	'2017-05-01 15:22:55'),
(6,	'EXPORT',	'export',	0,	'SN',	6,	NULL,	'2017-05-01 15:22:56',	NULL,	'2017-05-01 15:22:56'),
(16,	'Final',	'final',	0,	'IN|MRA',	15,	NULL,	'2017-05-01 15:22:56',	NULL,	'2017-05-08 11:01:53'),
(7,	'IMPORT',	'import',	0,	'SN',	7,	NULL,	'2017-05-01 15:22:56',	NULL,	'2017-05-01 15:22:56'),
(8,	'MRA',	'MRA',	0,	'SN',	4,	NULL,	'2017-05-01 15:22:56',	NULL,	'2017-05-01 15:22:56'),
(11,	'Pending',	'PND',	0,	'IN|MRA',	10,	NULL,	'2017-05-01 15:22:56',	NULL,	'2017-05-01 15:22:56'),
(15,	'Print',	'Print',	0,	'IN',	14,	NULL,	'2017-05-01 15:22:56',	NULL,	'2017-05-01 15:22:56'),
(13,	'Publish',	'publish',	0,	'IN|MRA',	12,	NULL,	'2017-05-01 15:22:56',	NULL,	'2017-05-08 11:02:42'),
(18,	'Shift',	'SHF',	0,	'MRA',	1,	NULL,	'2017-05-10 10:39:14',	NULL,	'2017-05-10 10:39:14'),
(17,	'UnFinal',	'unfinal',	0,	'IN|MRA',	16,	NULL,	'2017-05-01 15:22:56',	NULL,	'2017-05-08 11:02:02'),
(14,	'Un Publish',	'UnPublish',	0,	'IN|MRA',	13,	NULL,	'2017-05-01 15:22:56',	NULL,	'2017-05-01 15:22:56'),
(9,	'Verified',	'VFY',	0,	'IN|MRA',	8,	NULL,	'2017-05-01 15:22:56',	NULL,	'2017-05-01 15:22:56'),
(4,	'VIEW',	'view',	1,	'IN',	4,	NULL,	'2017-05-01 15:22:55',	NULL,	'2017-05-01 15:22:55');

DROP TABLE IF EXISTS `core_node_attributes`;
CREATE TABLE `core_node_attributes` (
  `id` int(11) NOT NULL AUTO_INCREMENT COMMENT 'User Id',
  `core_root_attributes_id` varchar(100) DEFAULT NULL COMMENT 'Root Attribute Id',
  `colname` varchar(255) DEFAULT NULL COMMENT 'Col Name',
  `createdby` int(11) DEFAULT NULL COMMENT 'Created Id',
  `createdat` datetime DEFAULT NULL COMMENT 'Created Datetime',
  `updatedby` int(11) DEFAULT NULL COMMENT 'Updated Id',
  `updatedat` datetime DEFAULT NULL COMMENT 'Updated Datetime',
  PRIMARY KEY (`id`)
) ENGINE=InnoDB DEFAULT CHARSET=utf8 COMMENT='Node Attributes';


DROP TABLE IF EXISTS `core_node_attributeset`;
CREATE TABLE `core_node_attributeset` (
  `id` int(11) NOT NULL AUTO_INCREMENT COMMENT 'Attribute Set Id',
  `core_node_settings_id` varchar(100) DEFAULT NULL COMMENT 'Node Seeting Id',
  `name` varchar(255) DEFAULT NULL COMMENT 'Name',
  `createdby` int(11) DEFAULT NULL COMMENT 'Created Id',
  `createdat` datetime DEFAULT NULL COMMENT 'Created Datetime',
  `updatedby` int(11) DEFAULT NULL COMMENT 'Updated Id',
  `updatedat` datetime DEFAULT NULL COMMENT 'Updated Datetime',
  PRIMARY KEY (`id`)
) ENGINE=InnoDB DEFAULT CHARSET=utf8 COMMENT='Node Attributes Set';


DROP TABLE IF EXISTS `core_node_attribute_option`;
CREATE TABLE `core_node_attribute_option` (
  `id` int(11) NOT NULL AUTO_INCREMENT COMMENT 'Node Attributes Option Id',
  `core_node_settings_id` varchar(255) DEFAULT NULL COMMENT 'Node Name',
  `core_attribute_name` varchar(255) DEFAULT NULL COMMENT 'Attribute Name',
  `core_attribute_option_id` varchar(255) DEFAULT NULL COMMENT 'Attribute Code',
  `core_node_attributeset_id` int(11) DEFAULT NULL COMMENT 'Attribute Set Id',
  `is_filter` tinyint(2) DEFAULT NULL COMMENT 'Is Filter',
  `is_readonly` tinyint(1) DEFAULT NULL COMMENT 'Is Readonly',
  `createdby` int(11) DEFAULT NULL COMMENT 'Created User Id',
  `createdat` datetime DEFAULT NULL COMMENT 'Created Datetime',
  `updatedby` int(11) DEFAULT NULL COMMENT 'Updated User Id',
  `updatedat` datetime DEFAULT NULL COMMENT 'Updated Datetime',
  PRIMARY KEY (`id`),
  UNIQUE KEY `id` (`id`)
) ENGINE=InnoDB DEFAULT CHARSET=utf8 COMMENT='Node Attributes Option Details';

INSERT INTO `core_node_attribute_option` (`id`, `core_node_settings_id`, `core_attribute_name`, `core_attribute_option_id`, `core_node_attributeset_id`, `is_filter`, `is_readonly`, `createdby`, `createdat`, `updatedby`, `updatedat`) VALUES
(1,	'core_profile',	'User Count',	'attribute_user_count',	NULL,	NULL,	NULL,	NULL,	NULL,	NULL,	NULL);

DROP TABLE IF EXISTS `core_node_attribute_option_list`;
CREATE TABLE `core_node_attribute_option_list` (
  `id` int(11) NOT NULL AUTO_INCREMENT COMMENT 'Node Attributes Option List Id',
  `core_node_attribute_option_id` varchar(255) DEFAULT NULL COMMENT 'Attribute OPtion Id',
  `short_code` varchar(255) DEFAULT NULL COMMENT 'Code',
  `value` varchar(255) DEFAULT NULL COMMENT 'Value',
  `is_default` tinyint(1) DEFAULT NULL COMMENT 'Is Default',
  `createdby` int(11) DEFAULT NULL COMMENT 'Created User Id',
  `createdat` datetime DEFAULT NULL COMMENT 'Created Datetime',
  `updatedby` int(11) DEFAULT NULL COMMENT 'Updated User Id',
  `updatedat` datetime DEFAULT NULL COMMENT 'Updated Datetime',
  PRIMARY KEY (`id`),
  UNIQUE KEY `id` (`id`)
) ENGINE=InnoDB DEFAULT CHARSET=utf8 COMMENT='Node Attributes Option List';


DROP TABLE IF EXISTS `core_node_attribute_option_value`;
CREATE TABLE `core_node_attribute_option_value` (
  `id` int(11) NOT NULL AUTO_INCREMENT COMMENT 'Node Attributes Option value Id',
  `core_node_settings_id` varchar(255) DEFAULT NULL COMMENT 'Node Name',
  `core_attribute_option_id` varchar(255) DEFAULT NULL COMMENT 'Attribute Code',
  `parentid` varchar(255) DEFAULT NULL COMMENT 'Parent',
  `attibute_value` text COMMENT 'Attribute Value',
  `createdby` int(11) DEFAULT NULL COMMENT 'Created User Id',
  `createdat` datetime DEFAULT NULL COMMENT 'Created Datetime',
  `updatedby` int(11) DEFAULT NULL COMMENT 'Updated User Id',
  `updatedat` datetime DEFAULT NULL COMMENT 'Updated Datetime',
  PRIMARY KEY (`id`),
  UNIQUE KEY `id` (`id`)
) ENGINE=InnoDB DEFAULT CHARSET=utf8 COMMENT='Node Attributes Option Value Details';


DROP TABLE IF EXISTS `core_node_fieldattributes`;
CREATE TABLE `core_node_fieldattributes` (
  `id` int(11) NOT NULL AUTO_INCREMENT COMMENT 'User Id',
  `core_node_settings_id` varchar(255) DEFAULT NULL COMMENT 'Node Name',
  `fieldname` longtext COMMENT 'Field Name',
  `core_root_attribute_id` varchar(255) DEFAULT NULL COMMENT 'Root Attribute Id',
  `is_encrypt` tinyint(1) DEFAULT NULL COMMENT 'Encrypt',
  `createdat` datetime DEFAULT NULL COMMENT 'Created Datetime',
  `updatedat` datetime DEFAULT NULL COMMENT 'Updated Datetime',
  PRIMARY KEY (`id`)
) ENGINE=InnoDB DEFAULT CHARSET=utf8 COMMENT='Node Field Attributes';

INSERT INTO `core_node_fieldattributes` (`id`, `core_node_settings_id`, `fieldname`, `core_root_attribute_id`, `is_encrypt`, `createdat`, `updatedat`) VALUES
(1,	'core_organization',	'alternate_phone_no',	'PHN',	0,	'2017-05-01 15:23:08',	'2017-05-01 15:23:08'),
(2,	'core_organization',	'email',	'EMD',	0,	'2017-05-01 15:23:08',	'2017-05-01 15:23:08'),
(3,	'core_organization',	'phone_no',	'PHN',	0,	'2017-05-01 15:23:08',	'2017-05-01 15:23:08'),
(4,	'core_users',	'core_user_id',	'PSD',	1,	'2017-05-01 15:23:21',	'2017-05-01 15:23:21'),
(5,	'acd_examination_schedule',	'start_date',	'date',	0,	'2017-05-01 15:23:30',	'2017-05-03 11:33:01'),
(6,	'acd_examination_schedule',	'end_date',	'date',	0,	'2017-05-01 15:23:30',	'2017-05-03 11:33:01'),
(7,	'acd_examination_schedule_details',	'exam_date',	'date',	0,	'2017-05-01 15:23:31',	'2017-05-03 11:33:01'),
(8,	'cur_list_academicyear',	'start_date',	'date',	0,	'2017-05-01 15:23:46',	'2017-05-01 15:23:46'),
(9,	'cur_list_academicyear',	'end_date',	'date',	0,	'2017-05-01 15:23:46',	'2017-05-01 15:23:46'),
(10,	'staff_staff_deatils',	'date_of_joining',	'date',	0,	'2017-05-01 15:24:11',	'2017-05-01 15:24:11'),
(11,	'student_admission',	'admission_date',	'date',	0,	'2017-05-01 15:24:21',	'2017-05-01 15:24:21'),
(12,	'student_admission',	'dob',	'date',	0,	'2017-05-01 15:24:21',	'2017-05-01 15:24:21');

DROP TABLE IF EXISTS `core_node_filetypes`;
CREATE TABLE `core_node_filetypes` (
  `id` int(11) NOT NULL AUTO_INCREMENT COMMENT 'User Id',
  `core_node_settings_id` varchar(255) DEFAULT NULL COMMENT 'Node Settings Id',
  `core_cms_uploadfolders_id` varchar(255) DEFAULT NULL COMMENT 'Upload Folders Id',
  `colmanname` varchar(255) DEFAULT NULL COMMENT 'Colman Name',
  `core_cms_image_settings_id` int(11) DEFAULT NULL COMMENT 'Image Setting Id',
  `core_file_types_id` longtext COMMENT 'File Type Code',
  `createdby` bigint(11) DEFAULT NULL COMMENT 'Created Id',
  `createdat` datetime DEFAULT NULL COMMENT 'Created Datetime',
  `updatedby` bigint(11) DEFAULT NULL COMMENT 'Updated Id',
  `updatedat` datetime DEFAULT NULL COMMENT 'Updated Datetime',
  PRIMARY KEY (`id`)
) ENGINE=InnoDB DEFAULT CHARSET=utf8 COMMENT='Node File Types';

INSERT INTO `core_node_filetypes` (`id`, `core_node_settings_id`, `core_cms_uploadfolders_id`, `colmanname`, `core_cms_image_settings_id`, `core_file_types_id`, `createdby`, `createdat`, `updatedby`, `updatedat`) VALUES
(1,	'student_admission',	'student_images',	'image',	0,	'',	NULL,	'2017-05-12 14:19:41',	NULL,	'2017-05-12 14:19:41'),
(2,	'staff_staff_deatils',	'teachers',	'image',	0,	'',	NULL,	'2017-05-17 18:01:09',	NULL,	'2017-05-17 18:01:09');

DROP TABLE IF EXISTS `core_node_history`;
CREATE TABLE `core_node_history` (
  `id` int(11) NOT NULL AUTO_INCREMENT COMMENT 'User Id',
  `node_id` varchar(255) DEFAULT NULL COMMENT 'Node Id',
  `table_name` varchar(255) DEFAULT NULL COMMENT 'Table Name',
  `pk_value` varchar(255) DEFAULT NULL COMMENT 'PK Value',
  `core_node_actions_id` varchar(255) DEFAULT NULL COMMENT 'Node Action Id',
  `datetime` datetime DEFAULT NULL COMMENT 'Date And Time',
  `core_user_id` bigint(20) DEFAULT NULL COMMENT 'User Id',
  `host_ip` varchar(255) DEFAULT NULL COMMENT 'Host Ip',
  PRIMARY KEY (`id`)
) ENGINE=InnoDB DEFAULT CHARSET=utf8 COMMENT='Node History';

INSERT INTO `core_node_history` (`id`, `node_id`, `table_name`, `pk_value`, `core_node_actions_id`, `datetime`, `core_user_id`, `host_ip`) VALUES
(1,	'core_country',	'core_country',	'IND',	'add',	'2017-05-01 15:28:13',	0,	'::1'),
(2,	'core_list_state',	'core_list_state',	'1',	'add',	'2017-05-01 15:28:38',	0,	'::1'),
(3,	'core_list_city',	'core_list_city',	'1',	'add',	'2017-05-01 15:28:56',	0,	'::1'),
(4,	'core_list_location',	'core_list_location',	'1',	'add',	'2017-05-01 15:29:47',	0,	'::1'),
(5,	'core_organization',	'core_organization',	'1',	'add',	'2017-05-01 15:31:48',	0,	'::1'),
(6,	'list_branch',	'list_branch',	'1',	'add',	'2017-05-01 15:33:46',	0,	'::1'),
(7,	'cur_list_academicyear',	'cur_list_academicyear',	'2017',	'add',	'2017-05-01 15:34:54',	0,	'::1'),
(8,	'cur_subject_type',	'cur_subject_type',	'THY',	'add',	'2017-05-01 15:35:23',	0,	'::1'),
(9,	'cur_academic_subject',	'cur_academic_subject',	'1',	'add',	'2017-05-01 15:35:53',	0,	'::1'),
(10,	'cur_academic_subject',	'cur_academic_subject',	'2',	'add',	'2017-05-01 15:36:17',	0,	'::1'),
(11,	'cur_academic_subject',	'cur_academic_subject',	'3',	'add',	'2017-05-01 15:36:30',	0,	'::1'),
(12,	'cur_academic_subject',	'cur_academic_subject',	'4',	'add',	'2017-05-01 15:36:40',	0,	'::1'),
(13,	'cur_academic_subject',	'cur_academic_subject',	'5',	'add',	'2017-05-01 15:36:50',	0,	'::1'),
(14,	'cur_academic_subject',	'cur_academic_subject',	'6',	'add',	'2017-05-01 15:37:00',	0,	'::1'),
(15,	'cur_academic_subject',	'cur_academic_subject',	'7',	'add',	'2017-05-01 15:37:12',	0,	'::1'),
(16,	'cur_academic_subject',	'cur_academic_subject',	'8',	'add',	'2017-05-01 15:37:27',	0,	'::1'),
(17,	'cur_academic_subject',	'cur_academic_subject',	'2',	'edit',	'2017-05-01 15:37:35',	0,	'::1'),
(18,	'cur_list_attendancefrequency',	'cur_list_attendancefrequency',	'1',	'add',	'2017-05-01 15:38:56',	0,	'::1'),
(19,	'cur_list_attendancefrequency',	'cur_list_attendancefrequency',	'2',	'add',	'2017-05-01 15:39:07',	0,	'::1'),
(20,	'cur_orientation_level',	'cur_orientation_level',	'SCH',	'add',	'2017-05-01 15:40:12',	0,	'::1'),
(21,	'cur_list_orientation',	'cur_list_orientation',	'1',	'add',	'2017-05-01 15:41:03',	0,	'::1'),
(22,	'cur_list_orientation',	'cur_list_orientation',	'2',	'add',	'2017-05-01 15:41:13',	0,	'::1'),
(23,	'cur_list_class',	'cur_list_class',	'1',	'add',	'2017-05-01 15:42:46',	0,	'::1'),
(24,	'cur_list_class',	'cur_list_class',	'2',	'add',	'2017-05-01 15:43:05',	0,	'::1'),
(25,	'cur_list_class',	'cur_list_class',	'3',	'add',	'2017-05-01 15:43:21',	0,	'::1'),
(26,	'cur_list_class',	'cur_list_class',	'4',	'add',	'2017-05-01 15:43:42',	0,	'::1'),
(27,	'cur_list_class',	'cur_list_class',	'5',	'add',	'2017-05-01 15:43:54',	0,	'::1'),
(28,	'cur_list_class',	'cur_list_class',	'6',	'add',	'2017-05-01 15:44:09',	0,	'::1'),
(29,	'cur_list_class',	'cur_list_class',	'7',	'add',	'2017-05-01 15:44:31',	0,	'::1'),
(30,	'cur_list_class',	'cur_list_class',	'8',	'add',	'2017-05-01 15:44:45',	0,	'::1'),
(31,	'cur_list_class',	'cur_list_class',	'9',	'add',	'2017-05-01 15:44:59',	0,	'::1'),
(32,	'cur_list_class',	'cur_list_class',	'10',	'add',	'2017-05-01 15:45:20',	0,	'::1'),
(33,	'cur_class_subject',	'cur_class_subject',	'1',	'add',	'2017-05-01 15:45:48',	0,	'::1'),
(34,	'cur_class_subject',	'cur_class_subject',	'2',	'add',	'2017-05-01 15:45:56',	0,	'::1'),
(35,	'cur_class_subject',	'cur_class_subject',	'3',	'add',	'2017-05-01 15:46:02',	0,	'::1'),
(36,	'cur_class_subject',	'cur_class_subject',	'4',	'add',	'2017-05-01 15:46:08',	0,	'::1'),
(37,	'cur_class_subject',	'cur_class_subject',	'5',	'add',	'2017-05-01 15:46:15',	0,	'::1'),
(38,	'cur_class_subject',	'cur_class_subject',	'6',	'add',	'2017-05-01 15:46:25',	0,	'::1'),
(39,	'cur_academic_subject',	'cur_academic_subject',	'9',	'add',	'2017-05-01 15:47:14',	0,	'::1'),
(40,	'cur_class_subject',	'cur_class_subject',	'7',	'add',	'2017-05-01 15:47:24',	0,	'::1'),
(41,	'cur_branch_orientation',	'cur_branch_orientation',	'1',	'add',	'2017-05-01 15:47:55',	0,	'::1'),
(42,	'cur_branch_orientation',	'cur_branch_orientation',	'2',	'add',	'2017-05-01 15:48:00',	0,	'::1'),
(43,	'core_node_relations',	'core_node_relations',	'149',	'edit',	'2017-05-01 15:51:21',	0,	'::1'),
(44,	'cur_branch_class',	'cur_branch_class',	'1',	'add',	'2017-05-01 15:55:24',	0,	'::1'),
(45,	'cur_branch_class',	'cur_branch_class',	'2',	'add',	'2017-05-01 15:55:35',	0,	'::1'),
(46,	'cur_branch_class',	'cur_branch_class',	'3',	'add',	'2017-05-01 15:55:43',	0,	'::1'),
(47,	'cur_branch_class',	'cur_branch_class',	'4',	'add',	'2017-05-01 15:55:51',	0,	'::1'),
(48,	'cur_branch_class',	'cur_branch_class',	'5',	'add',	'2017-05-01 15:56:01',	0,	'::1'),
(49,	'cur_branch_class',	'cur_branch_class',	'6',	'add',	'2017-05-01 15:56:13',	0,	'::1'),
(50,	'cur_branch_class',	'cur_branch_class',	'7',	'add',	'2017-05-01 15:56:23',	0,	'::1'),
(51,	'cur_branch_class',	'cur_branch_class',	'8',	'add',	'2017-05-01 15:56:34',	0,	'::1'),
(52,	'cur_branch_class',	'cur_branch_class',	'9',	'add',	'2017-05-01 15:56:45',	0,	'::1'),
(53,	'cur_branch_class',	'cur_branch_class',	'10',	'add',	'2017-05-01 15:56:54',	0,	'::1'),
(54,	'cur_branch_class_section',	'cur_branch_class_section',	'1',	'add',	'2017-05-01 15:57:10',	0,	'::1'),
(55,	'cur_branch_class_section',	'cur_branch_class_section',	'2',	'add',	'2017-05-01 15:57:14',	0,	'::1'),
(56,	'cur_branch_class_section',	'cur_branch_class_section',	'3',	'add',	'2017-05-01 15:57:17',	0,	'::1'),
(57,	'cur_branch_class_section',	'cur_branch_class_section',	'4',	'add',	'2017-05-01 15:57:20',	0,	'::1'),
(58,	'cur_branch_class_section',	'cur_branch_class_section',	'5',	'add',	'2017-05-01 15:57:34',	0,	'::1'),
(59,	'cur_branch_class_section',	'cur_branch_class_section',	'6',	'add',	'2017-05-01 15:57:38',	0,	'::1'),
(60,	'cur_branch_class_section',	'cur_branch_class_section',	'7',	'add',	'2017-05-01 15:57:42',	0,	'::1'),
(61,	'cur_branch_class_section',	'cur_branch_class_section',	'8',	'add',	'2017-05-01 15:57:54',	0,	'::1'),
(62,	'cur_branch_class_section',	'cur_branch_class_section',	'9',	'add',	'2017-05-01 15:57:58',	0,	'::1'),
(63,	'fee_list_feegroup',	'fee_list_feegroup',	'TA',	'add',	'2017-05-01 15:58:53',	0,	'::1'),
(64,	'fee_list_feegroup',	'fee_list_feegroup',	'TRS',	'add',	'2017-05-01 15:59:14',	0,	'::1'),
(65,	'fee_list_feegroup',	'fee_list_feegroup',	'LB',	'add',	'2017-05-01 15:59:29',	0,	'::1'),
(66,	'fee_list_feegroup',	'fee_list_feegroup',	'SF',	'add',	'2017-05-01 15:59:43',	0,	'::1'),
(67,	'fee_list_feetype',	'fee_list_feetype',	'TF',	'add',	'2017-05-01 16:00:28',	0,	'::1'),
(68,	'core_archive_data',	'core_archive_data',	'1',	'add',	'2017-05-01 16:00:43',	0,	'::1'),
(69,	'fee_list_feetype',	'fee_list_feetype',	'TF',	'delete',	'2017-05-01 16:00:43',	0,	'::1'),
(70,	'fee_list_feetype',	'fee_list_feetype',	'AF',	'add',	'2017-05-01 16:00:58',	0,	'::1'),
(71,	'fee_list_feetype',	'fee_list_feetype',	'TF',	'add',	'2017-05-01 16:01:11',	0,	'::1'),
(72,	'fee_list_feetype',	'fee_list_feetype',	'TRF',	'add',	'2017-05-01 16:01:33',	0,	'::1'),
(73,	'fee_list_feetype',	'fee_list_feetype',	'CF',	'add',	'2017-05-01 16:01:54',	0,	'::1'),
(74,	'fee_list_feetype',	'fee_list_feetype',	'LF',	'add',	'2017-05-01 16:02:09',	0,	'::1'),
(75,	'student_quota',	'student_quota',	'GEN',	'add',	'2017-05-01 16:04:45',	0,	'::1'),
(76,	'student_quota',	'student_quota',	'MNG',	'add',	'2017-05-01 16:05:31',	0,	'::1'),
(77,	'fee_list_frequency',	'fee_list_frequency',	'AF',	'add',	'2017-05-01 16:06:16',	0,	'::1'),
(78,	'fee_list_frequency',	'fee_list_frequency',	'Term1',	'add',	'2017-05-01 16:06:30',	0,	'::1'),
(79,	'fee_list_frequency',	'fee_list_frequency',	'Term2',	'add',	'2017-05-01 16:06:43',	0,	'::1'),
(80,	'fee_list_frequency',	'fee_list_frequency',	'term3',	'add',	'2017-05-01 16:06:53',	0,	'::1'),
(81,	'fee_concession_type',	'fee_concession_type',	'1',	'add',	'2017-05-01 16:08:08',	0,	'::1'),
(82,	'fee_concession_type',	'fee_concession_type',	'2',	'add',	'2017-05-01 16:08:27',	0,	'::1'),
(83,	'fee_list_feeplan',	'fee_list_feeplan',	'1',	'add',	'2017-05-01 16:09:28',	0,	'::1'),
(84,	'fee_list_feeplan',	'fee_list_feeplan',	'2',	'add',	'2017-05-01 16:09:45',	0,	'::1'),
(85,	'fee_list_feeplan',	'fee_list_feeplan',	'3',	'add',	'2017-05-01 16:10:01',	0,	'::1'),
(86,	'fee_list_feeplan',	'fee_list_feeplan',	'4',	'add',	'2017-05-01 16:10:17',	0,	'::1'),
(87,	'core_node_relations',	'core_node_relations',	'170',	'edit',	'2017-05-01 16:12:46',	0,	'::1'),
(88,	'fee_list_feeplan_details',	'fee_list_feeplan_details',	'1',	'add',	'2017-05-01 16:15:17',	0,	'::1'),
(89,	'fee_list_feeplan_details',	'fee_list_feeplan_details',	'2',	'add',	'2017-05-01 16:15:55',	0,	'::1'),
(90,	'fee_list_feeplan_details',	'fee_list_feeplan_details',	'3',	'add',	'2017-05-01 16:16:27',	0,	'::1'),
(91,	'fee_list_feeplan_details',	'fee_list_feeplan_details',	'2',	'edit',	'2017-05-01 16:16:57',	0,	'::1'),
(92,	'fee_list_feeplan_details',	'fee_list_feeplan_details',	'4',	'add',	'2017-05-01 16:17:49',	0,	'::1'),
(93,	'fee_list_feeplan_details',	'fee_list_feeplan_details',	'5',	'add',	'2017-05-01 16:18:23',	0,	'::1'),
(94,	'fee_list_feeplan_details',	'fee_list_feeplan_details',	'6',	'add',	'2017-05-01 16:19:20',	0,	'::1'),
(95,	'fee_list_feeplan_details',	'fee_list_feeplan_details',	'7',	'add',	'2017-05-01 16:19:48',	0,	'::1'),
(96,	'fee_list_feeplan_details',	'fee_list_feeplan_details',	'8',	'add',	'2017-05-01 16:22:29',	0,	'::1'),
(97,	'fee_list_feeplan_details',	'fee_list_feeplan_details',	'9',	'add',	'2017-05-01 16:23:13',	0,	'::1'),
(98,	'fee_list_feeplan_details',	'fee_list_feeplan_details',	'9',	'edit',	'2017-05-01 16:23:28',	0,	'::1'),
(99,	'core_defaultvalues',	'core_defaultvalues',	'1',	'add',	'2017-05-01 16:26:57',	0,	'::1'),
(100,	'student_admission',	'student_admission',	'1',	'add',	'2017-05-01 16:27:35',	0,	'::1'),
(101,	'student_history',	'student_history',	'1',	'add',	'2017-05-01 16:27:36',	0,	'::1'),
(102,	'student_log',	'student_log',	'1',	'add',	'2017-05-01 16:27:36',	0,	'::1'),
(103,	'core_defaultvalues',	'core_defaultvalues',	'1',	'edit',	'2017-05-01 16:29:42',	0,	'::1'),
(104,	'core_settings_sequence',	'core_settings_sequence',	'1',	'add',	'2017-05-01 16:34:31',	0,	'::1'),
(105,	'core_settings_sequence',	'core_settings_sequence',	'2',	'add',	'2017-05-01 16:34:50',	0,	'::1'),
(106,	'core_settings_sequence',	'core_settings_sequence',	'3',	'add',	'2017-05-01 16:35:06',	0,	'::1'),
(107,	'core_settings_sequence',	'core_settings_sequence',	'4',	'add',	'2017-05-01 16:35:27',	0,	'::1'),
(108,	'core_settings_sequence',	'core_settings_sequence',	'5',	'add',	'2017-05-01 16:35:43',	0,	'::1'),
(109,	'core_node_settings',	'core_node_settings',	'student_admission',	'edit',	'2017-05-01 16:42:26',	0,	'::1'),
(110,	'core_node_settings',	'core_node_settings',	'student_admission',	'edit',	'2017-05-01 16:42:58',	0,	'::1'),
(111,	'student_status',	'student_status',	'NW',	'add',	'2017-05-01 16:43:27',	0,	'::1'),
(112,	'student_status',	'student_status',	'EX',	'add',	'2017-05-01 16:43:39',	0,	'::1'),
(113,	'student_status',	'student_status',	'TFD',	'add',	'2017-05-01 16:43:53',	0,	'::1'),
(114,	'student_status',	'student_status',	'DO',	'add',	'2017-05-01 16:44:12',	0,	'::1'),
(115,	'student_action',	'student_action',	'ALT',	'add',	'2017-05-01 16:44:44',	0,	'::1'),
(116,	'student_action',	'student_action',	'ASG',	'add',	'2017-05-01 16:44:54',	0,	'::1'),
(117,	'student_action',	'student_action',	'PMT',	'add',	'2017-05-01 16:45:05',	0,	'::1'),
(118,	'student_action',	'student_action',	'DTD',	'add',	'2017-05-01 16:45:16',	0,	'::1'),
(119,	'core_archive_data',	'core_archive_data',	'2',	'add',	'2017-05-01 16:46:50',	0,	'::1'),
(120,	'student_admission',	'student_admission',	'1',	'delete',	'2017-05-01 16:46:50',	0,	'::1'),
(121,	'core_node_settings',	'core_node_settings',	'student_admission',	'edit',	'2017-05-01 16:49:41',	0,	'::1'),
(122,	'student_admission',	'student_admission',	'2',	'add',	'2017-05-01 16:54:49',	0,	'::1'),
(123,	'student_history',	'student_history',	'2',	'add',	'2017-05-01 16:54:49',	0,	'::1'),
(124,	'student_log',	'student_log',	'2',	'add',	'2017-05-01 16:54:49',	0,	'::1'),
(125,	'student_admission',	'student_admission',	'3',	'add',	'2017-05-01 17:01:32',	0,	'::1'),
(126,	'student_admission',	'student_admission',	'4',	'add',	'2017-05-01 17:06:58',	0,	'::1'),
(127,	'student_admission',	'student_admission',	'5',	'add',	'2017-05-01 17:07:43',	0,	'::1'),
(128,	'student_admission',	'student_admission',	'6',	'add',	'2017-05-01 17:10:19',	0,	'::1'),
(129,	'student_feeplan_details',	'student_feeplan_details',	'1',	'add',	'2017-05-01 17:10:19',	0,	'::1'),
(130,	'student_feeplan_details',	'student_feeplan_details',	'2',	'add',	'2017-05-01 17:10:19',	0,	'::1'),
(131,	'student_feeplan_details',	'student_feeplan_details',	'3',	'add',	'2017-05-01 17:10:19',	0,	'::1'),
(132,	'student_feeplan_details',	'student_feeplan_details',	'4',	'add',	'2017-05-01 17:10:19',	0,	'::1'),
(133,	'student_feeplan_details',	'student_feeplan_details',	'5',	'add',	'2017-05-01 17:10:20',	0,	'::1'),
(134,	'student_feeplan_details',	'student_feeplan_details',	'6',	'add',	'2017-05-01 17:10:20',	0,	'::1'),
(135,	'student_feeplan_details',	'student_feeplan_details',	'7',	'add',	'2017-05-01 17:10:20',	0,	'::1'),
(136,	'student_feeplan_details',	'student_feeplan_details',	'8',	'add',	'2017-05-01 17:10:20',	0,	'::1'),
(137,	'student_feeplan_details',	'student_feeplan_details',	'9',	'add',	'2017-05-01 17:10:20',	0,	'::1'),
(138,	'student_history',	'student_history',	'3',	'add',	'2017-05-01 17:10:20',	0,	'::1'),
(139,	'student_log',	'student_log',	'3',	'add',	'2017-05-01 17:10:21',	0,	'::1'),
(140,	'student_admission',	'student_admission',	'2',	'edit',	'2017-05-01 17:12:36',	0,	'::1'),
(141,	'student_admission',	'student_admission',	'7',	'add',	'2017-05-01 17:13:51',	0,	'::1'),
(142,	'student_admission',	'student_admission',	'8',	'add',	'2017-05-01 17:14:58',	0,	'::1'),
(143,	'student_admission',	'student_admission',	'9',	'add',	'2017-05-01 17:16:13',	0,	'::1'),
(144,	'student_admission',	'student_admission',	'10',	'add',	'2017-05-01 17:18:52',	0,	'::1'),
(145,	'student_feeplan_details',	'student_feeplan_details',	'10',	'add',	'2017-05-01 17:18:52',	0,	'::1'),
(146,	'student_feeplan_details',	'student_feeplan_details',	'11',	'add',	'2017-05-01 17:18:52',	0,	'::1'),
(147,	'student_feeplan_details',	'student_feeplan_details',	'12',	'add',	'2017-05-01 17:18:52',	0,	'::1'),
(148,	'student_feeplan_details',	'student_feeplan_details',	'13',	'add',	'2017-05-01 17:18:52',	0,	'::1'),
(149,	'student_feeplan_details',	'student_feeplan_details',	'14',	'add',	'2017-05-01 17:18:53',	0,	'::1'),
(150,	'student_feeplan_details',	'student_feeplan_details',	'15',	'add',	'2017-05-01 17:18:53',	0,	'::1'),
(151,	'student_feeplan_details',	'student_feeplan_details',	'16',	'add',	'2017-05-01 17:18:53',	0,	'::1'),
(152,	'student_feeplan_details',	'student_feeplan_details',	'17',	'add',	'2017-05-01 17:18:53',	0,	'::1'),
(153,	'student_feeplan_details',	'student_feeplan_details',	'18',	'add',	'2017-05-01 17:18:53',	0,	'::1'),
(154,	'student_admission',	'student_admission',	'11',	'add',	'2017-05-01 17:20:01',	0,	'::1'),
(155,	'student_feeplan_details',	'student_feeplan_details',	'19',	'add',	'2017-05-01 17:20:01',	0,	'::1'),
(156,	'student_feeplan_details',	'student_feeplan_details',	'20',	'add',	'2017-05-01 17:20:01',	0,	'::1'),
(157,	'student_feeplan_details',	'student_feeplan_details',	'21',	'add',	'2017-05-01 17:20:02',	0,	'::1'),
(158,	'student_feeplan_details',	'student_feeplan_details',	'22',	'add',	'2017-05-01 17:20:02',	0,	'::1'),
(159,	'student_feeplan_details',	'student_feeplan_details',	'23',	'add',	'2017-05-01 17:20:02',	0,	'::1'),
(160,	'student_feeplan_details',	'student_feeplan_details',	'24',	'add',	'2017-05-01 17:20:02',	0,	'::1'),
(161,	'student_feeplan_details',	'student_feeplan_details',	'25',	'add',	'2017-05-01 17:20:02',	0,	'::1'),
(162,	'student_feeplan_details',	'student_feeplan_details',	'26',	'add',	'2017-05-01 17:20:02',	0,	'::1'),
(163,	'student_feeplan_details',	'student_feeplan_details',	'27',	'add',	'2017-05-01 17:20:03',	0,	'::1'),
(164,	'student_admission',	'student_admission',	'12',	'add',	'2017-05-01 17:22:34',	0,	'::1'),
(165,	'student_feeplan_details',	'student_feeplan_details',	'28',	'add',	'2017-05-01 17:22:34',	0,	'::1'),
(166,	'student_feeplan_details',	'student_feeplan_details',	'29',	'add',	'2017-05-01 17:22:34',	0,	'::1'),
(167,	'student_feeplan_details',	'student_feeplan_details',	'30',	'add',	'2017-05-01 17:22:34',	0,	'::1'),
(168,	'student_feeplan_details',	'student_feeplan_details',	'31',	'add',	'2017-05-01 17:22:35',	0,	'::1'),
(169,	'student_feeplan_details',	'student_feeplan_details',	'32',	'add',	'2017-05-01 17:22:35',	0,	'::1'),
(170,	'student_feeplan_details',	'student_feeplan_details',	'33',	'add',	'2017-05-01 17:22:35',	0,	'::1'),
(171,	'student_feeplan_details',	'student_feeplan_details',	'34',	'add',	'2017-05-01 17:22:35',	0,	'::1'),
(172,	'student_feeplan_details',	'student_feeplan_details',	'35',	'add',	'2017-05-01 17:22:35',	0,	'::1'),
(173,	'student_feeplan_details',	'student_feeplan_details',	'36',	'add',	'2017-05-01 17:22:35',	0,	'::1'),
(174,	'student_history',	'student_history',	'4',	'add',	'2017-05-01 17:22:36',	0,	'::1'),
(175,	'student_log',	'student_log',	'4',	'add',	'2017-05-01 17:22:36',	0,	'::1'),
(176,	'student_admission',	'student_admission',	'13',	'add',	'2017-05-01 17:28:33',	0,	'::1'),
(177,	'student_feeplan_details',	'student_feeplan_details',	'37',	'add',	'2017-05-01 17:28:33',	0,	'::1'),
(178,	'student_feeplan_details',	'student_feeplan_details',	'38',	'add',	'2017-05-01 17:28:33',	0,	'::1'),
(179,	'student_feeplan_details',	'student_feeplan_details',	'39',	'add',	'2017-05-01 17:28:34',	0,	'::1'),
(180,	'student_feeplan_details',	'student_feeplan_details',	'40',	'add',	'2017-05-01 17:28:34',	0,	'::1'),
(181,	'student_feeplan_details',	'student_feeplan_details',	'41',	'add',	'2017-05-01 17:28:34',	0,	'::1'),
(182,	'student_feeplan_details',	'student_feeplan_details',	'42',	'add',	'2017-05-01 17:28:34',	0,	'::1'),
(183,	'student_feeplan_details',	'student_feeplan_details',	'43',	'add',	'2017-05-01 17:28:34',	0,	'::1'),
(184,	'student_feeplan_details',	'student_feeplan_details',	'44',	'add',	'2017-05-01 17:28:35',	0,	'::1'),
(185,	'student_feeplan_details',	'student_feeplan_details',	'45',	'add',	'2017-05-01 17:28:35',	0,	'::1'),
(186,	'student_history',	'student_history',	'5',	'add',	'2017-05-01 17:28:35',	0,	'::1'),
(187,	'student_log',	'student_log',	'5',	'add',	'2017-05-01 17:28:35',	0,	'::1'),
(188,	'acd_modeofexam',	'acd_modeofexam',	'THY',	'add',	'2017-05-01 17:30:26',	0,	'::1'),
(189,	'acd_modeofexam',	'acd_modeofexam',	'OBJ',	'add',	'2017-05-01 17:30:37',	0,	'::1'),
(190,	'acd_exam_name',	'acd_exam_name',	'1',	'add',	'2017-05-01 17:31:20',	0,	'::1'),
(191,	'acd_exam_name',	'acd_exam_name',	'2',	'add',	'2017-05-01 17:31:34',	0,	'::1'),
(192,	'acd_exam_name',	'acd_exam_name',	'3',	'add',	'2017-05-01 17:31:44',	0,	'::1'),
(193,	'acd_exam_name',	'acd_exam_name',	'4',	'add',	'2017-05-01 17:31:52',	0,	'::1'),
(194,	'acd_exam_name',	'acd_exam_name',	'1',	'edit',	'2017-05-01 17:32:03',	0,	'::1'),
(195,	'acd_exam_name',	'acd_exam_name',	'2',	'edit',	'2017-05-01 17:32:09',	0,	'::1'),
(196,	'acd_grade_type',	'acd_grade_type',	'PER',	'add',	'2017-05-01 17:32:44',	0,	'::1'),
(197,	'acd_grade_type',	'acd_grade_type',	'GPA',	'add',	'2017-05-01 17:32:53',	0,	'::1'),
(198,	'acd_grade_method',	'acd_grade_method',	'SG',	'add',	'2017-05-01 17:33:33',	0,	'::1'),
(199,	'acd_grade_method',	'acd_grade_method',	'BG',	'add',	'2017-05-01 17:33:42',	0,	'::1'),
(200,	'acd_grade_method_details',	'acd_grade_method_details',	'BP',	'add',	'2017-05-01 17:34:19',	0,	'::1'),
(201,	'acd_grade_method',	'acd_grade_method',	'CG',	'add',	'2017-05-01 17:34:34',	0,	'::1'),
(202,	'acd_grade_method_details',	'acd_grade_method_details',	'CP',	'add',	'2017-05-01 17:34:52',	0,	'::1'),
(203,	'acd_grade_method_details',	'acd_grade_method_details',	'CG',	'add',	'2017-05-01 17:35:05',	0,	'::1'),
(204,	'acd_grade_method_details',	'acd_grade_method_details',	'BG',	'add',	'2017-05-01 17:35:48',	0,	'::1'),
(205,	'acd_grade_master',	'acd_grade_master',	'1',	'add',	'2017-05-01 17:36:46',	0,	'::1'),
(206,	'acd_grade_master',	'acd_grade_master',	'2',	'add',	'2017-05-01 17:37:26',	0,	'::1'),
(207,	'acd_grade_master',	'acd_grade_master',	'2',	'edit',	'2017-05-01 17:38:05',	0,	'::1'),
(208,	'acd_grade_master',	'acd_grade_master',	'3',	'add',	'2017-05-01 17:38:30',	0,	'::1'),
(209,	'acd_grade_master',	'acd_grade_master',	'3',	'edit',	'2017-05-01 17:38:37',	0,	'::1'),
(210,	'acd_grade_master',	'acd_grade_master',	'4',	'add',	'2017-05-01 17:39:03',	0,	'::1'),
(211,	'acd_grade_master',	'acd_grade_master',	'5',	'add',	'2017-05-01 17:39:29',	0,	'::1'),
(212,	'acd_grade_master',	'acd_grade_master',	'5',	'edit',	'2017-05-01 17:39:41',	0,	'::1'),
(213,	'acd_examination_schedule',	'acd_examination_schedule',	'1',	'add',	'2017-05-01 17:42:42',	0,	'::1'),
(214,	'acd_examination_schedule',	'acd_examination_schedule',	'2',	'add',	'2017-05-01 17:43:15',	0,	'::1'),
(215,	'acd_examination_schedule',	'acd_examination_schedule',	'3',	'add',	'2017-05-01 17:43:43',	0,	'::1'),
(216,	'acd_examination_schedule',	'acd_examination_schedule',	'4',	'add',	'2017-05-01 17:44:36',	0,	'::1'),
(217,	'acd_examination_schedule',	'acd_examination_schedule',	'4',	'edit',	'2017-05-01 17:44:55',	0,	'::1'),
(218,	'acd_examination_schedule',	'acd_examination_schedule',	'1',	'edit',	'2017-05-01 17:45:38',	0,	'::1'),
(219,	'core_node_relations',	'core_node_relations',	'278',	'add',	'2017-05-01 17:48:42',	0,	'::1'),
(220,	'acd_examination_schedule_details',	'acd_examination_schedule_details',	'1',	'add',	'2017-05-01 17:50:00',	0,	'::1'),
(221,	'acd_examination_schedule_details',	'acd_examination_schedule_details',	'2',	'add',	'2017-05-01 17:50:22',	0,	'::1'),
(222,	'acd_examination_schedule_details',	'acd_examination_schedule_details',	'3',	'add',	'2017-05-01 17:50:55',	0,	'::1'),
(223,	'acd_examination_schedule_details',	'acd_examination_schedule_details',	'4',	'add',	'2017-05-01 17:51:23',	0,	'::1'),
(224,	'acd_examination_schedule_details',	'acd_examination_schedule_details',	'5',	'add',	'2017-05-01 17:51:48',	0,	'::1'),
(225,	'acd_examination_schedule_details',	'acd_examination_schedule_details',	'6',	'add',	'2017-05-01 17:52:13',	0,	'::1'),
(226,	'acd_examination_schedule_details',	'acd_examination_schedule_details',	'5',	'edit',	'2017-05-01 17:52:22',	0,	'::1'),
(227,	'acd_examination_marks',	'acd_examination_marks',	'1',	'add',	'2017-05-01 17:52:52',	0,	'::1'),
(228,	'acd_studentmarks_details',	'acd_studentmarks_details',	'1',	'add',	'2017-05-01 17:52:52',	0,	'::1'),
(229,	'acd_studentmarks_details',	'acd_studentmarks_details',	'2',	'add',	'2017-05-01 17:52:52',	0,	'::1'),
(230,	'acd_studentmarks_details',	'acd_studentmarks_details',	'3',	'add',	'2017-05-01 17:52:52',	0,	'::1'),
(231,	'acd_studentmarks_details',	'acd_studentmarks_details',	'4',	'add',	'2017-05-01 17:52:52',	0,	'::1'),
(232,	'acd_studentmarks_details',	'acd_studentmarks_details',	'5',	'add',	'2017-05-01 17:52:52',	0,	'::1'),
(233,	'acd_studentmarks_details',	'acd_studentmarks_details',	'6',	'add',	'2017-05-01 17:52:53',	0,	'::1'),
(234,	'acd_studentmarks_details',	'acd_studentmarks_details',	'7',	'add',	'2017-05-01 17:52:53',	0,	'::1'),
(235,	'acd_studentmarks_details',	'acd_studentmarks_details',	'8',	'add',	'2017-05-01 17:52:53',	0,	'::1'),
(236,	'acd_studentmarks_details',	'acd_studentmarks_details',	'9',	'add',	'2017-05-01 17:52:53',	0,	'::1'),
(237,	'acd_studentmarks_details',	'acd_studentmarks_details',	'10',	'add',	'2017-05-01 17:52:53',	0,	'::1'),
(238,	'acd_studentmarks_details',	'acd_studentmarks_details',	'11',	'add',	'2017-05-01 17:52:53',	0,	'::1'),
(239,	'acd_studentmarks_details',	'acd_studentmarks_details',	'12',	'add',	'2017-05-01 17:52:54',	0,	'::1'),
(240,	'acd_examination_marks',	'acd_examination_marks',	'2',	'add',	'2017-05-01 17:53:09',	0,	'::1'),
(241,	'acd_studentmarks_details',	'acd_studentmarks_details',	'12',	'edit',	'2017-05-01 17:57:14',	0,	'::1'),
(242,	'acd_studentmarks_details',	'acd_studentmarks_details',	'11',	'edit',	'2017-05-01 17:57:14',	0,	'::1'),
(243,	'acd_studentmarks_details',	'acd_studentmarks_details',	'10',	'edit',	'2017-05-01 17:57:15',	0,	'::1'),
(244,	'acd_studentmarks_details',	'acd_studentmarks_details',	'9',	'edit',	'2017-05-01 17:57:15',	0,	'::1'),
(245,	'acd_studentmarks_details',	'acd_studentmarks_details',	'8',	'edit',	'2017-05-01 17:57:15',	0,	'::1'),
(246,	'acd_studentmarks_details',	'acd_studentmarks_details',	'7',	'edit',	'2017-05-01 17:57:15',	0,	'::1'),
(247,	'acd_studentmarks_details',	'acd_studentmarks_details',	'6',	'edit',	'2017-05-01 17:57:15',	0,	'::1'),
(248,	'acd_studentmarks_details',	'acd_studentmarks_details',	'5',	'edit',	'2017-05-01 17:57:16',	0,	'::1'),
(249,	'acd_studentmarks_details',	'acd_studentmarks_details',	'4',	'edit',	'2017-05-01 17:57:16',	0,	'::1'),
(250,	'acd_studentmarks_details',	'acd_studentmarks_details',	'3',	'edit',	'2017-05-01 17:57:16',	0,	'::1'),
(251,	'acd_studentmarks_details',	'acd_studentmarks_details',	'2',	'edit',	'2017-05-01 17:57:16',	0,	'::1'),
(252,	'acd_studentmarks_details',	'acd_studentmarks_details',	'1',	'edit',	'2017-05-01 17:57:16',	0,	'::1'),
(253,	'acd_studentmarks_details',	'acd_studentmarks_details',	'12',	'edit',	'2017-05-01 18:09:28',	0,	'::1'),
(254,	'core_attendance_status',	'core_attendance_status',	'Present',	'add',	'2017-05-01 18:13:00',	0,	'::1'),
(255,	'core_attendance_status',	'core_attendance_status',	'ABS',	'add',	'2017-05-01 18:14:14',	0,	'::1'),
(256,	'core_attendance_status',	'core_attendance_status',	'Absent',	'edit',	'2017-05-01 18:14:25',	0,	'::1'),
(257,	'acd_studentmarks_details',	'acd_studentmarks_details',	'12',	'edit',	'2017-05-01 18:16:06',	0,	'::1'),
(258,	'core_profile_level',	'core_profile_level',	'1',	'add',	'2017-05-01 18:51:58',	0,	'::1'),
(259,	'core_profile',	'core_profile',	'SA',	'add',	'2017-05-01 18:52:18',	0,	'::1'),
(260,	'core_users',	'core_users',	'1',	'add',	'2017-05-01 18:52:41',	0,	'::1'),
(261,	'core_app_settings',	'core_app_settings',	'1',	'add',	'2017-05-01 18:53:00',	0,	'::1'),
(262,	'core_node_settings',	'core_node_settings',	'student_update_info',	'edit',	'2017-05-03 15:15:57',	0,	'192.168.0.200'),
(263,	'student_update_info',	'student_update_info',	'1',	'add',	'2017-05-03 16:53:42',	0,	''),
(264,	'student_update_info',	'student_update_info',	'2',	'add',	'2017-05-03 16:59:07',	0,	''),
(265,	'student_update_info',	'student_update_info',	'3',	'add',	'2017-05-03 16:59:50',	0,	''),
(266,	'student_update_info',	'student_update_info',	'4',	'add',	'2017-05-03 17:03:45',	0,	''),
(267,	'student_update_info',	'student_update_info',	'5',	'add',	'2017-05-03 17:04:21',	0,	''),
(268,	'student_update_info',	'student_update_info',	'6',	'add',	'2017-05-03 17:05:09',	0,	''),
(269,	'student_update_info',	'student_update_info',	'7',	'add',	'2017-05-03 17:06:08',	0,	''),
(270,	'student_update_info',	'student_update_info',	'8',	'add',	'2017-05-03 17:09:35',	0,	''),
(271,	'student_update_info',	'student_update_info',	'9',	'add',	'2017-05-03 17:10:50',	0,	''),
(272,	'student_update_info',	'student_update_info',	'10',	'add',	'2017-05-03 17:11:40',	0,	''),
(273,	'student_update_info',	'student_update_info',	'11',	'add',	'2017-05-03 17:13:29',	0,	''),
(274,	'student_update_info',	'student_update_info',	'12',	'add',	'2017-05-03 17:32:33',	0,	''),
(275,	'student_update_info',	'student_update_info',	'13',	'add',	'2017-05-03 17:36:08',	0,	''),
(276,	'student_admission',	'student_admission',	'14',	'add',	'2017-05-03 18:11:40',	0,	''),
(277,	'student_admission',	'student_admission',	'15',	'add',	'2017-05-03 18:12:44',	0,	''),
(278,	'staff_division',	'staff_division',	'ADM',	'add',	'2017-05-04 09:01:45',	0,	'192.168.0.108'),
(279,	'staff_division',	'staff_division',	'NTECH',	'add',	'2017-05-04 09:02:00',	0,	'192.168.0.108'),
(280,	'staff_division',	'staff_division',	'TECH',	'add',	'2017-05-04 09:02:11',	0,	'192.168.0.108'),
(281,	'staff_department',	'staff_department',	'MAT',	'add',	'2017-05-04 09:04:14',	0,	'192.168.0.108'),
(282,	'staff_department',	'staff_department',	'SCI',	'add',	'2017-05-04 09:04:23',	0,	'192.168.0.108'),
(283,	'staff_department',	'staff_department',	'SOC',	'add',	'2017-05-04 09:04:34',	0,	'192.168.0.108'),
(284,	'staff_department',	'staff_department',	'LANG',	'add',	'2017-05-04 09:05:21',	0,	'192.168.0.108'),
(285,	'staff_department',	'staff_department',	'SPR',	'add',	'2017-05-04 09:05:33',	0,	'192.168.0.108'),
(286,	'staff_department',	'staff_department',	'LIB',	'add',	'2017-05-04 09:05:43',	0,	'192.168.0.108'),
(287,	'staff_department',	'staff_department',	'CUL',	'add',	'2017-05-04 09:06:17',	0,	'192.168.0.108'),
(288,	'staff_department',	'staff_department',	'ADM',	'add',	'2017-05-04 09:06:38',	0,	'192.168.0.108'),
(289,	'staff_department',	'staff_department',	'HO',	'add',	'2017-05-04 09:06:48',	0,	'192.168.0.108'),
(290,	'staff_designation',	'staff_designation',	'CT',	'add',	'2017-05-04 09:07:22',	0,	'192.168.0.108'),
(291,	'staff_designation',	'staff_designation',	'TA',	'add',	'2017-05-04 09:07:36',	0,	'192.168.0.108'),
(292,	'staff_designation',	'staff_designation',	'PRI',	'add',	'2017-05-04 09:07:46',	0,	'192.168.0.108'),
(293,	'staff_designation',	'staff_designation',	'VP',	'add',	'2017-05-04 09:08:07',	0,	'192.168.0.108'),
(294,	'staff_designation',	'staff_designation',	'CR',	'add',	'2017-05-04 09:08:55',	0,	'192.168.0.108'),
(295,	'staff_designation',	'staff_designation',	'DR',	'edit',	'2017-05-04 09:09:54',	0,	'192.168.0.108'),
(296,	'staff_designation',	'staff_designation',	'ACT',	'add',	'2017-05-04 09:10:13',	0,	'192.168.0.108'),
(297,	'staff_designation',	'staff_designation',	'LIB',	'add',	'2017-05-04 09:10:56',	0,	'192.168.0.108'),
(298,	'core_node_settings',	'core_node_settings',	'staff_staff_deatils',	'edit',	'2017-05-04 09:27:11',	0,	'192.168.0.108'),
(299,	'staff_staff_deatils',	'staff_staff_deatils',	'1',	'add',	'2017-05-04 09:28:25',	0,	'192.168.0.108'),
(300,	'staff_staff_deatils',	'staff_staff_deatils',	'2',	'add',	'2017-05-04 09:29:32',	0,	'192.168.0.108'),
(301,	'staff_staff_deatils',	'staff_staff_deatils',	'3',	'add',	'2017-05-04 09:30:28',	0,	'192.168.0.108'),
(302,	'staff_staff_deatils',	'staff_staff_deatils',	'2',	'edit',	'2017-05-04 09:31:16',	0,	'192.168.0.108'),
(303,	'staff_staff_deatils',	'staff_staff_deatils',	'3',	'edit',	'2017-05-04 09:31:22',	0,	'192.168.0.108'),
(304,	'staff_staff_info',	'staff_staff_info',	'',	'add',	'2017-05-04 09:32:05',	0,	'192.168.0.108'),
(305,	'staff_staff_info',	'staff_staff_info',	'',	'add',	'2017-05-04 09:32:31',	0,	'192.168.0.108'),
(306,	'staff_staff_info',	'staff_staff_info',	'',	'add',	'2017-05-04 09:34:48',	0,	'192.168.0.108'),
(307,	'staff_staff_subjects',	'staff_staff_subjects',	'1',	'add',	'2017-05-04 09:36:56',	0,	'192.168.0.108'),
(308,	'staff_staff_subjects',	'staff_staff_subjects',	'2',	'add',	'2017-05-04 09:37:16',	0,	'192.168.0.108'),
(309,	'staff_staff_subjects',	'staff_staff_subjects',	'3',	'add',	'2017-05-04 09:37:33',	0,	'192.168.0.108'),
(310,	'staff_designation',	'staff_designation',	'TA',	'edit',	'2017-05-04 09:40:14',	0,	'192.168.0.108'),
(311,	'lib_publisher',	'lib_publisher',	'1',	'add',	'2017-05-04 10:38:25',	0,	'192.168.0.108'),
(312,	'lib_book_deatils',	'lib_book_deatils',	'1',	'add',	'2017-05-04 10:39:27',	0,	'192.168.0.108'),
(313,	'lib_book_deatils',	'lib_book_deatils',	'2',	'add',	'2017-05-04 10:40:13',	0,	'192.168.0.108'),
(314,	'lib_book_deatils',	'lib_book_deatils',	'3',	'add',	'2017-05-04 10:40:56',	0,	'192.168.0.108'),
(315,	'lib_library_deatils',	'lib_library_deatils',	'1',	'add',	'2017-05-04 10:41:51',	0,	'192.168.0.108'),
(316,	'lib_issued_for',	'lib_issued_for',	'1',	'add',	'2017-05-04 10:43:18',	0,	'192.168.0.108'),
(317,	'lib_issued_for',	'lib_issued_for',	'2',	'add',	'2017-05-04 10:43:26',	0,	'192.168.0.108'),
(318,	'lib_issued_for',	'lib_issued_for',	'2',	'edit',	'2017-05-04 10:43:38',	0,	'192.168.0.108'),
(319,	'lib_issued_for',	'lib_issued_for',	'3',	'add',	'2017-05-04 10:43:57',	0,	'192.168.0.108'),
(320,	'lib_library_assignment',	'lib_library_assignment',	'1',	'add',	'2017-05-04 10:45:06',	0,	'192.168.0.108'),
(321,	'lib_library_assignment',	'lib_library_assignment',	'2',	'add',	'2017-05-04 10:45:31',	0,	'192.168.0.108'),
(322,	'lib_library_assignment',	'lib_library_assignment',	'3',	'add',	'2017-05-04 10:45:58',	0,	'192.168.0.108'),
(323,	'lib_status',	'lib_status',	'1',	'add',	'2017-05-04 10:48:06',	0,	'192.168.0.108'),
(324,	'core_archive_data',	'core_archive_data',	'3',	'add',	'2017-05-04 10:48:42',	0,	'192.168.0.108'),
(325,	'lib_issued_for',	'lib_issued_for',	'3',	'delete',	'2017-05-04 10:48:42',	0,	'192.168.0.108'),
(326,	'student_admission',	'student_admission',	'14',	'add',	'2017-05-04 11:52:32',	0,	'192.168.0.108'),
(327,	'student_admission',	'student_admission',	'15',	'add',	'2017-05-04 11:53:40',	0,	'192.168.0.108'),
(328,	'student_feeplan_details',	'student_feeplan_details',	'46',	'add',	'2017-05-04 11:53:40',	0,	'192.168.0.108'),
(329,	'student_feeplan_details',	'student_feeplan_details',	'47',	'add',	'2017-05-04 11:53:40',	0,	'192.168.0.108'),
(330,	'student_feeplan_details',	'student_feeplan_details',	'48',	'add',	'2017-05-04 11:53:41',	0,	'192.168.0.108'),
(331,	'student_feeplan_details',	'student_feeplan_details',	'49',	'add',	'2017-05-04 11:53:41',	0,	'192.168.0.108'),
(332,	'student_history',	'student_history',	'6',	'add',	'2017-05-04 11:53:41',	0,	'192.168.0.108'),
(333,	'student_log',	'student_log',	'6',	'add',	'2017-05-04 11:53:41',	0,	'192.168.0.108'),
(334,	'core_archive_data',	'core_archive_data',	'4',	'add',	'2017-05-04 11:53:48',	0,	'192.168.0.108'),
(335,	'student_admission',	'student_admission',	'14',	'delete',	'2017-05-04 11:53:48',	0,	'192.168.0.108'),
(336,	'lib_status',	'lib_status',	'2',	'add',	'2017-05-04 12:07:38',	0,	'192.168.0.108'),
(337,	'lib_status',	'lib_status',	'3',	'add',	'2017-05-04 12:07:46',	0,	'192.168.0.108'),
(338,	'lib_book_deatils',	'lib_book_deatils',	'1',	'edit',	'2017-05-04 12:14:30',	0,	'192.168.0.108'),
(339,	'lib_book_deatils',	'lib_book_deatils',	'1',	'edit',	'2017-05-04 12:14:33',	0,	'192.168.0.108'),
(340,	'lib_book_deatils',	'lib_book_deatils',	'2',	'edit',	'2017-05-04 12:14:40',	0,	'192.168.0.108'),
(341,	'core_node_settings',	'core_node_settings',	'lib_book_deatils',	'edit',	'2017-05-04 12:16:02',	0,	'192.168.0.108'),
(342,	'lib_book_deatils',	'lib_book_deatils',	'3',	'edit',	'2017-05-04 12:21:50',	0,	'192.168.0.108'),
(343,	'lib_book_deatils',	'lib_book_deatils',	'3',	'edit',	'2017-05-04 12:22:07',	0,	'192.168.0.108'),
(344,	'lib_book_deatils',	'lib_book_deatils',	'2',	'edit',	'2017-05-04 12:22:15',	0,	'192.168.0.108'),
(345,	'core_node_relations',	'core_node_relations',	'299',	'add',	'2017-05-04 12:23:46',	0,	'192.168.0.108'),
(346,	'lib_library_assignment',	'lib_library_assignment',	'3',	'edit',	'2017-05-04 12:24:01',	0,	'192.168.0.108'),
(347,	'lib_library_assignment',	'lib_library_assignment',	'2',	'edit',	'2017-05-04 12:24:07',	0,	'192.168.0.108'),
(348,	'lib_library_assignment',	'lib_library_assignment',	'1',	'edit',	'2017-05-04 12:24:13',	0,	'192.168.0.108'),
(349,	'core_node_relations',	'core_node_relations',	'300',	'add',	'2017-05-04 12:54:37',	0,	'192.168.0.108'),
(350,	'core_node_relations',	'core_node_relations',	'301',	'add',	'2017-05-04 12:55:28',	0,	'192.168.0.108'),
(351,	'core_node_relations',	'core_node_relations',	'302',	'add',	'2017-05-04 12:56:27',	0,	'192.168.0.108'),
(352,	'core_archive_data',	'core_archive_data',	'5',	'add',	'2017-05-04 12:56:47',	0,	'192.168.0.108'),
(353,	'core_node_relations',	'core_node_relations',	'302',	'delete',	'2017-05-04 12:56:48',	0,	'192.168.0.108'),
(354,	'core_archive_data',	'core_archive_data',	'6',	'add',	'2017-05-04 12:56:48',	0,	'192.168.0.108'),
(355,	'core_node_relations',	'core_node_relations',	'301',	'delete',	'2017-05-04 12:56:48',	0,	'192.168.0.108'),
(356,	'lib_book_assignment',	'lib_book_assignment',	'1',	'add',	'2017-05-04 15:22:51',	0,	'192.168.0.108'),
(357,	'lib_book_assignment',	'lib_book_assignment',	'2',	'add',	'2017-05-04 15:23:03',	0,	'192.168.0.108'),
(358,	'lib_book_assignment',	'lib_book_assignment',	'3',	'add',	'2017-05-04 15:23:24',	0,	'192.168.0.108'),
(359,	'lib_book_assignment',	'lib_book_assignment',	'4',	'add',	'2017-05-04 15:23:45',	0,	'192.168.0.108'),
(360,	'acd_exam_group',	'acd_exam_group',	'1',	'add',	'2017-05-04 18:04:53',	0,	'192.168.0.200'),
(361,	'acd_exam_group',	'acd_exam_group',	'1',	'edit',	'2017-05-04 18:05:28',	0,	'192.168.0.200'),
(362,	'acd_exam_group',	'acd_exam_group',	'1',	'edit',	'2017-05-04 18:05:28',	0,	'192.168.0.200'),
(363,	'acd_overall_grade',	'acd_overall_grade',	'1',	'add',	'2017-05-04 18:05:48',	0,	'192.168.0.200'),
(364,	'acd_overall_grade',	'acd_overall_grade',	'2',	'add',	'2017-05-04 18:11:11',	0,	'192.168.0.200'),
(365,	'core_profile_level',	'core_profile_level',	'2',	'add',	'2017-05-05 09:58:47',	0,	'::1'),
(366,	'core_profile',	'core_profile',	'SHA',	'add',	'2017-05-05 09:59:19',	0,	'::1'),
(367,	'acd_student_attendance',	'acd_student_attendance',	'1',	'add',	'2017-05-05 11:03:18',	0,	'::1'),
(368,	'acd_student_attendance',	'acd_student_attendance',	'2',	'add',	'2017-05-05 11:03:41',	0,	'::1'),
(369,	'acd_student_attendance',	'acd_student_attendance',	'3',	'add',	'2017-05-05 11:03:57',	0,	'::1'),
(370,	'acd_student_attendance',	'acd_student_attendance',	'4',	'add',	'2017-05-05 11:04:13',	0,	'::1'),
(371,	'acd_student_attendance',	'acd_student_attendance',	'4',	'edit',	'2017-05-05 11:04:20',	0,	'::1'),
(372,	'acd_student_attendance',	'acd_student_attendance',	'3',	'edit',	'2017-05-05 11:04:25',	0,	'::1'),
(373,	'acd_student_attendance_details',	'acd_student_attendance_details',	'1',	'add',	'2017-05-05 11:05:24',	0,	'::1'),
(374,	'acd_student_attendance_details',	'acd_student_attendance_details',	'2',	'add',	'2017-05-05 11:05:53',	0,	'::1'),
(375,	'tr_route_list',	'tr_route_list',	'1',	'add',	'2017-05-05 11:07:02',	0,	'::1'),
(376,	'tr_route_list',	'tr_route_list',	'2',	'add',	'2017-05-05 11:07:30',	0,	'::1'),
(377,	'tr_route_list',	'tr_route_list',	'1',	'edit',	'2017-05-05 11:07:37',	0,	'::1'),
(378,	'tr_route_list',	'tr_route_list',	'3',	'add',	'2017-05-05 11:07:54',	0,	'::1'),
(379,	'tr_route_list',	'tr_route_list',	'4',	'add',	'2017-05-05 11:08:08',	0,	'::1'),
(380,	'tr_route_list',	'tr_route_list',	'5',	'add',	'2017-05-05 11:08:19',	0,	'::1'),
(381,	'tr_route_list',	'tr_route_list',	'6',	'add',	'2017-05-05 11:08:44',	0,	'::1'),
(382,	'tr_route_list',	'tr_route_list',	'7',	'add',	'2017-05-05 11:08:57',	0,	'::1'),
(383,	'tr_route_list',	'tr_route_list',	'8',	'add',	'2017-05-05 11:09:16',	0,	'::1'),
(384,	'tr_route_assign',	'tr_route_assign',	'1',	'add',	'2017-05-05 11:09:44',	0,	'::1'),
(385,	'tr_route_assign',	'tr_route_assign',	'2',	'add',	'2017-05-05 11:10:01',	0,	'::1'),
(386,	'tr_route_assign',	'tr_route_assign',	'3',	'add',	'2017-05-05 11:10:13',	0,	'::1'),
(387,	'core_node_relations',	'core_node_relations',	'284',	'edit',	'2017-05-05 11:13:05',	0,	'::1'),
(388,	'core_node_settings',	'core_node_settings',	'tr_route_assign',	'edit',	'2017-05-05 11:16:32',	0,	'::1'),
(389,	'tr_route_assign',	'tr_route_assign',	'2',	'edit',	'2017-05-05 11:17:43',	0,	'::1'),
(390,	'tr_route_assign',	'tr_route_assign',	'3',	'edit',	'2017-05-05 11:17:57',	0,	'::1'),
(391,	'tr_student_route_details',	'tr_student_route_details',	'1',	'add',	'2017-05-05 11:18:49',	0,	'::1'),
(392,	'acd_studentmarks_details',	'acd_studentmarks_details',	'1',	'edit',	'2017-05-05 18:28:40',	0,	'::1'),
(393,	'acd_studentmarks_details',	'acd_studentmarks_details',	'2',	'edit',	'2017-05-05 18:28:40',	0,	'::1'),
(394,	'acd_studentmarks_details',	'acd_studentmarks_details',	'3',	'edit',	'2017-05-05 18:28:40',	0,	'::1'),
(395,	'acd_studentmarks_details',	'acd_studentmarks_details',	'4',	'edit',	'2017-05-05 18:28:40',	0,	'::1'),
(396,	'acd_studentmarks_details',	'acd_studentmarks_details',	'5',	'edit',	'2017-05-05 18:28:40',	0,	'::1'),
(397,	'acd_studentmarks_details',	'acd_studentmarks_details',	'6',	'edit',	'2017-05-05 18:28:41',	0,	'::1'),
(398,	'acd_studentmarks_details',	'acd_studentmarks_details',	'7',	'edit',	'2017-05-05 18:28:41',	0,	'::1'),
(399,	'acd_studentmarks_details',	'acd_studentmarks_details',	'8',	'edit',	'2017-05-05 18:28:41',	0,	'::1'),
(400,	'acd_studentmarks_details',	'acd_studentmarks_details',	'9',	'edit',	'2017-05-05 18:28:41',	0,	'::1'),
(401,	'acd_studentmarks_details',	'acd_studentmarks_details',	'10',	'edit',	'2017-05-05 18:28:41',	0,	'::1'),
(402,	'acd_studentmarks_details',	'acd_studentmarks_details',	'11',	'edit',	'2017-05-05 18:28:41',	0,	'::1'),
(403,	'acd_studentmarks_details',	'acd_studentmarks_details',	'12',	'edit',	'2017-05-05 18:28:41',	0,	'::1'),
(404,	'acd_examination_marks',	'acd_examination_marks',	'1',	'edit',	'2017-05-05 18:28:41',	0,	'::1'),
(405,	'acd_examination_schedule',	'acd_examination_schedule',	'2',	'edit',	'2017-05-06 13:11:21',	0,	'192.168.0.115'),
(406,	'acd_examination_schedule',	'acd_examination_schedule',	'2',	'edit',	'2017-05-06 13:11:33',	0,	'192.168.0.115'),
(407,	'acd_examination_schedule',	'acd_examination_schedule',	'2',	'edit',	'2017-05-06 13:11:35',	0,	'192.168.0.115'),
(408,	'acd_examination_marks',	'acd_examination_marks',	'2',	'edit',	'2017-05-08 09:39:01',	0,	'192.168.0.102'),
(409,	'acd_examination_marks',	'acd_examination_marks',	'2',	'edit',	'2017-05-08 09:59:20',	0,	'192.168.0.102'),
(410,	'acd_examination_schedule',	'acd_examination_schedule',	'2',	'edit',	'2017-05-08 10:13:59',	0,	'192.168.0.102'),
(411,	'acd_examination_schedule',	'acd_examination_schedule',	'3',	'edit',	'2017-05-08 10:14:05',	0,	'192.168.0.102'),
(412,	'acd_examination_schedule',	'acd_examination_schedule',	'4',	'edit',	'2017-05-08 10:14:09',	0,	'192.168.0.102'),
(413,	'acd_examination_schedule_details',	'acd_examination_schedule_details',	'7',	'add',	'2017-05-08 10:15:20',	0,	'192.168.0.102'),
(414,	'acd_examination_schedule_details',	'acd_examination_schedule_details',	'8',	'add',	'2017-05-08 10:15:43',	0,	'192.168.0.102'),
(415,	'acd_examination_schedule_details',	'acd_examination_schedule_details',	'9',	'add',	'2017-05-08 10:16:08',	0,	'192.168.0.102'),
(416,	'acd_examination_schedule_details',	'acd_examination_schedule_details',	'10',	'add',	'2017-05-08 10:16:31',	0,	'192.168.0.102'),
(417,	'acd_examination_schedule_details',	'acd_examination_schedule_details',	'11',	'add',	'2017-05-08 10:17:04',	0,	'192.168.0.102'),
(418,	'acd_examination_schedule_details',	'acd_examination_schedule_details',	'12',	'add',	'2017-05-08 10:17:28',	0,	'192.168.0.102'),
(419,	'acd_examination_schedule_details',	'acd_examination_schedule_details',	'13',	'add',	'2017-05-08 10:17:50',	0,	'192.168.0.102'),
(420,	'acd_examination_schedule',	'acd_examination_schedule',	'2',	'edit',	'2017-05-08 10:18:03',	0,	'192.168.0.102'),
(421,	'acd_examination_marks',	'acd_examination_marks',	'2',	'edit',	'2017-05-08 10:21:29',	0,	'192.168.0.102'),
(422,	'acd_examination_marks',	'acd_examination_marks',	'2',	'edit',	'2017-05-08 11:00:09',	0,	'192.168.0.105'),
(423,	'acd_examination_marks',	'acd_examination_marks',	'2',	'edit',	'2017-05-08 11:00:39',	0,	'192.168.0.105'),
(424,	'acd_examination_marks',	'acd_examination_marks',	'2',	'edit',	'2017-05-08 11:00:53',	0,	'192.168.0.105'),
(425,	'core_node_actions',	'core_node_actions',	'final',	'edit',	'2017-05-08 11:01:53',	0,	'192.168.0.105'),
(426,	'core_node_actions',	'core_node_actions',	'unfinal',	'edit',	'2017-05-08 11:02:02',	0,	'192.168.0.105'),
(427,	'core_node_actions',	'core_node_actions',	'publish',	'edit',	'2017-05-08 11:02:42',	0,	'192.168.0.105'),
(428,	'acd_examination_marks',	'acd_examination_marks',	'2',	'edit',	'2017-05-08 11:08:52',	0,	'192.168.0.105'),
(429,	'core_node_settings',	'core_node_settings',	'acd_examination_marks',	'edit',	'2017-05-08 11:09:31',	0,	'192.168.0.105'),
(430,	'core_node_settings',	'core_node_settings',	'acd_examination_marks',	'edit',	'2017-05-08 11:10:24',	0,	'192.168.0.105'),
(431,	'acd_examination_marks',	'acd_examination_marks',	'2',	'edit',	'2017-05-08 11:11:43',	0,	'192.168.0.105'),
(432,	'acd_examination_marks',	'acd_examination_marks',	'2',	'edit',	'2017-05-08 11:12:28',	0,	'192.168.0.105'),
(433,	'core_archive_data',	'core_archive_data',	'7',	'add',	'2017-05-08 11:13:01',	0,	'192.168.0.105'),
(434,	'acd_examination_marks',	'acd_examination_marks',	'2',	'delete',	'2017-05-08 11:13:01',	0,	'192.168.0.105'),
(435,	'acd_examination_marks',	'acd_examination_marks',	'3',	'add',	'2017-05-08 11:13:30',	0,	'192.168.0.105'),
(436,	'acd_studentmarks_details',	'acd_studentmarks_details',	'13',	'add',	'2017-05-08 11:13:30',	0,	'192.168.0.105'),
(437,	'acd_studentmarks_details',	'acd_studentmarks_details',	'14',	'add',	'2017-05-08 11:13:30',	0,	'192.168.0.105'),
(438,	'acd_studentmarks_details',	'acd_studentmarks_details',	'15',	'add',	'2017-05-08 11:13:30',	0,	'192.168.0.105'),
(439,	'acd_studentmarks_details',	'acd_studentmarks_details',	'16',	'add',	'2017-05-08 11:13:30',	0,	'192.168.0.105'),
(440,	'acd_studentmarks_details',	'acd_studentmarks_details',	'17',	'add',	'2017-05-08 11:13:30',	0,	'192.168.0.105'),
(441,	'acd_studentmarks_details',	'acd_studentmarks_details',	'18',	'add',	'2017-05-08 11:13:31',	0,	'192.168.0.105'),
(442,	'acd_studentmarks_details',	'acd_studentmarks_details',	'19',	'add',	'2017-05-08 11:13:31',	0,	'192.168.0.105'),
(443,	'acd_studentmarks_details',	'acd_studentmarks_details',	'20',	'add',	'2017-05-08 11:13:31',	0,	'192.168.0.105'),
(444,	'acd_studentmarks_details',	'acd_studentmarks_details',	'21',	'add',	'2017-05-08 11:13:31',	0,	'192.168.0.105'),
(445,	'acd_studentmarks_details',	'acd_studentmarks_details',	'22',	'add',	'2017-05-08 11:13:31',	0,	'192.168.0.105'),
(446,	'acd_studentmarks_details',	'acd_studentmarks_details',	'23',	'add',	'2017-05-08 11:13:31',	0,	'192.168.0.105'),
(447,	'acd_studentmarks_details',	'acd_studentmarks_details',	'24',	'add',	'2017-05-08 11:13:31',	0,	'192.168.0.105'),
(448,	'acd_studentmarks_details',	'acd_studentmarks_details',	'25',	'add',	'2017-05-08 11:13:32',	0,	'192.168.0.105'),
(449,	'acd_studentmarks_details',	'acd_studentmarks_details',	'26',	'add',	'2017-05-08 11:13:32',	0,	'192.168.0.105'),
(450,	'acd_studentmarks_details',	'acd_studentmarks_details',	'27',	'add',	'2017-05-08 11:13:32',	0,	'192.168.0.105'),
(451,	'acd_studentmarks_details',	'acd_studentmarks_details',	'28',	'add',	'2017-05-08 11:13:32',	0,	'192.168.0.105'),
(452,	'acd_studentmarks_details',	'acd_studentmarks_details',	'29',	'add',	'2017-05-08 11:13:32',	0,	'192.168.0.105'),
(453,	'acd_studentmarks_details',	'acd_studentmarks_details',	'30',	'add',	'2017-05-08 11:13:32',	0,	'192.168.0.105'),
(454,	'acd_studentmarks_details',	'acd_studentmarks_details',	'31',	'add',	'2017-05-08 11:13:32',	0,	'192.168.0.105'),
(455,	'acd_studentmarks_details',	'acd_studentmarks_details',	'32',	'add',	'2017-05-08 11:13:33',	0,	'192.168.0.105'),
(456,	'acd_studentmarks_details',	'acd_studentmarks_details',	'33',	'add',	'2017-05-08 11:13:33',	0,	'192.168.0.105'),
(457,	'acd_studentmarks_details',	'acd_studentmarks_details',	'33',	'edit',	'2017-05-08 11:14:41',	0,	'192.168.0.105'),
(458,	'acd_studentmarks_details',	'acd_studentmarks_details',	'32',	'edit',	'2017-05-08 11:14:42',	0,	'192.168.0.105'),
(459,	'acd_studentmarks_details',	'acd_studentmarks_details',	'31',	'edit',	'2017-05-08 11:14:42',	0,	'192.168.0.105'),
(460,	'acd_studentmarks_details',	'acd_studentmarks_details',	'30',	'edit',	'2017-05-08 11:14:42',	0,	'192.168.0.105'),
(461,	'acd_studentmarks_details',	'acd_studentmarks_details',	'29',	'edit',	'2017-05-08 11:14:42',	0,	'192.168.0.105'),
(462,	'acd_studentmarks_details',	'acd_studentmarks_details',	'28',	'edit',	'2017-05-08 11:14:42',	0,	'192.168.0.105'),
(463,	'acd_studentmarks_details',	'acd_studentmarks_details',	'27',	'edit',	'2017-05-08 11:14:42',	0,	'192.168.0.105'),
(464,	'acd_studentmarks_details',	'acd_studentmarks_details',	'26',	'edit',	'2017-05-08 11:14:43',	0,	'192.168.0.105'),
(465,	'acd_studentmarks_details',	'acd_studentmarks_details',	'25',	'edit',	'2017-05-08 11:14:43',	0,	'192.168.0.105'),
(466,	'acd_studentmarks_details',	'acd_studentmarks_details',	'24',	'edit',	'2017-05-08 11:14:43',	0,	'192.168.0.105'),
(467,	'acd_studentmarks_details',	'acd_studentmarks_details',	'23',	'edit',	'2017-05-08 11:14:43',	0,	'192.168.0.105'),
(468,	'acd_studentmarks_details',	'acd_studentmarks_details',	'22',	'edit',	'2017-05-08 11:14:43',	0,	'192.168.0.105'),
(469,	'acd_studentmarks_details',	'acd_studentmarks_details',	'21',	'edit',	'2017-05-08 11:14:43',	0,	'192.168.0.105'),
(470,	'acd_studentmarks_details',	'acd_studentmarks_details',	'20',	'edit',	'2017-05-08 11:14:43',	0,	'192.168.0.105'),
(471,	'acd_studentmarks_details',	'acd_studentmarks_details',	'19',	'edit',	'2017-05-08 11:14:44',	0,	'192.168.0.105'),
(472,	'acd_studentmarks_details',	'acd_studentmarks_details',	'18',	'edit',	'2017-05-08 11:14:44',	0,	'192.168.0.105'),
(473,	'acd_studentmarks_details',	'acd_studentmarks_details',	'17',	'edit',	'2017-05-08 11:14:44',	0,	'192.168.0.105'),
(474,	'acd_examination_marks',	'acd_examination_marks',	'3',	'edit',	'2017-05-08 11:14:58',	0,	'192.168.0.105'),
(475,	'acd_studentmarks_details',	'acd_studentmarks_details',	'13',	'edit',	'2017-05-08 11:15:00',	0,	'192.168.0.105'),
(476,	'acd_studentmarks_details',	'acd_studentmarks_details',	'14',	'edit',	'2017-05-08 11:15:00',	0,	'192.168.0.105'),
(477,	'acd_studentmarks_details',	'acd_studentmarks_details',	'15',	'edit',	'2017-05-08 11:15:00',	0,	'192.168.0.105'),
(478,	'acd_studentmarks_details',	'acd_studentmarks_details',	'16',	'edit',	'2017-05-08 11:15:00',	0,	'192.168.0.105'),
(479,	'acd_studentmarks_details',	'acd_studentmarks_details',	'17',	'edit',	'2017-05-08 11:15:00',	0,	'192.168.0.105'),
(480,	'acd_studentmarks_details',	'acd_studentmarks_details',	'18',	'edit',	'2017-05-08 11:15:00',	0,	'192.168.0.105'),
(481,	'acd_studentmarks_details',	'acd_studentmarks_details',	'19',	'edit',	'2017-05-08 11:15:01',	0,	'192.168.0.105'),
(482,	'acd_studentmarks_details',	'acd_studentmarks_details',	'20',	'edit',	'2017-05-08 11:15:01',	0,	'192.168.0.105'),
(483,	'acd_studentmarks_details',	'acd_studentmarks_details',	'21',	'edit',	'2017-05-08 11:15:01',	0,	'192.168.0.105'),
(484,	'acd_studentmarks_details',	'acd_studentmarks_details',	'22',	'edit',	'2017-05-08 11:15:01',	0,	'192.168.0.105'),
(485,	'acd_studentmarks_details',	'acd_studentmarks_details',	'23',	'edit',	'2017-05-08 11:15:01',	0,	'192.168.0.105'),
(486,	'acd_studentmarks_details',	'acd_studentmarks_details',	'24',	'edit',	'2017-05-08 11:15:01',	0,	'192.168.0.105'),
(487,	'acd_studentmarks_details',	'acd_studentmarks_details',	'25',	'edit',	'2017-05-08 11:15:01',	0,	'192.168.0.105'),
(488,	'acd_studentmarks_details',	'acd_studentmarks_details',	'26',	'edit',	'2017-05-08 11:15:01',	0,	'192.168.0.105'),
(489,	'acd_studentmarks_details',	'acd_studentmarks_details',	'27',	'edit',	'2017-05-08 11:15:02',	0,	'192.168.0.105'),
(490,	'acd_studentmarks_details',	'acd_studentmarks_details',	'28',	'edit',	'2017-05-08 11:15:02',	0,	'192.168.0.105'),
(491,	'acd_studentmarks_details',	'acd_studentmarks_details',	'29',	'edit',	'2017-05-08 11:15:02',	0,	'192.168.0.105'),
(492,	'acd_studentmarks_details',	'acd_studentmarks_details',	'30',	'edit',	'2017-05-08 11:15:02',	0,	'192.168.0.105'),
(493,	'acd_studentmarks_details',	'acd_studentmarks_details',	'31',	'edit',	'2017-05-08 11:15:02',	0,	'192.168.0.105'),
(494,	'acd_studentmarks_details',	'acd_studentmarks_details',	'32',	'edit',	'2017-05-08 11:15:02',	0,	'192.168.0.105'),
(495,	'acd_studentmarks_details',	'acd_studentmarks_details',	'33',	'edit',	'2017-05-08 11:15:03',	0,	'192.168.0.105'),
(496,	'acd_examination_marks',	'acd_examination_marks',	'3',	'edit',	'2017-05-08 11:15:03',	0,	'192.168.0.105'),
(497,	'acd_exam_group',	'acd_exam_group',	'1',	'edit',	'2017-05-08 11:15:57',	0,	'192.168.0.105'),
(498,	'acd_exam_group',	'acd_exam_group',	'1',	'edit',	'2017-05-08 11:18:45',	0,	'192.168.0.105'),
(499,	'acd_exam_group',	'acd_exam_group',	'1',	'edit',	'2017-05-08 11:18:48',	0,	'192.168.0.105'),
(500,	'acd_exam_group',	'acd_exam_group',	'1',	'edit',	'2017-05-08 11:19:25',	0,	'192.168.0.105'),
(501,	'acd_exam_group',	'acd_exam_group',	'1',	'edit',	'2017-05-08 11:19:25',	0,	'192.168.0.105'),
(502,	'acd_exam_group',	'acd_exam_group',	'1',	'edit',	'2017-05-08 11:19:25',	0,	'192.168.0.105'),
(503,	'acd_exam_group',	'acd_exam_group',	'1',	'edit',	'2017-05-08 11:19:26',	0,	'192.168.0.105'),
(504,	'acd_exam_group',	'acd_exam_group',	'1',	'edit',	'2017-05-08 11:19:26',	0,	'192.168.0.105'),
(505,	'acd_exam_group',	'acd_exam_group',	'1',	'edit',	'2017-05-08 11:19:26',	0,	'192.168.0.105'),
(506,	'acd_exam_group',	'acd_exam_group',	'1',	'edit',	'2017-05-08 11:19:26',	0,	'192.168.0.105'),
(507,	'acd_exam_group',	'acd_exam_group',	'1',	'edit',	'2017-05-08 11:19:27',	0,	'192.168.0.105'),
(508,	'acd_exam_group',	'acd_exam_group',	'1',	'edit',	'2017-05-08 11:19:27',	0,	'192.168.0.105'),
(509,	'acd_exam_group',	'acd_exam_group',	'1',	'edit',	'2017-05-08 11:19:28',	0,	'192.168.0.105'),
(510,	'acd_exam_group',	'acd_exam_group',	'1',	'edit',	'2017-05-08 11:19:28',	0,	'192.168.0.105'),
(511,	'acd_exam_group',	'acd_exam_group',	'1',	'edit',	'2017-05-08 11:19:28',	0,	'192.168.0.105'),
(512,	'acd_exam_group',	'acd_exam_group',	'1',	'edit',	'2017-05-08 11:19:29',	0,	'192.168.0.105'),
(513,	'acd_exam_group',	'acd_exam_group',	'1',	'edit',	'2017-05-08 11:19:29',	0,	'192.168.0.105'),
(514,	'acd_exam_group',	'acd_exam_group',	'1',	'edit',	'2017-05-08 11:19:29',	0,	'192.168.0.105'),
(515,	'acd_exam_group',	'acd_exam_group',	'1',	'edit',	'2017-05-08 11:19:29',	0,	'192.168.0.105'),
(516,	'acd_exam_group',	'acd_exam_group',	'1',	'edit',	'2017-05-08 11:19:30',	0,	'192.168.0.105'),
(517,	'acd_exam_group',	'acd_exam_group',	'1',	'edit',	'2017-05-08 11:19:30',	0,	'192.168.0.105'),
(518,	'acd_exam_group',	'acd_exam_group',	'1',	'edit',	'2017-05-08 11:19:30',	0,	'192.168.0.105'),
(519,	'acd_exam_group',	'acd_exam_group',	'1',	'edit',	'2017-05-08 11:19:31',	0,	'192.168.0.105'),
(520,	'acd_exam_group',	'acd_exam_group',	'1',	'edit',	'2017-05-08 11:19:31',	0,	'192.168.0.105'),
(521,	'acd_exam_group',	'acd_exam_group',	'1',	'edit',	'2017-05-08 11:19:31',	0,	'192.168.0.105'),
(522,	'acd_exam_group',	'acd_exam_group',	'1',	'edit',	'2017-05-08 11:19:32',	0,	'192.168.0.105'),
(523,	'acd_exam_group',	'acd_exam_group',	'1',	'edit',	'2017-05-08 11:19:32',	0,	'192.168.0.105'),
(524,	'acd_exam_group',	'acd_exam_group',	'1',	'edit',	'2017-05-08 11:19:32',	0,	'192.168.0.105'),
(525,	'acd_exam_group',	'acd_exam_group',	'1',	'edit',	'2017-05-08 11:19:33',	0,	'192.168.0.105'),
(526,	'acd_exam_group',	'acd_exam_group',	'1',	'edit',	'2017-05-08 11:19:33',	0,	'192.168.0.105'),
(527,	'acd_exam_group',	'acd_exam_group',	'1',	'edit',	'2017-05-08 11:19:33',	0,	'192.168.0.105'),
(528,	'acd_exam_group',	'acd_exam_group',	'1',	'edit',	'2017-05-08 11:19:34',	0,	'192.168.0.105'),
(529,	'acd_exam_group',	'acd_exam_group',	'1',	'edit',	'2017-05-08 11:19:34',	0,	'192.168.0.105'),
(530,	'acd_exam_group',	'acd_exam_group',	'1',	'edit',	'2017-05-08 11:19:34',	0,	'192.168.0.105'),
(531,	'acd_exam_group',	'acd_exam_group',	'1',	'edit',	'2017-05-08 11:19:34',	0,	'192.168.0.105'),
(532,	'acd_exam_group',	'acd_exam_group',	'1',	'edit',	'2017-05-08 11:19:35',	0,	'192.168.0.105'),
(533,	'acd_exam_group',	'acd_exam_group',	'1',	'edit',	'2017-05-08 11:19:35',	0,	'192.168.0.105'),
(534,	'acd_exam_group',	'acd_exam_group',	'1',	'edit',	'2017-05-08 11:19:35',	0,	'192.168.0.105'),
(535,	'acd_exam_group',	'acd_exam_group',	'1',	'edit',	'2017-05-08 11:19:35',	0,	'192.168.0.105'),
(536,	'acd_exam_group',	'acd_exam_group',	'1',	'edit',	'2017-05-08 11:19:36',	0,	'192.168.0.105'),
(537,	'acd_exam_group',	'acd_exam_group',	'1',	'edit',	'2017-05-08 11:19:36',	0,	'192.168.0.105'),
(538,	'acd_exam_group',	'acd_exam_group',	'1',	'edit',	'2017-05-08 11:19:36',	0,	'192.168.0.105'),
(539,	'acd_exam_group',	'acd_exam_group',	'1',	'edit',	'2017-05-08 11:19:36',	0,	'192.168.0.105'),
(540,	'acd_exam_group',	'acd_exam_group',	'1',	'edit',	'2017-05-08 11:19:37',	0,	'192.168.0.105'),
(541,	'acd_exam_group',	'acd_exam_group',	'1',	'edit',	'2017-05-08 11:19:37',	0,	'192.168.0.105'),
(542,	'acd_exam_group',	'acd_exam_group',	'1',	'edit',	'2017-05-08 11:19:37',	0,	'192.168.0.105'),
(543,	'acd_exam_group',	'acd_exam_group',	'1',	'edit',	'2017-05-08 11:19:38',	0,	'192.168.0.105'),
(544,	'acd_exam_group',	'acd_exam_group',	'1',	'edit',	'2017-05-08 11:19:38',	0,	'192.168.0.105'),
(545,	'acd_exam_group',	'acd_exam_group',	'1',	'edit',	'2017-05-08 11:19:38',	0,	'192.168.0.105'),
(546,	'acd_exam_group',	'acd_exam_group',	'1',	'edit',	'2017-05-08 11:19:38',	0,	'192.168.0.105'),
(547,	'acd_exam_group',	'acd_exam_group',	'1',	'edit',	'2017-05-08 11:19:39',	0,	'192.168.0.105'),
(548,	'acd_exam_group',	'acd_exam_group',	'1',	'edit',	'2017-05-08 11:19:39',	0,	'192.168.0.105'),
(549,	'acd_exam_group',	'acd_exam_group',	'1',	'edit',	'2017-05-08 11:19:39',	0,	'192.168.0.105'),
(550,	'acd_exam_group',	'acd_exam_group',	'1',	'edit',	'2017-05-08 11:19:40',	0,	'192.168.0.105'),
(551,	'acd_exam_group',	'acd_exam_group',	'1',	'edit',	'2017-05-08 11:19:40',	0,	'192.168.0.105'),
(552,	'acd_exam_group',	'acd_exam_group',	'1',	'edit',	'2017-05-08 11:19:40',	0,	'192.168.0.105'),
(553,	'acd_exam_group',	'acd_exam_group',	'1',	'edit',	'2017-05-08 11:19:41',	0,	'192.168.0.105'),
(554,	'acd_exam_group',	'acd_exam_group',	'1',	'edit',	'2017-05-08 11:19:41',	0,	'192.168.0.105'),
(555,	'acd_exam_group',	'acd_exam_group',	'1',	'edit',	'2017-05-08 11:19:41',	0,	'192.168.0.105'),
(556,	'acd_exam_group',	'acd_exam_group',	'1',	'edit',	'2017-05-08 11:19:58',	0,	'192.168.0.105'),
(557,	'acd_exam_group',	'acd_exam_group',	'1',	'edit',	'2017-05-08 11:19:58',	0,	'192.168.0.105'),
(558,	'acd_exam_group',	'acd_exam_group',	'1',	'edit',	'2017-05-08 11:19:59',	0,	'192.168.0.105'),
(559,	'acd_exam_group',	'acd_exam_group',	'1',	'edit',	'2017-05-08 11:19:59',	0,	'192.168.0.105'),
(560,	'acd_exam_group',	'acd_exam_group',	'1',	'edit',	'2017-05-08 11:19:59',	0,	'192.168.0.105'),
(561,	'acd_exam_group',	'acd_exam_group',	'1',	'edit',	'2017-05-08 11:19:59',	0,	'192.168.0.105'),
(562,	'acd_exam_group',	'acd_exam_group',	'1',	'edit',	'2017-05-08 11:20:00',	0,	'192.168.0.105'),
(563,	'acd_exam_group',	'acd_exam_group',	'1',	'edit',	'2017-05-08 11:20:00',	0,	'192.168.0.105'),
(564,	'acd_exam_group',	'acd_exam_group',	'1',	'edit',	'2017-05-08 11:20:00',	0,	'192.168.0.105'),
(565,	'acd_exam_group',	'acd_exam_group',	'1',	'edit',	'2017-05-08 11:20:01',	0,	'192.168.0.105'),
(566,	'acd_exam_group',	'acd_exam_group',	'1',	'edit',	'2017-05-08 11:20:01',	0,	'192.168.0.105'),
(567,	'acd_exam_group',	'acd_exam_group',	'1',	'edit',	'2017-05-08 11:20:01',	0,	'192.168.0.105'),
(568,	'acd_exam_group',	'acd_exam_group',	'1',	'edit',	'2017-05-08 11:20:01',	0,	'192.168.0.105'),
(569,	'acd_exam_group',	'acd_exam_group',	'1',	'edit',	'2017-05-08 11:20:02',	0,	'192.168.0.105'),
(570,	'acd_exam_group',	'acd_exam_group',	'1',	'edit',	'2017-05-08 11:20:02',	0,	'192.168.0.105'),
(571,	'acd_exam_group',	'acd_exam_group',	'1',	'edit',	'2017-05-08 11:20:02',	0,	'192.168.0.105'),
(572,	'acd_exam_group',	'acd_exam_group',	'1',	'edit',	'2017-05-08 11:20:03',	0,	'192.168.0.105'),
(573,	'acd_exam_group',	'acd_exam_group',	'1',	'edit',	'2017-05-08 11:20:03',	0,	'192.168.0.105'),
(574,	'acd_exam_group',	'acd_exam_group',	'1',	'edit',	'2017-05-08 11:20:03',	0,	'192.168.0.105'),
(575,	'acd_exam_group',	'acd_exam_group',	'1',	'edit',	'2017-05-08 11:20:04',	0,	'192.168.0.105'),
(576,	'acd_exam_group',	'acd_exam_group',	'1',	'edit',	'2017-05-08 11:20:04',	0,	'192.168.0.105'),
(577,	'acd_exam_group',	'acd_exam_group',	'1',	'edit',	'2017-05-08 11:20:04',	0,	'192.168.0.105'),
(578,	'acd_exam_group',	'acd_exam_group',	'1',	'edit',	'2017-05-08 11:20:04',	0,	'192.168.0.105'),
(579,	'acd_exam_group',	'acd_exam_group',	'1',	'edit',	'2017-05-08 11:20:05',	0,	'192.168.0.105'),
(580,	'acd_exam_group',	'acd_exam_group',	'1',	'edit',	'2017-05-08 11:20:05',	0,	'192.168.0.105'),
(581,	'acd_exam_group',	'acd_exam_group',	'1',	'edit',	'2017-05-08 11:20:06',	0,	'192.168.0.105'),
(582,	'acd_exam_group',	'acd_exam_group',	'1',	'edit',	'2017-05-08 11:20:06',	0,	'192.168.0.105'),
(583,	'acd_exam_group',	'acd_exam_group',	'1',	'edit',	'2017-05-08 11:20:06',	0,	'192.168.0.105'),
(584,	'acd_exam_group',	'acd_exam_group',	'1',	'edit',	'2017-05-08 11:20:07',	0,	'192.168.0.105'),
(585,	'acd_exam_group',	'acd_exam_group',	'1',	'edit',	'2017-05-08 11:20:07',	0,	'192.168.0.105'),
(586,	'acd_exam_group',	'acd_exam_group',	'1',	'edit',	'2017-05-08 11:20:08',	0,	'192.168.0.105'),
(587,	'acd_exam_group',	'acd_exam_group',	'1',	'edit',	'2017-05-08 11:20:08',	0,	'192.168.0.105'),
(588,	'acd_exam_group',	'acd_exam_group',	'1',	'edit',	'2017-05-08 11:20:08',	0,	'192.168.0.105'),
(589,	'acd_exam_group',	'acd_exam_group',	'1',	'edit',	'2017-05-08 11:20:08',	0,	'192.168.0.105'),
(590,	'acd_exam_group',	'acd_exam_group',	'1',	'edit',	'2017-05-08 11:20:09',	0,	'192.168.0.105'),
(591,	'acd_exam_group',	'acd_exam_group',	'1',	'edit',	'2017-05-08 11:20:09',	0,	'192.168.0.105'),
(592,	'acd_exam_group',	'acd_exam_group',	'1',	'edit',	'2017-05-08 11:20:09',	0,	'192.168.0.105'),
(593,	'acd_exam_group',	'acd_exam_group',	'1',	'edit',	'2017-05-08 11:20:09',	0,	'192.168.0.105'),
(594,	'acd_exam_group',	'acd_exam_group',	'1',	'edit',	'2017-05-08 11:20:10',	0,	'192.168.0.105'),
(595,	'acd_exam_group',	'acd_exam_group',	'1',	'edit',	'2017-05-08 11:20:10',	0,	'192.168.0.105'),
(596,	'acd_exam_group',	'acd_exam_group',	'1',	'edit',	'2017-05-08 11:20:10',	0,	'192.168.0.105'),
(597,	'acd_exam_group',	'acd_exam_group',	'1',	'edit',	'2017-05-08 11:20:10',	0,	'192.168.0.105'),
(598,	'acd_exam_group',	'acd_exam_group',	'1',	'edit',	'2017-05-08 11:20:11',	0,	'192.168.0.105'),
(599,	'acd_exam_group',	'acd_exam_group',	'1',	'edit',	'2017-05-08 11:20:11',	0,	'192.168.0.105'),
(600,	'acd_exam_group',	'acd_exam_group',	'1',	'edit',	'2017-05-08 11:20:11',	0,	'192.168.0.105'),
(601,	'acd_exam_group',	'acd_exam_group',	'1',	'edit',	'2017-05-08 11:20:12',	0,	'192.168.0.105'),
(602,	'acd_exam_group',	'acd_exam_group',	'1',	'edit',	'2017-05-08 11:20:12',	0,	'192.168.0.105'),
(603,	'acd_exam_group',	'acd_exam_group',	'1',	'edit',	'2017-05-08 11:20:12',	0,	'192.168.0.105'),
(604,	'acd_exam_group',	'acd_exam_group',	'1',	'edit',	'2017-05-08 11:20:12',	0,	'192.168.0.105'),
(605,	'acd_exam_group',	'acd_exam_group',	'1',	'edit',	'2017-05-08 11:20:13',	0,	'192.168.0.105'),
(606,	'acd_exam_group',	'acd_exam_group',	'1',	'edit',	'2017-05-08 11:20:13',	0,	'192.168.0.105'),
(607,	'acd_exam_group',	'acd_exam_group',	'1',	'edit',	'2017-05-08 11:20:13',	0,	'192.168.0.105'),
(608,	'acd_exam_group',	'acd_exam_group',	'1',	'edit',	'2017-05-08 11:20:13',	0,	'192.168.0.105'),
(609,	'acd_exam_group',	'acd_exam_group',	'1',	'edit',	'2017-05-08 11:20:14',	0,	'192.168.0.105'),
(610,	'acd_exam_group',	'acd_exam_group',	'1',	'edit',	'2017-05-08 11:20:14',	0,	'192.168.0.105'),
(611,	'acd_exam_group',	'acd_exam_group',	'1',	'edit',	'2017-05-08 11:20:14',	0,	'192.168.0.105'),
(612,	'acd_exam_group',	'acd_exam_group',	'1',	'edit',	'2017-05-08 11:20:15',	0,	'192.168.0.105'),
(613,	'acd_exam_group',	'acd_exam_group',	'1',	'edit',	'2017-05-08 11:20:15',	0,	'192.168.0.105'),
(614,	'acd_exam_group',	'acd_exam_group',	'1',	'edit',	'2017-05-08 11:20:15',	0,	'192.168.0.105'),
(615,	'acd_exam_group',	'acd_exam_group',	'1',	'edit',	'2017-05-08 11:20:15',	0,	'192.168.0.105'),
(616,	'acd_exam_group',	'acd_exam_group',	'1',	'edit',	'2017-05-08 11:20:16',	0,	'192.168.0.105'),
(617,	'acd_exam_group',	'acd_exam_group',	'1',	'edit',	'2017-05-08 11:20:16',	0,	'192.168.0.105'),
(618,	'acd_exam_group',	'acd_exam_group',	'1',	'edit',	'2017-05-08 11:20:16',	0,	'192.168.0.105'),
(619,	'acd_exam_group',	'acd_exam_group',	'1',	'edit',	'2017-05-08 11:20:17',	0,	'192.168.0.105'),
(620,	'acd_exam_group',	'acd_exam_group',	'1',	'edit',	'2017-05-08 11:20:17',	0,	'192.168.0.105'),
(621,	'acd_exam_group',	'acd_exam_group',	'1',	'edit',	'2017-05-08 11:20:17',	0,	'192.168.0.105'),
(622,	'acd_exam_group',	'acd_exam_group',	'1',	'edit',	'2017-05-08 11:20:17',	0,	'192.168.0.105'),
(623,	'acd_exam_group',	'acd_exam_group',	'1',	'edit',	'2017-05-08 11:20:18',	0,	'192.168.0.105'),
(624,	'acd_exam_group',	'acd_exam_group',	'1',	'edit',	'2017-05-08 11:20:18',	0,	'192.168.0.105'),
(625,	'acd_exam_group',	'acd_exam_group',	'1',	'edit',	'2017-05-08 11:20:18',	0,	'192.168.0.105'),
(626,	'acd_exam_group',	'acd_exam_group',	'1',	'edit',	'2017-05-08 11:20:18',	0,	'192.168.0.105'),
(627,	'acd_exam_group',	'acd_exam_group',	'1',	'edit',	'2017-05-08 11:20:19',	0,	'192.168.0.105'),
(628,	'acd_exam_group',	'acd_exam_group',	'1',	'edit',	'2017-05-08 11:20:19',	0,	'192.168.0.105'),
(629,	'acd_exam_group',	'acd_exam_group',	'1',	'edit',	'2017-05-08 11:20:19',	0,	'192.168.0.105'),
(630,	'acd_exam_group',	'acd_exam_group',	'1',	'edit',	'2017-05-08 11:20:19',	0,	'192.168.0.105'),
(631,	'acd_exam_group',	'acd_exam_group',	'1',	'edit',	'2017-05-08 11:20:20',	0,	'192.168.0.105'),
(632,	'acd_exam_group',	'acd_exam_group',	'1',	'edit',	'2017-05-08 11:20:20',	0,	'192.168.0.105'),
(633,	'acd_exam_group',	'acd_exam_group',	'1',	'edit',	'2017-05-08 11:20:20',	0,	'192.168.0.105'),
(634,	'acd_exam_group',	'acd_exam_group',	'1',	'edit',	'2017-05-08 11:20:20',	0,	'192.168.0.105'),
(635,	'acd_exam_group',	'acd_exam_group',	'1',	'edit',	'2017-05-08 11:20:21',	0,	'192.168.0.105'),
(636,	'acd_exam_group',	'acd_exam_group',	'1',	'edit',	'2017-05-08 11:20:21',	0,	'192.168.0.105'),
(637,	'acd_exam_group',	'acd_exam_group',	'1',	'edit',	'2017-05-08 11:20:21',	0,	'192.168.0.105'),
(638,	'acd_exam_group',	'acd_exam_group',	'1',	'edit',	'2017-05-08 11:20:21',	0,	'192.168.0.105'),
(639,	'acd_exam_group',	'acd_exam_group',	'1',	'edit',	'2017-05-08 11:20:22',	0,	'192.168.0.105'),
(640,	'acd_exam_group',	'acd_exam_group',	'1',	'edit',	'2017-05-08 11:20:22',	0,	'192.168.0.105'),
(641,	'acd_exam_group',	'acd_exam_group',	'1',	'edit',	'2017-05-08 11:20:22',	0,	'192.168.0.105'),
(642,	'acd_exam_group',	'acd_exam_group',	'1',	'edit',	'2017-05-08 11:20:22',	0,	'192.168.0.105'),
(643,	'acd_exam_group',	'acd_exam_group',	'1',	'edit',	'2017-05-08 11:20:23',	0,	'192.168.0.105'),
(644,	'acd_exam_group',	'acd_exam_group',	'1',	'edit',	'2017-05-08 11:20:23',	0,	'192.168.0.105'),
(645,	'acd_exam_group',	'acd_exam_group',	'1',	'edit',	'2017-05-08 11:20:23',	0,	'192.168.0.105'),
(646,	'acd_exam_group',	'acd_exam_group',	'1',	'edit',	'2017-05-08 11:20:23',	0,	'192.168.0.105'),
(647,	'acd_exam_group',	'acd_exam_group',	'1',	'edit',	'2017-05-08 11:20:24',	0,	'192.168.0.105'),
(648,	'acd_exam_group',	'acd_exam_group',	'1',	'edit',	'2017-05-08 11:20:24',	0,	'192.168.0.105'),
(649,	'acd_exam_group',	'acd_exam_group',	'1',	'edit',	'2017-05-08 11:20:24',	0,	'192.168.0.105'),
(650,	'acd_exam_group',	'acd_exam_group',	'1',	'edit',	'2017-05-08 11:20:24',	0,	'192.168.0.105'),
(651,	'acd_exam_group',	'acd_exam_group',	'1',	'edit',	'2017-05-08 11:20:25',	0,	'192.168.0.105'),
(652,	'acd_exam_group',	'acd_exam_group',	'1',	'edit',	'2017-05-08 11:20:25',	0,	'192.168.0.105'),
(653,	'acd_exam_group',	'acd_exam_group',	'1',	'edit',	'2017-05-08 11:20:25',	0,	'192.168.0.105'),
(654,	'acd_exam_group',	'acd_exam_group',	'1',	'edit',	'2017-05-08 11:20:25',	0,	'192.168.0.105'),
(655,	'acd_exam_group',	'acd_exam_group',	'1',	'edit',	'2017-05-08 11:20:26',	0,	'192.168.0.105'),
(656,	'acd_exam_group',	'acd_exam_group',	'1',	'edit',	'2017-05-08 11:20:26',	0,	'192.168.0.105'),
(657,	'acd_exam_group',	'acd_exam_group',	'1',	'edit',	'2017-05-08 11:20:26',	0,	'192.168.0.105'),
(658,	'acd_exam_group',	'acd_exam_group',	'1',	'edit',	'2017-05-08 11:20:26',	0,	'192.168.0.105'),
(659,	'acd_exam_group',	'acd_exam_group',	'1',	'edit',	'2017-05-08 11:20:27',	0,	'192.168.0.105'),
(660,	'acd_exam_group',	'acd_exam_group',	'1',	'edit',	'2017-05-08 11:20:27',	0,	'192.168.0.105'),
(661,	'acd_exam_group',	'acd_exam_group',	'1',	'edit',	'2017-05-08 11:20:27',	0,	'192.168.0.105'),
(662,	'acd_exam_group',	'acd_exam_group',	'1',	'edit',	'2017-05-08 11:20:27',	0,	'192.168.0.105'),
(663,	'acd_exam_group',	'acd_exam_group',	'1',	'edit',	'2017-05-08 11:20:28',	0,	'192.168.0.105'),
(664,	'acd_exam_group',	'acd_exam_group',	'1',	'edit',	'2017-05-08 11:20:28',	0,	'192.168.0.105'),
(665,	'acd_exam_group',	'acd_exam_group',	'1',	'edit',	'2017-05-08 11:20:28',	0,	'192.168.0.105'),
(666,	'acd_exam_group',	'acd_exam_group',	'1',	'edit',	'2017-05-08 11:20:28',	0,	'192.168.0.105'),
(667,	'acd_exam_group',	'acd_exam_group',	'1',	'edit',	'2017-05-08 11:20:29',	0,	'192.168.0.105'),
(668,	'acd_exam_group',	'acd_exam_group',	'1',	'edit',	'2017-05-08 11:20:29',	0,	'192.168.0.105'),
(669,	'acd_exam_group',	'acd_exam_group',	'1',	'edit',	'2017-05-08 11:20:29',	0,	'192.168.0.105'),
(670,	'acd_exam_group',	'acd_exam_group',	'1',	'edit',	'2017-05-08 11:20:29',	0,	'192.168.0.105'),
(671,	'acd_exam_group',	'acd_exam_group',	'1',	'edit',	'2017-05-08 11:20:30',	0,	'192.168.0.105'),
(672,	'acd_exam_group',	'acd_exam_group',	'1',	'edit',	'2017-05-08 11:20:30',	0,	'192.168.0.105'),
(673,	'acd_exam_group',	'acd_exam_group',	'1',	'edit',	'2017-05-08 11:20:30',	0,	'192.168.0.105'),
(674,	'acd_exam_group',	'acd_exam_group',	'1',	'edit',	'2017-05-08 11:20:31',	0,	'192.168.0.105'),
(675,	'acd_exam_group',	'acd_exam_group',	'1',	'edit',	'2017-05-08 11:20:31',	0,	'192.168.0.105'),
(676,	'acd_exam_group',	'acd_exam_group',	'1',	'edit',	'2017-05-08 11:20:31',	0,	'192.168.0.105'),
(677,	'acd_exam_group',	'acd_exam_group',	'1',	'edit',	'2017-05-08 11:20:31',	0,	'192.168.0.105'),
(678,	'acd_exam_group',	'acd_exam_group',	'1',	'edit',	'2017-05-08 11:20:32',	0,	'192.168.0.105'),
(679,	'acd_exam_group',	'acd_exam_group',	'1',	'edit',	'2017-05-08 11:20:32',	0,	'192.168.0.105'),
(680,	'acd_exam_group',	'acd_exam_group',	'1',	'edit',	'2017-05-08 11:20:32',	0,	'192.168.0.105'),
(681,	'acd_exam_group',	'acd_exam_group',	'1',	'edit',	'2017-05-08 11:20:32',	0,	'192.168.0.105'),
(682,	'acd_exam_group',	'acd_exam_group',	'1',	'edit',	'2017-05-08 11:20:33',	0,	'192.168.0.105'),
(683,	'acd_exam_group',	'acd_exam_group',	'1',	'edit',	'2017-05-08 11:20:33',	0,	'192.168.0.105'),
(684,	'acd_exam_group',	'acd_exam_group',	'1',	'edit',	'2017-05-08 11:20:34',	0,	'192.168.0.105'),
(685,	'acd_exam_group',	'acd_exam_group',	'1',	'edit',	'2017-05-08 11:20:34',	0,	'192.168.0.105'),
(686,	'acd_exam_group',	'acd_exam_group',	'1',	'edit',	'2017-05-08 11:20:34',	0,	'192.168.0.105'),
(687,	'acd_exam_group',	'acd_exam_group',	'1',	'edit',	'2017-05-08 11:20:34',	0,	'192.168.0.105'),
(688,	'acd_exam_group',	'acd_exam_group',	'1',	'edit',	'2017-05-08 11:20:35',	0,	'192.168.0.105'),
(689,	'acd_exam_group',	'acd_exam_group',	'1',	'edit',	'2017-05-08 11:20:35',	0,	'192.168.0.105'),
(690,	'acd_exam_group',	'acd_exam_group',	'1',	'edit',	'2017-05-08 11:20:35',	0,	'192.168.0.105'),
(691,	'acd_exam_group',	'acd_exam_group',	'1',	'edit',	'2017-05-08 11:20:36',	0,	'192.168.0.105'),
(692,	'acd_exam_group',	'acd_exam_group',	'1',	'edit',	'2017-05-08 11:20:36',	0,	'192.168.0.105'),
(693,	'acd_exam_group',	'acd_exam_group',	'1',	'edit',	'2017-05-08 11:20:36',	0,	'192.168.0.105'),
(694,	'acd_exam_group',	'acd_exam_group',	'1',	'edit',	'2017-05-08 11:20:36',	0,	'192.168.0.105'),
(695,	'acd_exam_group',	'acd_exam_group',	'1',	'edit',	'2017-05-08 11:20:37',	0,	'192.168.0.105'),
(696,	'acd_exam_group',	'acd_exam_group',	'1',	'edit',	'2017-05-08 11:20:37',	0,	'192.168.0.105'),
(697,	'acd_exam_group',	'acd_exam_group',	'1',	'edit',	'2017-05-08 11:20:37',	0,	'192.168.0.105'),
(698,	'acd_exam_group',	'acd_exam_group',	'1',	'edit',	'2017-05-08 11:20:37',	0,	'192.168.0.105'),
(699,	'acd_exam_group',	'acd_exam_group',	'1',	'edit',	'2017-05-08 11:20:38',	0,	'192.168.0.105'),
(700,	'acd_exam_group',	'acd_exam_group',	'1',	'edit',	'2017-05-08 11:20:38',	0,	'192.168.0.105'),
(701,	'acd_exam_group',	'acd_exam_group',	'1',	'edit',	'2017-05-08 11:20:38',	0,	'192.168.0.105'),
(702,	'acd_exam_group',	'acd_exam_group',	'1',	'edit',	'2017-05-08 11:20:38',	0,	'192.168.0.105'),
(703,	'acd_exam_group',	'acd_exam_group',	'1',	'edit',	'2017-05-08 11:20:39',	0,	'192.168.0.105'),
(704,	'acd_exam_group',	'acd_exam_group',	'1',	'edit',	'2017-05-08 11:20:39',	0,	'192.168.0.105'),
(705,	'acd_exam_group',	'acd_exam_group',	'1',	'edit',	'2017-05-08 11:20:39',	0,	'192.168.0.105'),
(706,	'acd_exam_group',	'acd_exam_group',	'1',	'edit',	'2017-05-08 11:20:39',	0,	'192.168.0.105'),
(707,	'acd_exam_group',	'acd_exam_group',	'1',	'edit',	'2017-05-08 11:20:40',	0,	'192.168.0.105'),
(708,	'acd_exam_group',	'acd_exam_group',	'1',	'edit',	'2017-05-08 11:20:40',	0,	'192.168.0.105'),
(709,	'acd_exam_group',	'acd_exam_group',	'1',	'edit',	'2017-05-08 11:20:40',	0,	'192.168.0.105'),
(710,	'acd_exam_group',	'acd_exam_group',	'1',	'edit',	'2017-05-08 11:20:40',	0,	'192.168.0.105'),
(711,	'acd_exam_group',	'acd_exam_group',	'1',	'edit',	'2017-05-08 11:20:41',	0,	'192.168.0.105'),
(712,	'acd_exam_group',	'acd_exam_group',	'1',	'edit',	'2017-05-08 11:20:41',	0,	'192.168.0.105'),
(713,	'acd_exam_group',	'acd_exam_group',	'1',	'edit',	'2017-05-08 11:20:41',	0,	'192.168.0.105'),
(714,	'acd_exam_group',	'acd_exam_group',	'1',	'edit',	'2017-05-08 11:20:41',	0,	'192.168.0.105'),
(715,	'acd_exam_group',	'acd_exam_group',	'1',	'edit',	'2017-05-08 11:20:42',	0,	'192.168.0.105'),
(716,	'acd_exam_group',	'acd_exam_group',	'1',	'edit',	'2017-05-08 11:20:42',	0,	'192.168.0.105'),
(717,	'acd_exam_group',	'acd_exam_group',	'1',	'edit',	'2017-05-08 11:20:42',	0,	'192.168.0.105'),
(718,	'acd_exam_group',	'acd_exam_group',	'1',	'edit',	'2017-05-08 11:20:43',	0,	'192.168.0.105'),
(719,	'acd_exam_group',	'acd_exam_group',	'1',	'edit',	'2017-05-08 11:20:43',	0,	'192.168.0.105'),
(720,	'acd_exam_group',	'acd_exam_group',	'1',	'edit',	'2017-05-08 11:20:43',	0,	'192.168.0.105'),
(721,	'acd_exam_group',	'acd_exam_group',	'1',	'edit',	'2017-05-08 11:20:44',	0,	'192.168.0.105'),
(722,	'acd_exam_group',	'acd_exam_group',	'1',	'edit',	'2017-05-08 11:20:44',	0,	'192.168.0.105'),
(723,	'acd_exam_group',	'acd_exam_group',	'1',	'edit',	'2017-05-08 11:20:44',	0,	'192.168.0.105'),
(724,	'acd_exam_group',	'acd_exam_group',	'1',	'edit',	'2017-05-08 11:20:45',	0,	'192.168.0.105'),
(725,	'acd_exam_group',	'acd_exam_group',	'1',	'edit',	'2017-05-08 11:20:45',	0,	'192.168.0.105'),
(726,	'acd_exam_group',	'acd_exam_group',	'1',	'edit',	'2017-05-08 11:20:45',	0,	'192.168.0.105'),
(727,	'acd_exam_group',	'acd_exam_group',	'1',	'edit',	'2017-05-08 11:20:45',	0,	'192.168.0.105'),
(728,	'acd_exam_group',	'acd_exam_group',	'1',	'edit',	'2017-05-08 11:20:46',	0,	'192.168.0.105'),
(729,	'acd_exam_group',	'acd_exam_group',	'1',	'edit',	'2017-05-08 11:20:46',	0,	'192.168.0.105'),
(730,	'acd_exam_group',	'acd_exam_group',	'1',	'edit',	'2017-05-08 11:20:46',	0,	'192.168.0.105'),
(731,	'acd_exam_group',	'acd_exam_group',	'1',	'edit',	'2017-05-08 11:20:47',	0,	'192.168.0.105'),
(732,	'acd_exam_group',	'acd_exam_group',	'1',	'edit',	'2017-05-08 11:20:47',	0,	'192.168.0.105'),
(733,	'acd_exam_group',	'acd_exam_group',	'1',	'edit',	'2017-05-08 11:20:47',	0,	'192.168.0.105'),
(734,	'acd_exam_group',	'acd_exam_group',	'1',	'edit',	'2017-05-08 11:20:48',	0,	'192.168.0.105'),
(735,	'acd_exam_group',	'acd_exam_group',	'1',	'edit',	'2017-05-08 11:20:48',	0,	'192.168.0.105'),
(736,	'acd_exam_group',	'acd_exam_group',	'1',	'edit',	'2017-05-08 11:20:49',	0,	'192.168.0.105'),
(737,	'acd_exam_group',	'acd_exam_group',	'1',	'edit',	'2017-05-08 11:20:49',	0,	'192.168.0.105'),
(738,	'acd_exam_group',	'acd_exam_group',	'1',	'edit',	'2017-05-08 11:20:49',	0,	'192.168.0.105'),
(739,	'acd_exam_group',	'acd_exam_group',	'1',	'edit',	'2017-05-08 11:20:49',	0,	'192.168.0.105'),
(740,	'acd_exam_group',	'acd_exam_group',	'1',	'edit',	'2017-05-08 11:20:50',	0,	'192.168.0.105'),
(741,	'acd_exam_group',	'acd_exam_group',	'1',	'edit',	'2017-05-08 11:20:50',	0,	'192.168.0.105'),
(742,	'acd_exam_group',	'acd_exam_group',	'1',	'edit',	'2017-05-08 11:20:51',	0,	'192.168.0.105'),
(743,	'acd_exam_group',	'acd_exam_group',	'1',	'edit',	'2017-05-08 11:20:51',	0,	'192.168.0.105'),
(744,	'acd_exam_group',	'acd_exam_group',	'1',	'edit',	'2017-05-08 11:20:51',	0,	'192.168.0.105'),
(745,	'acd_exam_group',	'acd_exam_group',	'1',	'edit',	'2017-05-08 11:20:51',	0,	'192.168.0.105'),
(746,	'acd_exam_group',	'acd_exam_group',	'1',	'edit',	'2017-05-08 11:20:52',	0,	'192.168.0.105'),
(747,	'acd_exam_group',	'acd_exam_group',	'1',	'edit',	'2017-05-08 11:20:52',	0,	'192.168.0.105'),
(748,	'acd_exam_group',	'acd_exam_group',	'1',	'edit',	'2017-05-08 11:20:53',	0,	'192.168.0.105'),
(749,	'acd_exam_group',	'acd_exam_group',	'1',	'edit',	'2017-05-08 11:20:53',	0,	'192.168.0.105'),
(750,	'acd_exam_group',	'acd_exam_group',	'1',	'edit',	'2017-05-08 11:20:54',	0,	'192.168.0.105'),
(751,	'acd_exam_group',	'acd_exam_group',	'1',	'edit',	'2017-05-08 11:20:54',	0,	'192.168.0.105'),
(752,	'acd_exam_group',	'acd_exam_group',	'1',	'edit',	'2017-05-08 11:20:54',	0,	'192.168.0.105'),
(753,	'acd_exam_group',	'acd_exam_group',	'1',	'edit',	'2017-05-08 11:20:55',	0,	'192.168.0.105'),
(754,	'acd_exam_group',	'acd_exam_group',	'1',	'edit',	'2017-05-08 11:20:55',	0,	'192.168.0.105'),
(755,	'acd_exam_group',	'acd_exam_group',	'1',	'edit',	'2017-05-08 11:20:55',	0,	'192.168.0.105'),
(756,	'acd_exam_group',	'acd_exam_group',	'1',	'edit',	'2017-05-08 11:20:55',	0,	'192.168.0.105'),
(757,	'acd_exam_group',	'acd_exam_group',	'1',	'edit',	'2017-05-08 11:20:56',	0,	'192.168.0.105'),
(758,	'acd_exam_group',	'acd_exam_group',	'1',	'edit',	'2017-05-08 11:20:56',	0,	'192.168.0.105'),
(759,	'acd_exam_group',	'acd_exam_group',	'1',	'edit',	'2017-05-08 11:20:56',	0,	'192.168.0.105'),
(760,	'acd_exam_group',	'acd_exam_group',	'1',	'edit',	'2017-05-08 11:20:57',	0,	'192.168.0.105'),
(761,	'acd_exam_group',	'acd_exam_group',	'1',	'edit',	'2017-05-08 11:20:57',	0,	'192.168.0.105'),
(762,	'acd_exam_group',	'acd_exam_group',	'1',	'edit',	'2017-05-08 11:20:57',	0,	'192.168.0.105'),
(763,	'acd_exam_group',	'acd_exam_group',	'1',	'edit',	'2017-05-08 11:20:57',	0,	'192.168.0.105'),
(764,	'acd_exam_group',	'acd_exam_group',	'1',	'edit',	'2017-05-08 11:20:58',	0,	'192.168.0.105'),
(765,	'acd_exam_group',	'acd_exam_group',	'1',	'edit',	'2017-05-08 11:20:58',	0,	'192.168.0.105'),
(766,	'acd_exam_group',	'acd_exam_group',	'1',	'edit',	'2017-05-08 11:20:58',	0,	'192.168.0.105'),
(767,	'acd_exam_group',	'acd_exam_group',	'1',	'edit',	'2017-05-08 11:20:59',	0,	'192.168.0.105'),
(768,	'acd_exam_group',	'acd_exam_group',	'1',	'edit',	'2017-05-08 11:21:03',	0,	'192.168.0.105'),
(769,	'acd_exam_group',	'acd_exam_group',	'1',	'edit',	'2017-05-08 11:21:06',	0,	'192.168.0.105'),
(770,	'acd_studentmarks_details',	'acd_studentmarks_details',	'13',	'edit',	'2017-05-08 11:21:12',	0,	'192.168.0.105'),
(771,	'acd_studentmarks_details',	'acd_studentmarks_details',	'14',	'edit',	'2017-05-08 11:21:12',	0,	'192.168.0.105'),
(772,	'acd_studentmarks_details',	'acd_studentmarks_details',	'15',	'edit',	'2017-05-08 11:21:12',	0,	'192.168.0.105'),
(773,	'acd_studentmarks_details',	'acd_studentmarks_details',	'16',	'edit',	'2017-05-08 11:21:12',	0,	'192.168.0.105'),
(774,	'acd_studentmarks_details',	'acd_studentmarks_details',	'17',	'edit',	'2017-05-08 11:21:13',	0,	'192.168.0.105'),
(775,	'acd_studentmarks_details',	'acd_studentmarks_details',	'18',	'edit',	'2017-05-08 11:21:13',	0,	'192.168.0.105'),
(776,	'acd_studentmarks_details',	'acd_studentmarks_details',	'19',	'edit',	'2017-05-08 11:21:13',	0,	'192.168.0.105'),
(777,	'acd_studentmarks_details',	'acd_studentmarks_details',	'20',	'edit',	'2017-05-08 11:21:13',	0,	'192.168.0.105'),
(778,	'acd_studentmarks_details',	'acd_studentmarks_details',	'21',	'edit',	'2017-05-08 11:21:13',	0,	'192.168.0.105'),
(779,	'acd_studentmarks_details',	'acd_studentmarks_details',	'22',	'edit',	'2017-05-08 11:21:13',	0,	'192.168.0.105'),
(780,	'acd_studentmarks_details',	'acd_studentmarks_details',	'23',	'edit',	'2017-05-08 11:21:14',	0,	'192.168.0.105'),
(781,	'acd_studentmarks_details',	'acd_studentmarks_details',	'24',	'edit',	'2017-05-08 11:21:14',	0,	'192.168.0.105'),
(782,	'acd_studentmarks_details',	'acd_studentmarks_details',	'25',	'edit',	'2017-05-08 11:21:14',	0,	'192.168.0.105'),
(783,	'acd_studentmarks_details',	'acd_studentmarks_details',	'26',	'edit',	'2017-05-08 11:21:14',	0,	'192.168.0.105'),
(784,	'acd_studentmarks_details',	'acd_studentmarks_details',	'27',	'edit',	'2017-05-08 11:21:14',	0,	'192.168.0.105'),
(785,	'acd_studentmarks_details',	'acd_studentmarks_details',	'28',	'edit',	'2017-05-08 11:21:15',	0,	'192.168.0.105'),
(786,	'acd_studentmarks_details',	'acd_studentmarks_details',	'29',	'edit',	'2017-05-08 11:21:15',	0,	'192.168.0.105'),
(787,	'acd_studentmarks_details',	'acd_studentmarks_details',	'30',	'edit',	'2017-05-08 11:21:15',	0,	'192.168.0.105'),
(788,	'acd_studentmarks_details',	'acd_studentmarks_details',	'31',	'edit',	'2017-05-08 11:21:15',	0,	'192.168.0.105'),
(789,	'acd_studentmarks_details',	'acd_studentmarks_details',	'32',	'edit',	'2017-05-08 11:21:15',	0,	'192.168.0.105'),
(790,	'acd_studentmarks_details',	'acd_studentmarks_details',	'33',	'edit',	'2017-05-08 11:21:15',	0,	'192.168.0.105'),
(791,	'acd_examination_marks',	'acd_examination_marks',	'3',	'edit',	'2017-05-08 11:21:16',	0,	'192.168.0.105'),
(792,	'acd_studentmarks_details',	'acd_studentmarks_details',	'13',	'edit',	'2017-05-08 11:21:58',	0,	'192.168.0.105'),
(793,	'acd_studentmarks_details',	'acd_studentmarks_details',	'14',	'edit',	'2017-05-08 11:21:58',	0,	'192.168.0.105'),
(794,	'acd_studentmarks_details',	'acd_studentmarks_details',	'15',	'edit',	'2017-05-08 11:21:58',	0,	'192.168.0.105'),
(795,	'acd_studentmarks_details',	'acd_studentmarks_details',	'16',	'edit',	'2017-05-08 11:21:59',	0,	'192.168.0.105'),
(796,	'acd_studentmarks_details',	'acd_studentmarks_details',	'17',	'edit',	'2017-05-08 11:21:59',	0,	'192.168.0.105'),
(797,	'acd_studentmarks_details',	'acd_studentmarks_details',	'18',	'edit',	'2017-05-08 11:21:59',	0,	'192.168.0.105'),
(798,	'acd_studentmarks_details',	'acd_studentmarks_details',	'19',	'edit',	'2017-05-08 11:21:59',	0,	'192.168.0.105'),
(799,	'acd_studentmarks_details',	'acd_studentmarks_details',	'20',	'edit',	'2017-05-08 11:21:59',	0,	'192.168.0.105'),
(800,	'acd_studentmarks_details',	'acd_studentmarks_details',	'21',	'edit',	'2017-05-08 11:22:00',	0,	'192.168.0.105'),
(801,	'acd_studentmarks_details',	'acd_studentmarks_details',	'22',	'edit',	'2017-05-08 11:22:00',	0,	'192.168.0.105'),
(802,	'acd_studentmarks_details',	'acd_studentmarks_details',	'23',	'edit',	'2017-05-08 11:22:00',	0,	'192.168.0.105'),
(803,	'acd_studentmarks_details',	'acd_studentmarks_details',	'24',	'edit',	'2017-05-08 11:22:00',	0,	'192.168.0.105'),
(804,	'acd_studentmarks_details',	'acd_studentmarks_details',	'25',	'edit',	'2017-05-08 11:22:00',	0,	'192.168.0.105'),
(805,	'acd_studentmarks_details',	'acd_studentmarks_details',	'26',	'edit',	'2017-05-08 11:22:01',	0,	'192.168.0.105'),
(806,	'acd_studentmarks_details',	'acd_studentmarks_details',	'27',	'edit',	'2017-05-08 11:22:01',	0,	'192.168.0.105'),
(807,	'acd_studentmarks_details',	'acd_studentmarks_details',	'28',	'edit',	'2017-05-08 11:22:01',	0,	'192.168.0.105'),
(808,	'acd_studentmarks_details',	'acd_studentmarks_details',	'29',	'edit',	'2017-05-08 11:22:01',	0,	'192.168.0.105'),
(809,	'acd_studentmarks_details',	'acd_studentmarks_details',	'30',	'edit',	'2017-05-08 11:22:02',	0,	'192.168.0.105'),
(810,	'acd_studentmarks_details',	'acd_studentmarks_details',	'31',	'edit',	'2017-05-08 11:22:02',	0,	'192.168.0.105'),
(811,	'acd_studentmarks_details',	'acd_studentmarks_details',	'32',	'edit',	'2017-05-08 11:22:02',	0,	'192.168.0.105'),
(812,	'acd_studentmarks_details',	'acd_studentmarks_details',	'33',	'edit',	'2017-05-08 11:22:02',	0,	'192.168.0.105'),
(813,	'acd_examination_marks',	'acd_examination_marks',	'3',	'edit',	'2017-05-08 11:22:02',	0,	'192.168.0.105'),
(814,	'acd_exam_group',	'acd_exam_group',	'1',	'edit',	'2017-05-08 11:22:08',	0,	'192.168.0.105'),
(815,	'acd_exam_group',	'acd_exam_group',	'1',	'edit',	'2017-05-08 11:22:11',	0,	'192.168.0.105'),
(816,	'acd_exam_group',	'acd_exam_group',	'1',	'edit',	'2017-05-08 11:22:24',	0,	'192.168.0.105'),
(817,	'acd_exam_group',	'acd_exam_group',	'1',	'edit',	'2017-05-08 11:22:29',	0,	'192.168.0.105'),
(818,	'core_node_settings',	'core_node_settings',	'acd_student_attendance',	'edit',	'2017-05-08 14:41:49',	0,	'192.168.0.150'),
(819,	'core_archive_data',	'core_archive_data',	'8',	'add',	'2017-05-08 14:42:22',	0,	'192.168.0.150'),
(820,	'acd_student_attendance_details',	'acd_student_attendance_details',	'2',	'delete',	'2017-05-08 14:42:23',	0,	'192.168.0.150'),
(821,	'core_archive_data',	'core_archive_data',	'9',	'add',	'2017-05-08 14:42:23',	0,	'192.168.0.150'),
(822,	'acd_student_attendance_details',	'acd_student_attendance_details',	'1',	'delete',	'2017-05-08 14:42:23',	0,	'192.168.0.150'),
(823,	'acd_student_attendance',	'acd_student_attendance',	'5',	'add',	'2017-05-08 14:50:18',	0,	'192.168.0.150'),
(824,	'core_archive_data',	'core_archive_data',	'10',	'add',	'2017-05-08 14:50:24',	0,	'192.168.0.150'),
(825,	'acd_student_attendance',	'acd_student_attendance',	'5',	'delete',	'2017-05-08 14:50:24',	0,	'192.168.0.150'),
(826,	'acd_student_attendance',	'acd_student_attendance',	'6',	'add',	'2017-05-08 14:54:25',	0,	'192.168.0.150'),
(827,	'core_archive_data',	'core_archive_data',	'11',	'add',	'2017-05-08 14:54:29',	0,	'192.168.0.150'),
(828,	'acd_student_attendance',	'acd_student_attendance',	'6',	'delete',	'2017-05-08 14:54:29',	0,	'192.168.0.150'),
(829,	'acd_student_attendance',	'acd_student_attendance',	'7',	'add',	'2017-05-08 14:56:02',	0,	'192.168.0.150'),
(830,	'acd_student_attendance',	'acd_student_attendance',	'8',	'add',	'2017-05-08 14:56:07',	0,	'192.168.0.150'),
(831,	'core_archive_data',	'core_archive_data',	'12',	'add',	'2017-05-08 14:56:18',	0,	'192.168.0.150'),
(832,	'acd_student_attendance',	'acd_student_attendance',	'8',	'delete',	'2017-05-08 14:56:18',	0,	'192.168.0.150'),
(833,	'core_archive_data',	'core_archive_data',	'13',	'add',	'2017-05-08 14:56:18',	0,	'192.168.0.150'),
(834,	'acd_student_attendance',	'acd_student_attendance',	'7',	'delete',	'2017-05-08 14:56:18',	0,	'192.168.0.150'),
(835,	'acd_student_attendance',	'acd_student_attendance',	'9',	'add',	'2017-05-08 14:57:39',	0,	'192.168.0.150'),
(836,	'core_archive_data',	'core_archive_data',	'14',	'add',	'2017-05-08 14:57:47',	0,	'192.168.0.150'),
(837,	'acd_student_attendance',	'acd_student_attendance',	'9',	'delete',	'2017-05-08 14:57:47',	0,	'192.168.0.150'),
(838,	'acd_student_attendance',	'acd_student_attendance',	'10',	'add',	'2017-05-08 14:58:15',	0,	'192.168.0.150'),
(839,	'acd_student_attendance',	'acd_student_attendance',	'10',	'edit',	'2017-05-08 14:59:46',	0,	'192.168.0.150'),
(840,	'acd_student_attendance',	'acd_student_attendance',	'10',	'edit',	'2017-05-08 15:00:27',	0,	'192.168.0.150'),
(841,	'core_archive_data',	'core_archive_data',	'15',	'add',	'2017-05-08 15:00:34',	0,	'192.168.0.150'),
(842,	'acd_student_attendance',	'acd_student_attendance',	'10',	'delete',	'2017-05-08 15:00:34',	0,	'192.168.0.150'),
(843,	'acd_student_attendance',	'acd_student_attendance',	'11',	'add',	'2017-05-08 15:01:37',	0,	'192.168.0.150'),
(844,	'acd_student_attendance',	'acd_student_attendance',	'12',	'add',	'2017-05-08 15:01:54',	0,	'192.168.0.150'),
(845,	'acd_student_attendance',	'acd_student_attendance',	'13',	'add',	'2017-05-08 15:09:30',	0,	'192.168.0.150'),
(846,	'acd_student_attendance',	'acd_student_attendance',	'14',	'add',	'2017-05-08 15:20:16',	0,	'192.168.0.150'),
(847,	'acd_student_attendance',	'acd_student_attendance',	'15',	'add',	'2017-05-08 15:21:26',	0,	'192.168.0.150'),
(848,	'core_archive_data',	'core_archive_data',	'16',	'add',	'2017-05-08 15:21:42',	0,	'192.168.0.150'),
(849,	'acd_student_attendance',	'acd_student_attendance',	'15',	'delete',	'2017-05-08 15:21:42',	0,	'192.168.0.150'),
(850,	'core_archive_data',	'core_archive_data',	'17',	'add',	'2017-05-08 15:21:42',	0,	'192.168.0.150'),
(851,	'acd_student_attendance',	'acd_student_attendance',	'14',	'delete',	'2017-05-08 15:21:42',	0,	'192.168.0.150'),
(852,	'core_archive_data',	'core_archive_data',	'18',	'add',	'2017-05-08 15:21:42',	0,	'192.168.0.150'),
(853,	'acd_student_attendance',	'acd_student_attendance',	'13',	'delete',	'2017-05-08 15:21:43',	0,	'192.168.0.150'),
(854,	'core_archive_data',	'core_archive_data',	'19',	'add',	'2017-05-08 15:21:43',	0,	'192.168.0.150'),
(855,	'acd_student_attendance',	'acd_student_attendance',	'12',	'delete',	'2017-05-08 15:21:43',	0,	'192.168.0.150'),
(856,	'core_archive_data',	'core_archive_data',	'20',	'add',	'2017-05-08 15:21:43',	0,	'192.168.0.150'),
(857,	'acd_student_attendance',	'acd_student_attendance',	'11',	'delete',	'2017-05-08 15:21:43',	0,	'192.168.0.150'),
(858,	'acd_student_attendance',	'acd_student_attendance',	'16',	'add',	'2017-05-08 15:22:46',	0,	'192.168.0.150'),
(859,	'acd_student_attendance',	'acd_student_attendance',	'17',	'add',	'2017-05-08 15:23:56',	0,	'192.168.0.150'),
(860,	'acd_student_attendance',	'acd_student_attendance',	'18',	'add',	'2017-05-08 15:25:21',	0,	'192.168.0.150'),
(861,	'core_node_relations',	'core_node_relations',	'301',	'add',	'2017-05-08 15:31:33',	0,	'192.168.0.150'),
(862,	'core_node_relations',	'core_node_relations',	'289',	'edit',	'2017-05-08 15:31:42',	0,	'192.168.0.150'),
(863,	'core_archive_data',	'core_archive_data',	'21',	'add',	'2017-05-08 15:32:29',	0,	'192.168.0.150'),
(864,	'acd_student_attendance',	'acd_student_attendance',	'18',	'delete',	'2017-05-08 15:32:29',	0,	'192.168.0.150'),
(865,	'core_archive_data',	'core_archive_data',	'22',	'add',	'2017-05-08 15:32:29',	0,	'192.168.0.150'),
(866,	'acd_student_attendance',	'acd_student_attendance',	'17',	'delete',	'2017-05-08 15:32:30',	0,	'192.168.0.150'),
(867,	'core_archive_data',	'core_archive_data',	'23',	'add',	'2017-05-08 15:32:30',	0,	'192.168.0.150'),
(868,	'acd_student_attendance',	'acd_student_attendance',	'16',	'delete',	'2017-05-08 15:32:30',	0,	'192.168.0.150'),
(869,	'acd_student_attendance',	'acd_student_attendance',	'19',	'add',	'2017-05-08 15:32:58',	0,	'192.168.0.150'),
(870,	'acd_student_attendance',	'acd_student_attendance',	'20',	'add',	'2017-05-08 15:34:15',	0,	'192.168.0.150'),
(871,	'core_archive_data',	'core_archive_data',	'24',	'add',	'2017-05-08 15:35:10',	0,	'192.168.0.150'),
(872,	'acd_student_attendance',	'acd_student_attendance',	'20',	'delete',	'2017-05-08 15:35:10',	0,	'192.168.0.150'),
(873,	'core_archive_data',	'core_archive_data',	'25',	'add',	'2017-05-08 15:35:11',	0,	'192.168.0.150'),
(874,	'acd_student_attendance',	'acd_student_attendance',	'19',	'delete',	'2017-05-08 15:35:11',	0,	'192.168.0.150'),
(875,	'acd_student_attendance',	'acd_student_attendance',	'21',	'add',	'2017-05-08 15:35:26',	0,	'192.168.0.150'),
(876,	'acd_student_attendance',	'acd_student_attendance',	'22',	'add',	'2017-05-08 15:35:43',	0,	'192.168.0.150'),
(877,	'acd_student_attendance',	'acd_student_attendance',	'23',	'add',	'2017-05-08 15:36:09',	0,	'192.168.0.150'),
(878,	'acd_student_attendance_details',	'acd_student_attendance_details',	'3',	'add',	'2017-05-08 15:36:09',	0,	'192.168.0.150'),
(879,	'acd_student_attendance_details',	'acd_student_attendance_details',	'4',	'add',	'2017-05-08 15:36:09',	0,	'192.168.0.150'),
(880,	'acd_student_attendance_details',	'acd_student_attendance_details',	'5',	'add',	'2017-05-08 15:36:09',	0,	'192.168.0.150'),
(881,	'acd_student_attendance',	'acd_student_attendance',	'23',	'edit',	'2017-05-08 15:39:09',	0,	'192.168.0.150'),
(882,	'core_archive_data',	'core_archive_data',	'26',	'add',	'2017-05-08 15:39:25',	0,	'192.168.0.150'),
(883,	'acd_student_attendance',	'acd_student_attendance',	'23',	'delete',	'2017-05-08 15:39:25',	0,	'192.168.0.150'),
(884,	'core_archive_data',	'core_archive_data',	'27',	'add',	'2017-05-08 15:39:26',	0,	'192.168.0.150'),
(885,	'acd_student_attendance',	'acd_student_attendance',	'22',	'delete',	'2017-05-08 15:39:26',	0,	'192.168.0.150'),
(886,	'core_archive_data',	'core_archive_data',	'28',	'add',	'2017-05-08 15:39:26',	0,	'192.168.0.150'),
(887,	'acd_student_attendance',	'acd_student_attendance',	'21',	'delete',	'2017-05-08 15:39:26',	0,	'192.168.0.150'),
(888,	'acd_student_attendance',	'acd_student_attendance',	'24',	'add',	'2017-05-08 15:39:41',	0,	'192.168.0.150'),
(889,	'acd_student_attendance',	'acd_student_attendance',	'25',	'add',	'2017-05-08 15:40:02',	0,	'192.168.0.150'),
(890,	'acd_student_attendance',	'acd_student_attendance',	'26',	'add',	'2017-05-08 15:41:27',	0,	'192.168.0.150'),
(891,	'acd_student_attendance',	'acd_student_attendance',	'27',	'add',	'2017-05-08 15:42:54',	0,	'192.168.0.150'),
(892,	'acd_student_attendance_details',	'acd_student_attendance_details',	'6',	'add',	'2017-05-08 15:42:54',	0,	'192.168.0.150'),
(893,	'acd_student_attendance_details',	'acd_student_attendance_details',	'7',	'add',	'2017-05-08 15:42:54',	0,	'192.168.0.150'),
(894,	'acd_student_attendance_details',	'acd_student_attendance_details',	'8',	'add',	'2017-05-08 15:42:55',	0,	'192.168.0.150'),
(895,	'core_archive_data',	'core_archive_data',	'29',	'add',	'2017-05-08 15:43:15',	0,	'192.168.0.150'),
(896,	'acd_student_attendance_details',	'acd_student_attendance_details',	'8',	'delete',	'2017-05-08 15:43:16',	0,	'192.168.0.150'),
(897,	'core_archive_data',	'core_archive_data',	'30',	'add',	'2017-05-08 15:43:16',	0,	'192.168.0.150'),
(898,	'acd_student_attendance_details',	'acd_student_attendance_details',	'7',	'delete',	'2017-05-08 15:43:16',	0,	'192.168.0.150'),
(899,	'core_archive_data',	'core_archive_data',	'31',	'add',	'2017-05-08 15:43:16',	0,	'192.168.0.150'),
(900,	'acd_student_attendance_details',	'acd_student_attendance_details',	'6',	'delete',	'2017-05-08 15:43:16',	0,	'192.168.0.150'),
(901,	'core_archive_data',	'core_archive_data',	'32',	'add',	'2017-05-08 15:43:17',	0,	'192.168.0.150'),
(902,	'acd_student_attendance_details',	'acd_student_attendance_details',	'5',	'delete',	'2017-05-08 15:43:17',	0,	'192.168.0.150'),
(903,	'core_archive_data',	'core_archive_data',	'33',	'add',	'2017-05-08 15:43:17',	0,	'192.168.0.150'),
(904,	'acd_student_attendance_details',	'acd_student_attendance_details',	'4',	'delete',	'2017-05-08 15:43:17',	0,	'192.168.0.150'),
(905,	'core_archive_data',	'core_archive_data',	'34',	'add',	'2017-05-08 15:43:17',	0,	'192.168.0.150'),
(906,	'acd_student_attendance_details',	'acd_student_attendance_details',	'3',	'delete',	'2017-05-08 15:43:17',	0,	'192.168.0.150'),
(907,	'core_archive_data',	'core_archive_data',	'35',	'add',	'2017-05-08 15:43:28',	0,	'192.168.0.150'),
(908,	'acd_student_attendance',	'acd_student_attendance',	'27',	'delete',	'2017-05-08 15:43:29',	0,	'192.168.0.150'),
(909,	'core_archive_data',	'core_archive_data',	'36',	'add',	'2017-05-08 15:43:29',	0,	'192.168.0.150'),
(910,	'acd_student_attendance',	'acd_student_attendance',	'26',	'delete',	'2017-05-08 15:43:29',	0,	'192.168.0.150'),
(911,	'core_archive_data',	'core_archive_data',	'37',	'add',	'2017-05-08 15:43:30',	0,	'192.168.0.150'),
(912,	'acd_student_attendance',	'acd_student_attendance',	'25',	'delete',	'2017-05-08 15:43:30',	0,	'192.168.0.150'),
(913,	'core_archive_data',	'core_archive_data',	'38',	'add',	'2017-05-08 15:43:30',	0,	'192.168.0.150'),
(914,	'acd_student_attendance',	'acd_student_attendance',	'24',	'delete',	'2017-05-08 15:43:30',	0,	'192.168.0.150'),
(915,	'acd_student_attendance',	'acd_student_attendance',	'28',	'add',	'2017-05-08 15:43:52',	0,	'192.168.0.150'),
(916,	'acd_student_attendance_details',	'acd_student_attendance_details',	'9',	'add',	'2017-05-08 15:43:52',	0,	'192.168.0.150'),
(917,	'acd_student_attendance_details',	'acd_student_attendance_details',	'10',	'add',	'2017-05-08 15:43:52',	0,	'192.168.0.150'),
(918,	'acd_student_attendance_details',	'acd_student_attendance_details',	'11',	'add',	'2017-05-08 15:43:52',	0,	'192.168.0.150'),
(919,	'acd_student_attendance',	'acd_student_attendance',	'28',	'edit',	'2017-05-08 15:45:04',	0,	'192.168.0.150'),
(920,	'acd_student_attendance',	'acd_student_attendance',	'29',	'add',	'2017-05-08 15:45:39',	0,	'192.168.0.150'),
(921,	'acd_student_attendance_details',	'acd_student_attendance_details',	'12',	'add',	'2017-05-08 15:45:40',	0,	'192.168.0.150'),
(922,	'acd_student_attendance_details',	'acd_student_attendance_details',	'13',	'add',	'2017-05-08 15:45:40',	0,	'192.168.0.150'),
(923,	'acd_student_attendance_details',	'acd_student_attendance_details',	'14',	'add',	'2017-05-08 15:45:40',	0,	'192.168.0.150'),
(924,	'acd_student_attendance',	'acd_student_attendance',	'4',	'edit',	'2017-05-08 15:47:26',	0,	'192.168.0.150'),
(925,	'core_registernode',	'core_registernode',	'lm_leave_request',	'edit',	'2017-05-08 16:21:34',	0,	'192.168.0.150'),
(926,	'lm_leave_status',	'lm_leave_status',	'ACT',	'add',	'2017-05-08 16:23:05',	0,	'192.168.0.150'),
(927,	'lm_leave_status',	'lm_leave_status',	'REJ',	'add',	'2017-05-08 16:23:26',	0,	'192.168.0.150'),
(928,	'student_admission',	'student_admission',	'12',	'edit',	'2017-05-08 17:45:47',	0,	''),
(929,	'lm_leave_request',	'lm_leave_request',	'1',	'add',	'2017-05-08 18:56:10',	0,	''),
(930,	'lm_leave_request',	'lm_leave_request',	'2',	'add',	'2017-05-08 19:01:28',	0,	''),
(931,	'lm_leave_request',	'lm_leave_request',	'3',	'add',	'2017-05-08 19:01:37',	0,	''),
(932,	'lm_leave_request',	'lm_leave_request',	'4',	'add',	'2017-05-08 19:03:19',	0,	''),
(933,	'lm_leave_request',	'lm_leave_request',	'5',	'add',	'2017-05-08 19:03:20',	0,	''),
(934,	'lm_leave_request',	'lm_leave_request',	'6',	'add',	'2017-05-08 19:03:59',	0,	''),
(935,	'lm_leave_request',	'lm_leave_request',	'7',	'add',	'2017-05-08 19:04:27',	0,	''),
(936,	'lm_leave_request',	'lm_leave_request',	'8',	'add',	'2017-05-08 19:05:27',	0,	''),
(937,	'lm_leave_request',	'lm_leave_request',	'9',	'add',	'2017-05-08 19:06:15',	0,	''),
(938,	'lm_leave_status',	'lm_leave_status',	'PEN',	'add',	'2017-05-08 19:07:31',	0,	'192.168.0.150'),
(939,	'lm_leave_request',	'lm_leave_request',	'10',	'add',	'2017-05-08 19:08:34',	0,	''),
(940,	'cms_notification_type',	'cms_notification_type',	'EN',	'add',	'2017-05-09 12:00:19',	0,	'192.168.0.150'),
(941,	'cms_notification_type',	'cms_notification_type',	'FN',	'add',	'2017-05-09 12:00:31',	0,	'192.168.0.150'),
(942,	'cms_notification_type',	'cms_notification_type',	'NB',	'add',	'2017-05-09 12:02:32',	0,	'192.168.0.150'),
(943,	'cms_notification_type',	'cms_notification_type',	'HN',	'add',	'2017-05-09 12:02:49',	0,	'192.168.0.150'),
(944,	'cms_notification',	'cms_notification',	'1',	'add',	'2017-05-09 12:13:45',	0,	'192.168.0.150'),
(945,	'cms_notification',	'cms_notification',	'2',	'add',	'2017-05-09 12:14:57',	0,	'192.168.0.150'),
(946,	'cms_notification',	'cms_notification',	'3',	'add',	'2017-05-09 12:17:43',	0,	'192.168.0.150'),
(947,	'cms_notification',	'cms_notification',	'4',	'add',	'2017-05-09 12:19:03',	0,	'192.168.0.150'),
(948,	'cms_notification',	'cms_notification',	'5',	'add',	'2017-05-09 12:20:21',	0,	'192.168.0.150'),
(949,	'cms_notification',	'cms_notification',	'6',	'add',	'2017-05-09 12:25:06',	0,	'192.168.0.150'),
(950,	'cms_notification',	'cms_notification',	'7',	'add',	'2017-05-09 12:26:59',	0,	'192.168.0.150'),
(951,	'cms_notification',	'cms_notification',	'8',	'add',	'2017-05-09 12:29:25',	0,	'192.168.0.150'),
(952,	'core_node_relations',	'core_node_relations',	'142',	'edit',	'2017-05-09 14:48:03',	0,	'192.168.0.150'),
(953,	'lm_leave_request',	'lm_leave_request',	'11',	'add',	'2017-05-09 17:55:38',	0,	''),
(954,	'lm_leave_request',	'lm_leave_request',	'12',	'add',	'2017-05-09 18:01:59',	0,	''),
(955,	'core_node_actions',	'core_node_actions',	'SHF',	'add',	'2017-05-10 10:39:14',	0,	'192.168.0.150'),
(956,	'core_node_settings',	'core_node_settings',	'studentshift',	'edit',	'2017-05-10 10:39:52',	0,	'192.168.0.150'),
(957,	'core_node_settings',	'core_node_settings',	'studentshift',	'edit',	'2017-05-10 10:42:14',	0,	'192.168.0.150'),
(958,	'core_node_settings',	'core_node_settings',	'studentshift',	'edit',	'2017-05-10 10:42:28',	0,	'192.168.0.150'),
(959,	'student_history',	'student_history',	'6',	'edit',	'2017-05-10 12:06:13',	0,	'192.168.0.150'),
(960,	'student_log',	'student_log',	'6',	'edit',	'2017-05-10 12:06:13',	0,	'192.168.0.150'),
(961,	'student_log',	'student_log',	'7',	'add',	'2017-05-10 12:06:14',	0,	'192.168.0.150'),
(962,	'student_admission',	'student_admission',	'15',	'edit',	'2017-05-10 12:06:14',	0,	'192.168.0.150'),
(963,	'student_admission',	'student_admission',	'12',	'edit',	'2017-05-12 14:15:13',	0,	'::1'),
(964,	'core_node_relations',	'core_node_relations',	'308',	'add',	'2017-05-12 14:18:28',	0,	'::1'),
(965,	'core_cms_uploadfolders',	'core_cms_uploadfolders',	'student_images',	'add',	'2017-05-12 14:19:09',	0,	'::1'),
(966,	'core_node_filetypes',	'core_node_filetypes',	'1',	'add',	'2017-05-12 14:19:41',	0,	'::1'),
(967,	'student_update_info',	'student_update_info',	'14',	'add',	'2017-05-12 14:59:20',	0,	''),
(968,	'student_update_info',	'student_update_info',	'15',	'add',	'2017-05-12 15:01:35',	0,	''),
(969,	'student_update_info',	'student_update_info',	'16',	'add',	'2017-05-12 15:09:26',	0,	''),
(970,	'student_update_info',	'student_update_info',	'17',	'add',	'2017-05-12 15:12:41',	0,	''),
(971,	'student_update_info',	'student_update_info',	'18',	'add',	'2017-05-12 15:23:46',	0,	''),
(972,	'student_admission',	'student_admission',	'12',	'edit',	'2017-05-12 15:33:43',	0,	''),
(973,	'student_admission',	'student_admission',	'12',	'edit',	'2017-05-12 15:51:00',	0,	''),
(974,	'staff_staff_deatils',	'staff_staff_deatils',	'2',	'edit',	'2017-05-12 16:23:51',	0,	'192.168.0.150'),
(975,	'core_cms_uploadfolders',	'core_cms_uploadfolders',	'teachers',	'add',	'2017-05-12 16:28:43',	0,	'192.168.0.150'),
(976,	'acd_subgroupexams',	'acd_subgroupexams',	'1',	'add',	'2017-05-12 17:17:03',	0,	'192.168.0.150'),
(977,	'acd_student_attendance_details',	'acd_student_attendance_details',	'15',	'add',	'2017-05-13 12:53:09',	0,	'192.168.0.150'),
(978,	'staff_staff_education',	'staff_staff_education',	'1',	'add',	'2017-05-13 17:01:24',	0,	'192.168.0.150'),
(979,	'staff_staff_education',	'staff_staff_education',	'2',	'add',	'2017-05-13 17:01:55',	0,	'192.168.0.150'),
(980,	'staff_staff_deatils',	'staff_staff_deatils',	'2',	'edit',	'2017-05-13 18:16:22',	0,	'192.168.0.150'),
(981,	'acd_student_attendance',	'acd_student_attendance',	'30',	'add',	'2017-05-13 18:19:43',	0,	'192.168.0.150'),
(982,	'acd_student_attendance_details',	'acd_student_attendance_details',	'16',	'add',	'2017-05-13 18:19:43',	0,	'192.168.0.150'),
(983,	'acd_student_attendance_details',	'acd_student_attendance_details',	'17',	'add',	'2017-05-13 18:19:43',	0,	'192.168.0.150'),
(984,	'acd_student_attendance_details',	'acd_student_attendance_details',	'18',	'add',	'2017-05-13 18:19:44',	0,	'192.168.0.150'),
(985,	'acd_student_attendance_details',	'acd_student_attendance_details',	'16',	'edit',	'2017-05-13 18:20:41',	0,	'192.168.0.150'),
(986,	'acd_exam_group',	'acd_exam_group',	'1',	'edit',	'2017-05-15 09:58:47',	0,	'192.168.0.150'),
(987,	'core_users',	'core_users',	'2',	'add',	'2017-05-15 13:17:04',	0,	'192.168.0.150'),
(988,	'acd_final_marks',	'acd_final_marks',	'1',	'add',	'2017-05-15 14:57:25',	0,	'192.168.0.150'),
(989,	'acd_studentmarks_details',	'acd_studentmarks_details',	'12',	'edit',	'2017-05-15 15:14:07',	0,	'192.168.0.150'),
(990,	'acd_studentmarks_details',	'acd_studentmarks_details',	'11',	'edit',	'2017-05-15 15:14:07',	0,	'192.168.0.150'),
(991,	'acd_studentmarks_details',	'acd_studentmarks_details',	'10',	'edit',	'2017-05-15 15:14:07',	0,	'192.168.0.150'),
(992,	'acd_studentmarks_details',	'acd_studentmarks_details',	'9',	'edit',	'2017-05-15 15:14:07',	0,	'192.168.0.150'),
(993,	'acd_studentmarks_details',	'acd_studentmarks_details',	'8',	'edit',	'2017-05-15 15:14:08',	0,	'192.168.0.150'),
(994,	'acd_studentmarks_details',	'acd_studentmarks_details',	'7',	'edit',	'2017-05-15 15:14:08',	0,	'192.168.0.150'),
(995,	'acd_studentmarks_details',	'acd_studentmarks_details',	'6',	'edit',	'2017-05-15 15:14:08',	0,	'192.168.0.150'),
(996,	'acd_studentmarks_details',	'acd_studentmarks_details',	'5',	'edit',	'2017-05-15 15:14:08',	0,	'192.168.0.150'),
(997,	'acd_studentmarks_details',	'acd_studentmarks_details',	'4',	'edit',	'2017-05-15 15:14:08',	0,	'192.168.0.150'),
(998,	'acd_studentmarks_details',	'acd_studentmarks_details',	'3',	'edit',	'2017-05-15 15:14:09',	0,	'192.168.0.150'),
(999,	'acd_studentmarks_details',	'acd_studentmarks_details',	'2',	'edit',	'2017-05-15 15:14:09',	0,	'192.168.0.150'),
(1000,	'acd_studentmarks_details',	'acd_studentmarks_details',	'1',	'edit',	'2017-05-15 15:14:09',	0,	'192.168.0.150'),
(1001,	'acd_subgroupexams',	'acd_subgroupexams',	'2',	'add',	'2017-05-15 15:15:21',	0,	'192.168.0.150'),
(1002,	'core_registernode',	'core_registernode',	'financefeereceipt',	'add',	'2017-05-15 16:25:05',	0,	'192.168.0.150'),
(1003,	'core_registernode',	'core_registernode',	'financefeereceipt',	'edit',	'2017-05-15 16:27:05',	0,	'192.168.0.150'),
(1004,	'core_registernode',	'core_registernode',	'finalmarks',	'add',	'2017-05-15 17:54:12',	0,	'192.168.0.150'),
(1005,	'acd_examination_schedule',	'acd_examination_schedule',	'3',	'edit',	'2017-05-15 18:04:55',	0,	'192.168.0.150'),
(1006,	'acd_examination_marks',	'acd_examination_marks',	'4',	'add',	'2017-05-15 18:05:14',	0,	'192.168.0.150'),
(1007,	'acd_examination_schedule_details',	'acd_examination_schedule_details',	'14',	'add',	'2017-05-15 18:06:17',	0,	'192.168.0.150'),
(1008,	'acd_examination_schedule_details',	'acd_examination_schedule_details',	'15',	'add',	'2017-05-15 18:06:47',	0,	'192.168.0.150'),
(1009,	'acd_examination_schedule_details',	'acd_examination_schedule_details',	'16',	'add',	'2017-05-15 18:07:13',	0,	'192.168.0.150'),
(1010,	'acd_examination_schedule_details',	'acd_examination_schedule_details',	'17',	'add',	'2017-05-15 18:07:40',	0,	'192.168.0.150'),
(1011,	'acd_examination_schedule_details',	'acd_examination_schedule_details',	'18',	'add',	'2017-05-15 18:08:05',	0,	'192.168.0.150'),
(1012,	'acd_examination_schedule_details',	'acd_examination_schedule_details',	'19',	'add',	'2017-05-15 18:08:32',	0,	'192.168.0.150'),
(1013,	'acd_examination_marks',	'acd_examination_marks',	'4',	'edit',	'2017-05-15 18:08:47',	0,	'192.168.0.150'),
(1014,	'core_archive_data',	'core_archive_data',	'39',	'add',	'2017-05-15 18:08:56',	0,	'192.168.0.150'),
(1015,	'acd_examination_marks',	'acd_examination_marks',	'4',	'delete',	'2017-05-15 18:08:56',	0,	'192.168.0.150'),
(1016,	'acd_examination_marks',	'acd_examination_marks',	'5',	'add',	'2017-05-15 18:09:11',	0,	'192.168.0.150'),
(1017,	'acd_studentmarks_details',	'acd_studentmarks_details',	'34',	'add',	'2017-05-15 18:09:12',	0,	'192.168.0.150'),
(1018,	'acd_studentmarks_details',	'acd_studentmarks_details',	'35',	'add',	'2017-05-15 18:09:12',	0,	'192.168.0.150'),
(1019,	'acd_studentmarks_details',	'acd_studentmarks_details',	'36',	'add',	'2017-05-15 18:09:12',	0,	'192.168.0.150'),
(1020,	'acd_studentmarks_details',	'acd_studentmarks_details',	'37',	'add',	'2017-05-15 18:09:12',	0,	'192.168.0.150'),
(1021,	'acd_studentmarks_details',	'acd_studentmarks_details',	'38',	'add',	'2017-05-15 18:09:12',	0,	'192.168.0.150'),
(1022,	'acd_studentmarks_details',	'acd_studentmarks_details',	'39',	'add',	'2017-05-15 18:09:12',	0,	'192.168.0.150'),
(1023,	'acd_studentmarks_details',	'acd_studentmarks_details',	'40',	'add',	'2017-05-15 18:09:12',	0,	'192.168.0.150'),
(1024,	'acd_studentmarks_details',	'acd_studentmarks_details',	'41',	'add',	'2017-05-15 18:09:13',	0,	'192.168.0.150'),
(1025,	'acd_studentmarks_details',	'acd_studentmarks_details',	'42',	'add',	'2017-05-15 18:09:13',	0,	'192.168.0.150'),
(1026,	'acd_studentmarks_details',	'acd_studentmarks_details',	'43',	'add',	'2017-05-15 18:09:13',	0,	'192.168.0.150'),
(1027,	'acd_studentmarks_details',	'acd_studentmarks_details',	'44',	'add',	'2017-05-15 18:09:13',	0,	'192.168.0.150'),
(1028,	'acd_studentmarks_details',	'acd_studentmarks_details',	'45',	'add',	'2017-05-15 18:09:13',	0,	'192.168.0.150'),
(1029,	'acd_studentmarks_details',	'acd_studentmarks_details',	'46',	'add',	'2017-05-15 18:09:13',	0,	'192.168.0.150'),
(1030,	'acd_studentmarks_details',	'acd_studentmarks_details',	'47',	'add',	'2017-05-15 18:09:14',	0,	'192.168.0.150'),
(1031,	'acd_studentmarks_details',	'acd_studentmarks_details',	'48',	'add',	'2017-05-15 18:09:14',	0,	'192.168.0.150'),
(1032,	'acd_studentmarks_details',	'acd_studentmarks_details',	'49',	'add',	'2017-05-15 18:09:14',	0,	'192.168.0.150'),
(1033,	'acd_studentmarks_details',	'acd_studentmarks_details',	'50',	'add',	'2017-05-15 18:09:14',	0,	'192.168.0.150'),
(1034,	'acd_studentmarks_details',	'acd_studentmarks_details',	'51',	'add',	'2017-05-15 18:09:14',	0,	'192.168.0.150'),
(1035,	'acd_studentmarks_details',	'acd_studentmarks_details',	'51',	'edit',	'2017-05-15 18:10:37',	0,	'192.168.0.150'),
(1036,	'acd_studentmarks_details',	'acd_studentmarks_details',	'50',	'edit',	'2017-05-15 18:10:37',	0,	'192.168.0.150'),
(1037,	'acd_studentmarks_details',	'acd_studentmarks_details',	'49',	'edit',	'2017-05-15 18:10:37',	0,	'192.168.0.150'),
(1038,	'acd_studentmarks_details',	'acd_studentmarks_details',	'48',	'edit',	'2017-05-15 18:10:38',	0,	'192.168.0.150'),
(1039,	'acd_studentmarks_details',	'acd_studentmarks_details',	'47',	'edit',	'2017-05-15 18:10:38',	0,	'192.168.0.150'),
(1040,	'acd_studentmarks_details',	'acd_studentmarks_details',	'46',	'edit',	'2017-05-15 18:10:38',	0,	'192.168.0.150'),
(1041,	'acd_studentmarks_details',	'acd_studentmarks_details',	'45',	'edit',	'2017-05-15 18:10:38',	0,	'192.168.0.150'),
(1042,	'acd_studentmarks_details',	'acd_studentmarks_details',	'44',	'edit',	'2017-05-15 18:10:38',	0,	'192.168.0.150'),
(1043,	'acd_studentmarks_details',	'acd_studentmarks_details',	'43',	'edit',	'2017-05-15 18:10:39',	0,	'192.168.0.150'),
(1044,	'acd_studentmarks_details',	'acd_studentmarks_details',	'42',	'edit',	'2017-05-15 18:10:39',	0,	'192.168.0.150'),
(1045,	'acd_studentmarks_details',	'acd_studentmarks_details',	'41',	'edit',	'2017-05-15 18:10:39',	0,	'192.168.0.150'),
(1046,	'acd_studentmarks_details',	'acd_studentmarks_details',	'40',	'edit',	'2017-05-15 18:10:39',	0,	'192.168.0.150'),
(1047,	'acd_studentmarks_details',	'acd_studentmarks_details',	'39',	'edit',	'2017-05-15 18:10:39',	0,	'192.168.0.150'),
(1048,	'acd_studentmarks_details',	'acd_studentmarks_details',	'38',	'edit',	'2017-05-15 18:10:39',	0,	'192.168.0.150'),
(1049,	'acd_studentmarks_details',	'acd_studentmarks_details',	'37',	'edit',	'2017-05-15 18:10:40',	0,	'192.168.0.150'),
(1050,	'acd_studentmarks_details',	'acd_studentmarks_details',	'36',	'edit',	'2017-05-15 18:10:40',	0,	'192.168.0.150'),
(1051,	'acd_studentmarks_details',	'acd_studentmarks_details',	'35',	'edit',	'2017-05-15 18:10:40',	0,	'192.168.0.150'),
(1052,	'acd_studentmarks_details',	'acd_studentmarks_details',	'34',	'edit',	'2017-05-15 18:24:23',	0,	'192.168.0.150'),
(1053,	'acd_studentmarks_details',	'acd_studentmarks_details',	'35',	'edit',	'2017-05-15 18:24:23',	0,	'192.168.0.150'),
(1054,	'acd_studentmarks_details',	'acd_studentmarks_details',	'36',	'edit',	'2017-05-15 18:24:23',	0,	'192.168.0.150'),
(1055,	'acd_studentmarks_details',	'acd_studentmarks_details',	'37',	'edit',	'2017-05-15 18:24:23',	0,	'192.168.0.150'),
(1056,	'acd_studentmarks_details',	'acd_studentmarks_details',	'38',	'edit',	'2017-05-15 18:24:24',	0,	'192.168.0.150'),
(1057,	'acd_studentmarks_details',	'acd_studentmarks_details',	'39',	'edit',	'2017-05-15 18:24:24',	0,	'192.168.0.150'),
(1058,	'acd_studentmarks_details',	'acd_studentmarks_details',	'40',	'edit',	'2017-05-15 18:24:24',	0,	'192.168.0.150'),
(1059,	'acd_studentmarks_details',	'acd_studentmarks_details',	'41',	'edit',	'2017-05-15 18:24:24',	0,	'192.168.0.150'),
(1060,	'acd_studentmarks_details',	'acd_studentmarks_details',	'42',	'edit',	'2017-05-15 18:24:24',	0,	'192.168.0.150'),
(1061,	'acd_studentmarks_details',	'acd_studentmarks_details',	'43',	'edit',	'2017-05-15 18:24:24',	0,	'192.168.0.150'),
(1062,	'acd_studentmarks_details',	'acd_studentmarks_details',	'44',	'edit',	'2017-05-15 18:24:25',	0,	'192.168.0.150'),
(1063,	'acd_studentmarks_details',	'acd_studentmarks_details',	'45',	'edit',	'2017-05-15 18:24:25',	0,	'192.168.0.150'),
(1064,	'acd_studentmarks_details',	'acd_studentmarks_details',	'46',	'edit',	'2017-05-15 18:24:25',	0,	'192.168.0.150'),
(1065,	'acd_studentmarks_details',	'acd_studentmarks_details',	'47',	'edit',	'2017-05-15 18:24:25',	0,	'192.168.0.150'),
(1066,	'acd_studentmarks_details',	'acd_studentmarks_details',	'48',	'edit',	'2017-05-15 18:24:25',	0,	'192.168.0.150'),
(1067,	'acd_studentmarks_details',	'acd_studentmarks_details',	'49',	'edit',	'2017-05-15 18:24:25',	0,	'192.168.0.150'),
(1068,	'acd_studentmarks_details',	'acd_studentmarks_details',	'50',	'edit',	'2017-05-15 18:24:25',	0,	'192.168.0.150'),
(1069,	'acd_studentmarks_details',	'acd_studentmarks_details',	'51',	'edit',	'2017-05-15 18:24:26',	0,	'192.168.0.150'),
(1070,	'acd_examination_marks',	'acd_examination_marks',	'5',	'edit',	'2017-05-15 18:24:26',	0,	'192.168.0.150'),
(1071,	'staff_shift',	'staff_shift',	'1',	'add',	'2017-05-15 18:33:10',	0,	'192.168.0.150'),
(1072,	'staff_shift',	'staff_shift',	'2',	'add',	'2017-05-15 18:33:33',	0,	'192.168.0.150'),
(1073,	'staff_shift',	'staff_shift',	'3',	'add',	'2017-05-15 18:33:56',	0,	'192.168.0.150'),
(1074,	'staff_staff_attendance',	'staff_staff_attendance',	'1',	'add',	'2017-05-15 18:34:27',	0,	'192.168.0.150'),
(1075,	'core_users',	'core_users',	'1',	'edit',	'2017-05-16 09:16:24',	0,	'192.168.0.150'),
(1076,	'core_report_template',	'core_report_template',	'FC',	'add',	'2017-05-16 10:14:52',	0,	'192.168.0.150'),
(1077,	'core_archive_data',	'core_archive_data',	'40',	'add',	'2017-05-16 10:15:54',	0,	'192.168.0.150'),
(1078,	'core_report_template',	'core_report_template',	'FC',	'delete',	'2017-05-16 10:15:54',	0,	'192.168.0.150'),
(1079,	'transaction_logs',	'transaction_logs',	'1',	'add',	'2017-05-16 10:56:00',	0,	'192.168.0.150'),
(1080,	'transaction_logs_details',	'transaction_logs_details',	'1',	'add',	'2017-05-16 10:56:01',	0,	'192.168.0.150'),
(1081,	'student_feeplan_details',	'student_feeplan_details',	'28',	'edit',	'2017-05-16 10:56:01',	0,	'192.168.0.150'),
(1082,	'transaction_logs_details',	'transaction_logs_details',	'2',	'add',	'2017-05-16 10:56:01',	0,	'192.168.0.150'),
(1083,	'student_feeplan_details',	'student_feeplan_details',	'29',	'edit',	'2017-05-16 10:56:01',	0,	'192.168.0.150'),
(1084,	'transaction_logs_details',	'transaction_logs_details',	'3',	'add',	'2017-05-16 10:56:01',	0,	'192.168.0.150'),
(1085,	'student_feeplan_details',	'student_feeplan_details',	'30',	'edit',	'2017-05-16 10:56:01',	0,	'192.168.0.150'),
(1086,	'core_payment_type',	'core_payment_type',	'CASH',	'add',	'2017-05-16 11:15:41',	0,	'192.168.0.150'),
(1087,	'core_payment_type',	'core_payment_type',	'CARD',	'add',	'2017-05-16 11:15:51',	0,	'192.168.0.150'),
(1088,	'transaction_logs',	'transaction_logs',	'2',	'add',	'2017-05-16 11:16:15',	0,	'192.168.0.150'),
(1089,	'transaction_logs_details',	'transaction_logs_details',	'4',	'add',	'2017-05-16 11:16:15',	0,	'192.168.0.150'),
(1090,	'student_feeplan_details',	'student_feeplan_details',	'30',	'edit',	'2017-05-16 11:16:15',	0,	'192.168.0.150'),
(1091,	'transaction_logs_details',	'transaction_logs_details',	'5',	'add',	'2017-05-16 11:16:15',	0,	'192.168.0.150'),
(1092,	'student_feeplan_details',	'student_feeplan_details',	'31',	'edit',	'2017-05-16 11:16:16',	0,	'192.168.0.150'),
(1093,	'transaction_logs',	'transaction_logs',	'3',	'add',	'2017-05-16 11:23:04',	0,	'192.168.0.150'),
(1094,	'transaction_logs_details',	'transaction_logs_details',	'6',	'add',	'2017-05-16 11:23:04',	0,	'192.168.0.150'),
(1095,	'student_feeplan_details',	'student_feeplan_details',	'31',	'edit',	'2017-05-16 11:23:04',	0,	'192.168.0.150'),
(1096,	'transaction_logs_details',	'transaction_logs_details',	'7',	'add',	'2017-05-16 11:23:05',	0,	'192.168.0.150'),
(1097,	'student_feeplan_details',	'student_feeplan_details',	'32',	'edit',	'2017-05-16 11:23:05',	0,	'192.168.0.150'),
(1098,	'transaction_logs_details',	'transaction_logs_details',	'8',	'add',	'2017-05-16 11:23:05',	0,	'192.168.0.150'),
(1099,	'student_feeplan_details',	'student_feeplan_details',	'33',	'edit',	'2017-05-16 11:23:05',	0,	'192.168.0.150'),
(1100,	'transaction_status',	'transaction_status',	'PEN',	'add',	'2017-05-16 11:42:21',	0,	'192.168.0.150'),
(1101,	'transaction_status',	'transaction_status',	'SUS',	'add',	'2017-05-16 11:42:34',	0,	'192.168.0.150'),
(1102,	'transaction_status',	'transaction_status',	'APD',	'add',	'2017-05-16 11:44:35',	0,	'192.168.0.150'),
(1103,	'fee_list_transactiontype',	'fee_list_transactiontype',	'PM',	'add',	'2017-05-16 11:47:27',	0,	'192.168.0.150'),
(1104,	'transaction_logs',	'transaction_logs',	'4',	'add',	'2017-05-16 11:56:36',	0,	'192.168.0.150'),
(1105,	'transaction_logs_details',	'transaction_logs_details',	'9',	'add',	'2017-05-16 11:56:37',	0,	'192.168.0.150'),
(1106,	'student_feeplan_details',	'student_feeplan_details',	'33',	'edit',	'2017-05-16 11:56:37',	0,	'192.168.0.150'),
(1107,	'fee_list_transactiontype',	'fee_list_transactiontype',	'CON',	'add',	'2017-05-16 11:58:20',	0,	'192.168.0.150'),
(1108,	'core_archive_data',	'core_archive_data',	'41',	'add',	'2017-05-16 11:59:38',	0,	'192.168.0.150'),
(1109,	'core_payment_type',	'core_payment_type',	'CASH',	'delete',	'2017-05-16 11:59:39',	0,	'192.168.0.150'),
(1110,	'core_payment_type',	'core_payment_type',	'CSH',	'add',	'2017-05-16 11:59:49',	0,	'192.168.0.150'),
(1111,	'core_archive_data',	'core_archive_data',	'42',	'add',	'2017-05-16 15:46:23',	0,	'192.168.0.150'),
(1112,	'acd_student_attendance',	'acd_student_attendance',	'3',	'delete',	'2017-05-16 15:46:23',	0,	'192.168.0.150'),
(1113,	'core_archive_data',	'core_archive_data',	'43',	'add',	'2017-05-16 15:46:23',	0,	'192.168.0.150'),
(1114,	'acd_student_attendance',	'acd_student_attendance',	'2',	'delete',	'2017-05-16 15:46:24',	0,	'192.168.0.150'),
(1115,	'core_archive_data',	'core_archive_data',	'44',	'add',	'2017-05-16 15:46:24',	0,	'192.168.0.150'),
(1116,	'acd_student_attendance',	'acd_student_attendance',	'1',	'delete',	'2017-05-16 15:46:24',	0,	'192.168.0.150'),
(1117,	'core_list_state',	'core_list_state',	'2',	'add',	'2017-05-17 10:04:18',	0,	'192.168.0.150'),
(1118,	'core_list_city',	'core_list_city',	'2',	'add',	'2017-05-17 10:04:40',	0,	'192.168.0.150'),
(1119,	'core_organization',	'core_organization',	'2',	'add',	'2017-05-17 10:11:33',	0,	'192.168.0.150'),
(1120,	'core_list_location',	'core_list_location',	'2',	'add',	'2017-05-17 10:52:02',	0,	'192.168.0.150'),
(1121,	'list_branch',	'list_branch',	'2',	'add',	'2017-05-17 10:58:34',	0,	'192.168.0.150'),
(1122,	'cur_list_academicyear',	'cur_list_academicyear',	'2018',	'add',	'2017-05-17 10:59:40',	0,	'192.168.0.150'),
(1123,	'cur_list_academicyear',	'cur_list_academicyear',	'2018',	'edit',	'2017-05-17 10:59:51',	0,	'192.168.0.150'),
(1124,	'cur_subject_type',	'cur_subject_type',	'PAR',	'add',	'2017-05-17 11:00:16',	0,	'192.168.0.150'),
(1125,	'cur_academic_subject',	'cur_academic_subject',	'10',	'add',	'2017-05-17 11:01:09',	0,	'192.168.0.150'),
(1126,	'cur_academic_subject',	'cur_academic_subject',	'11',	'add',	'2017-05-17 11:01:31',	0,	'192.168.0.150'),
(1127,	'cur_orientation_level',	'cur_orientation_level',	'PS',	'add',	'2017-05-17 11:03:13',	0,	'192.168.0.150'),
(1128,	'cur_list_orientation',	'cur_list_orientation',	'3',	'add',	'2017-05-17 11:04:29',	0,	'192.168.0.150'),
(1129,	'cur_list_orientation',	'cur_list_orientation',	'4',	'add',	'2017-05-17 11:04:39',	0,	'192.168.0.150'),
(1130,	'cur_list_orientation',	'cur_list_orientation',	'5',	'add',	'2017-05-17 11:04:47',	0,	'192.168.0.150'),
(1131,	'core_archive_data',	'core_archive_data',	'45',	'add',	'2017-05-17 11:05:26',	0,	'192.168.0.150'),
(1132,	'cur_list_orientation',	'cur_list_orientation',	'5',	'delete',	'2017-05-17 11:05:26',	0,	'192.168.0.150'),
(1133,	'core_archive_data',	'core_archive_data',	'46',	'add',	'2017-05-17 11:05:26',	0,	'192.168.0.150'),
(1134,	'cur_list_orientation',	'cur_list_orientation',	'4',	'delete',	'2017-05-17 11:05:26',	0,	'192.168.0.150'),
(1135,	'core_archive_data',	'core_archive_data',	'47',	'add',	'2017-05-17 11:05:26',	0,	'192.168.0.150'),
(1136,	'cur_list_orientation',	'cur_list_orientation',	'3',	'delete',	'2017-05-17 11:05:26',	0,	'192.168.0.150'),
(1137,	'cur_list_orientation',	'cur_list_orientation',	'6',	'add',	'2017-05-17 11:06:14',	0,	'192.168.0.150'),
(1138,	'cur_list_class',	'cur_list_class',	'11',	'add',	'2017-05-17 11:06:31',	0,	'192.168.0.150'),
(1139,	'cur_list_class',	'cur_list_class',	'12',	'add',	'2017-05-17 11:06:41',	0,	'192.168.0.150'),
(1140,	'cur_list_class',	'cur_list_class',	'13',	'add',	'2017-05-17 11:06:52',	0,	'192.168.0.150'),
(1141,	'cur_branch_orientation',	'cur_branch_orientation',	'3',	'add',	'2017-05-17 11:07:20',	0,	'192.168.0.150'),
(1142,	'cur_branch_class',	'cur_branch_class',	'11',	'add',	'2017-05-17 11:07:43',	0,	'192.168.0.150'),
(1143,	'cur_branch_class',	'cur_branch_class',	'12',	'add',	'2017-05-17 11:07:54',	0,	'192.168.0.150'),
(1144,	'cur_branch_class',	'cur_branch_class',	'13',	'add',	'2017-05-17 11:08:04',	0,	'192.168.0.150'),
(1145,	'cur_branch_class_section',	'cur_branch_class_section',	'10',	'add',	'2017-05-17 11:08:33',	0,	'192.168.0.150'),
(1146,	'cur_branch_class_section',	'cur_branch_class_section',	'11',	'add',	'2017-05-17 11:08:45',	0,	'192.168.0.150'),
(1147,	'cur_branch_class_section',	'cur_branch_class_section',	'12',	'add',	'2017-05-17 11:08:50',	0,	'192.168.0.150'),
(1148,	'cur_branch_class_section',	'cur_branch_class_section',	'13',	'add',	'2017-05-17 11:09:03',	0,	'192.168.0.150'),
(1149,	'cur_branch_class_section',	'cur_branch_class_section',	'14',	'add',	'2017-05-17 11:09:06',	0,	'192.168.0.150'),
(1150,	'cur_branch_class_section',	'cur_branch_class_section',	'15',	'add',	'2017-05-17 11:09:10',	0,	'192.168.0.150'),
(1151,	'fee_list_feetype',	'fee_list_feetype',	'ATF',	'add',	'2017-05-17 11:13:41',	0,	'192.168.0.150'),
(1152,	'fee_list_frequency',	'fee_list_frequency',	'Term4',	'add',	'2017-05-17 11:14:36',	0,	'192.168.0.150'),
(1153,	'fee_list_feeplan',	'fee_list_feeplan',	'5',	'add',	'2017-05-17 11:17:50',	0,	'192.168.0.150'),
(1154,	'fee_list_feeplan',	'fee_list_feeplan',	'6',	'add',	'2017-05-17 11:18:42',	0,	'192.168.0.150'),
(1155,	'fee_list_feeplan',	'fee_list_feeplan',	'7',	'add',	'2017-05-17 11:19:04',	0,	'192.168.0.150'),
(1156,	'fee_list_feeplan',	'fee_list_feeplan',	'8',	'add',	'2017-05-17 11:19:29',	0,	'192.168.0.150'),
(1157,	'fee_list_feeplan_details',	'fee_list_feeplan_details',	'10',	'add',	'2017-05-17 11:20:31',	0,	'192.168.0.150'),
(1158,	'fee_list_feeplan_details',	'fee_list_feeplan_details',	'11',	'add',	'2017-05-17 11:20:54',	0,	'192.168.0.150'),
(1159,	'fee_list_feeplan_details',	'fee_list_feeplan_details',	'12',	'add',	'2017-05-17 11:21:16',	0,	'192.168.0.150'),
(1160,	'fee_list_feeplan_details',	'fee_list_feeplan_details',	'13',	'add',	'2017-05-17 11:21:38',	0,	'192.168.0.150'),
(1161,	'fee_list_feeplan_details',	'fee_list_feeplan_details',	'14',	'add',	'2017-05-17 11:21:56',	0,	'192.168.0.150'),
(1162,	'fee_list_feeplan_details',	'fee_list_feeplan_details',	'15',	'add',	'2017-05-17 11:22:15',	0,	'192.168.0.150'),
(1163,	'fee_list_feeplan_details',	'fee_list_feeplan_details',	'16',	'add',	'2017-05-17 11:24:39',	0,	'192.168.0.150'),
(1164,	'student_admission',	'student_admission',	'16',	'add',	'2017-05-17 11:28:30',	0,	'192.168.0.150'),
(1165,	'student_feeplan_details',	'student_feeplan_details',	'50',	'add',	'2017-05-17 11:28:30',	0,	'192.168.0.150'),
(1166,	'student_feeplan_details',	'student_feeplan_details',	'51',	'add',	'2017-05-17 11:28:30',	0,	'192.168.0.150'),
(1167,	'student_feeplan_details',	'student_feeplan_details',	'52',	'add',	'2017-05-17 11:28:30',	0,	'192.168.0.150'),
(1168,	'student_feeplan_details',	'student_feeplan_details',	'53',	'add',	'2017-05-17 11:28:30',	0,	'192.168.0.150'),
(1169,	'student_feeplan_details',	'student_feeplan_details',	'54',	'add',	'2017-05-17 11:28:31',	0,	'192.168.0.150'),
(1170,	'student_feeplan_details',	'student_feeplan_details',	'55',	'add',	'2017-05-17 11:28:31',	0,	'192.168.0.150'),
(1171,	'student_history',	'student_history',	'7',	'add',	'2017-05-17 11:28:31',	0,	'192.168.0.150'),
(1172,	'student_log',	'student_log',	'8',	'add',	'2017-05-17 11:28:31',	0,	'192.168.0.150'),
(1173,	'acd_modeofexam',	'acd_modeofexam',	'ONL',	'add',	'2017-05-17 11:39:11',	0,	'192.168.0.150'),
(1174,	'acd_exam_name',	'acd_exam_name',	'5',	'add',	'2017-05-17 11:39:41',	0,	'192.168.0.150'),
(1175,	'acd_examination_schedule',	'acd_examination_schedule',	'5',	'add',	'2017-05-17 11:41:05',	0,	'192.168.0.150'),
(1176,	'cur_class_subject',	'cur_class_subject',	'8',	'add',	'2017-05-17 11:45:27',	0,	'192.168.0.150'),
(1177,	'cur_class_subject',	'cur_class_subject',	'9',	'add',	'2017-05-17 11:45:37',	0,	'192.168.0.150'),
(1178,	'cur_class_subject',	'cur_class_subject',	'10',	'add',	'2017-05-17 11:45:44',	0,	'192.168.0.150'),
(1179,	'acd_grade_method',	'acd_grade_method',	'SEG',	'add',	'2017-05-17 11:46:24',	0,	'192.168.0.150'),
(1180,	'acd_grade_method_details',	'acd_grade_method_details',	'SEG',	'add',	'2017-05-17 11:46:59',	0,	'192.168.0.150'),
(1181,	'acd_grade_master',	'acd_grade_master',	'6',	'add',	'2017-05-17 11:48:01',	0,	'192.168.0.150'),
(1182,	'acd_grade_master',	'acd_grade_master',	'7',	'add',	'2017-05-17 11:48:22',	0,	'192.168.0.150'),
(1183,	'acd_grade_master',	'acd_grade_master',	'8',	'add',	'2017-05-17 11:48:51',	0,	'192.168.0.150'),
(1184,	'acd_examination_schedule_details',	'acd_examination_schedule_details',	'20',	'add',	'2017-05-17 11:49:54',	0,	'192.168.0.150'),
(1185,	'acd_examination_schedule_details',	'acd_examination_schedule_details',	'21',	'add',	'2017-05-17 11:50:18',	0,	'192.168.0.150'),
(1186,	'acd_examination_schedule_details',	'acd_examination_schedule_details',	'22',	'add',	'2017-05-17 11:50:47',	0,	'192.168.0.150'),
(1187,	'acd_examination_marks',	'acd_examination_marks',	'6',	'add',	'2017-05-17 11:51:28',	0,	'192.168.0.150'),
(1188,	'acd_studentmarks_details',	'acd_studentmarks_details',	'52',	'add',	'2017-05-17 11:51:28',	0,	'192.168.0.150'),
(1189,	'acd_studentmarks_details',	'acd_studentmarks_details',	'53',	'add',	'2017-05-17 11:51:28',	0,	'192.168.0.150'),
(1190,	'acd_studentmarks_details',	'acd_studentmarks_details',	'54',	'add',	'2017-05-17 11:51:29',	0,	'192.168.0.150'),
(1191,	'acd_studentmarks_details',	'acd_studentmarks_details',	'54',	'edit',	'2017-05-17 11:52:47',	0,	'192.168.0.150'),
(1192,	'acd_studentmarks_details',	'acd_studentmarks_details',	'53',	'edit',	'2017-05-17 11:52:48',	0,	'192.168.0.150'),
(1193,	'acd_studentmarks_details',	'acd_studentmarks_details',	'52',	'edit',	'2017-05-17 11:52:48',	0,	'192.168.0.150'),
(1194,	'acd_examination_schedule_details',	'acd_examination_schedule_details',	'22',	'edit',	'2017-05-17 11:57:20',	0,	'192.168.0.150'),
(1195,	'acd_examination_schedule_details',	'acd_examination_schedule_details',	'21',	'edit',	'2017-05-17 11:57:28',	0,	'192.168.0.150'),
(1196,	'acd_examination_schedule_details',	'acd_examination_schedule_details',	'20',	'edit',	'2017-05-17 11:57:36',	0,	'192.168.0.150'),
(1197,	'core_archive_data',	'core_archive_data',	'48',	'add',	'2017-05-17 11:58:02',	0,	'192.168.0.150'),
(1198,	'acd_grade_method_details',	'acd_grade_method_details',	'SEG',	'delete',	'2017-05-17 11:58:02',	0,	'192.168.0.150'),
(1199,	'acd_grade_method_details',	'acd_grade_method_details',	'SEG',	'add',	'2017-05-17 11:58:22',	0,	'192.168.0.150'),
(1200,	'acd_examination_schedule_details',	'acd_examination_schedule_details',	'22',	'edit',	'2017-05-17 11:58:47',	0,	'192.168.0.150'),
(1201,	'acd_examination_schedule_details',	'acd_examination_schedule_details',	'21',	'edit',	'2017-05-17 11:58:54',	0,	'192.168.0.150'),
(1202,	'acd_examination_schedule_details',	'acd_examination_schedule_details',	'20',	'edit',	'2017-05-17 11:59:02',	0,	'192.168.0.150'),
(1203,	'acd_studentmarks_details',	'acd_studentmarks_details',	'54',	'edit',	'2017-05-17 11:59:21',	0,	'192.168.0.150'),
(1204,	'acd_studentmarks_details',	'acd_studentmarks_details',	'53',	'edit',	'2017-05-17 11:59:21',	0,	'192.168.0.150'),
(1205,	'acd_studentmarks_details',	'acd_studentmarks_details',	'52',	'edit',	'2017-05-17 11:59:21',	0,	'192.168.0.150'),
(1206,	'acd_studentmarks_details',	'acd_studentmarks_details',	'52',	'edit',	'2017-05-17 11:59:36',	0,	'192.168.0.150'),
(1207,	'acd_studentmarks_details',	'acd_studentmarks_details',	'53',	'edit',	'2017-05-17 11:59:36',	0,	'192.168.0.150'),
(1208,	'acd_studentmarks_details',	'acd_studentmarks_details',	'54',	'edit',	'2017-05-17 11:59:37',	0,	'192.168.0.150'),
(1209,	'acd_examination_marks',	'acd_examination_marks',	'6',	'edit',	'2017-05-17 11:59:37',	0,	'192.168.0.150'),
(1210,	'acd_studentmarks_details',	'acd_studentmarks_details',	'52',	'edit',	'2017-05-17 12:00:35',	0,	'192.168.0.150'),
(1211,	'acd_studentmarks_details',	'acd_studentmarks_details',	'53',	'edit',	'2017-05-17 12:00:35',	0,	'192.168.0.150'),
(1212,	'acd_studentmarks_details',	'acd_studentmarks_details',	'54',	'edit',	'2017-05-17 12:00:35',	0,	'192.168.0.150'),
(1213,	'acd_examination_marks',	'acd_examination_marks',	'6',	'edit',	'2017-05-17 12:00:35',	0,	'192.168.0.150'),
(1214,	'acd_student_attendance',	'acd_student_attendance',	'31',	'add',	'2017-05-17 12:02:27',	0,	'192.168.0.150'),
(1215,	'acd_student_attendance_details',	'acd_student_attendance_details',	'19',	'add',	'2017-05-17 12:02:27',	0,	'192.168.0.150'),
(1216,	'acd_student_attendance_details',	'acd_student_attendance_details',	'19',	'edit',	'2017-05-17 12:02:46',	0,	'192.168.0.150'),
(1217,	'acd_student_attendance',	'acd_student_attendance',	'32',	'add',	'2017-05-17 12:03:09',	0,	'192.168.0.150'),
(1218,	'acd_student_attendance_details',	'acd_student_attendance_details',	'20',	'add',	'2017-05-17 12:03:09',	0,	'192.168.0.150'),
(1219,	'acd_student_attendance',	'acd_student_attendance',	'32',	'edit',	'2017-05-17 12:03:18',	0,	'192.168.0.150'),
(1220,	'acd_student_attendance_details',	'acd_student_attendance_details',	'20',	'edit',	'2017-05-17 12:03:33',	0,	'192.168.0.150'),
(1221,	'staff_staff_deatils',	'staff_staff_deatils',	'4',	'add',	'2017-05-17 12:06:33',	0,	'192.168.0.150'),
(1222,	'staff_staff_info',	'staff_staff_info',	'',	'add',	'2017-05-17 12:07:16',	0,	'192.168.0.150'),
(1223,	'staff_staff_info',	'staff_staff_info',	'',	'add',	'2017-05-17 12:08:14',	0,	'192.168.0.150'),
(1224,	'staff_staff_education',	'staff_staff_education',	'3',	'add',	'2017-05-17 12:09:35',	0,	'192.168.0.150'),
(1225,	'staff_staff_skills',	'staff_staff_skills',	'1',	'add',	'2017-05-17 12:10:21',	0,	'192.168.0.150'),
(1226,	'staff_staff_subjects',	'staff_staff_subjects',	'4',	'add',	'2017-05-17 12:10:48',	0,	'192.168.0.150'),
(1227,	'tr_route_list',	'tr_route_list',	'9',	'add',	'2017-05-17 12:12:19',	0,	'192.168.0.150'),
(1228,	'tr_route_assign',	'tr_route_assign',	'4',	'add',	'2017-05-17 12:13:00',	0,	'192.168.0.150'),
(1229,	'tr_student_route_details',	'tr_student_route_details',	'2',	'add',	'2017-05-17 12:13:49',	0,	'192.168.0.150'),
(1230,	'lib_publisher',	'lib_publisher',	'2',	'add',	'2017-05-17 12:15:52',	0,	'192.168.0.150'),
(1231,	'lib_book_deatils',	'lib_book_deatils',	'4',	'add',	'2017-05-17 12:17:32',	0,	'192.168.0.150'),
(1232,	'lib_issued_for',	'lib_issued_for',	'3',	'add',	'2017-05-17 12:17:55',	0,	'192.168.0.150'),
(1233,	'lib_library_deatils',	'lib_library_deatils',	'2',	'add',	'2017-05-17 12:18:26',	0,	'192.168.0.150'),
(1234,	'lib_status',	'lib_status',	'4',	'add',	'2017-05-17 12:18:55',	0,	'192.168.0.150'),
(1235,	'lib_library_assignment',	'lib_library_assignment',	'4',	'add',	'2017-05-17 12:19:21',	0,	'192.168.0.150'),
(1236,	'lib_library_assignment',	'lib_library_assignment',	'4',	'edit',	'2017-05-17 12:19:32',	0,	'192.168.0.150'),
(1237,	'lib_library_assignment',	'lib_library_assignment',	'5',	'add',	'2017-05-17 12:19:59',	0,	'192.168.0.150'),
(1238,	'lib_book_assignment',	'lib_book_assignment',	'5',	'add',	'2017-05-17 12:20:33',	0,	'192.168.0.150'),
(1239,	'lm_leave_request',	'lm_leave_request',	'12',	'edit',	'2017-05-17 12:21:41',	0,	'192.168.0.150'),
(1240,	'lm_leave_request',	'lm_leave_request',	'10',	'edit',	'2017-05-17 12:22:04',	0,	'192.168.0.150'),
(1241,	'acd_exam_group',	'acd_exam_group',	'2',	'add',	'2017-05-17 12:26:05',	0,	'192.168.0.150'),
(1242,	'acd_subgroupexams',	'acd_subgroupexams',	'3',	'add',	'2017-05-17 12:26:27',	0,	'192.168.0.150'),
(1243,	'acd_exam_group',	'acd_exam_group',	'2',	'edit',	'2017-05-17 12:27:25',	0,	'192.168.0.150'),
(1244,	'acd_overall_grade',	'acd_overall_grade',	'3',	'add',	'2017-05-17 12:27:41',	0,	'192.168.0.150'),
(1245,	'transaction_logs',	'transaction_logs',	'5',	'add',	'2017-05-17 12:32:57',	0,	'192.168.0.150'),
(1246,	'transaction_logs_details',	'transaction_logs_details',	'10',	'add',	'2017-05-17 12:32:58',	0,	'192.168.0.150'),
(1247,	'student_feeplan_details',	'student_feeplan_details',	'50',	'edit',	'2017-05-17 12:32:58',	0,	'192.168.0.150'),
(1248,	'transaction_logs',	'transaction_logs',	'6',	'add',	'2017-05-17 12:33:48',	0,	'192.168.0.150'),
(1249,	'transaction_logs_details',	'transaction_logs_details',	'11',	'add',	'2017-05-17 12:33:48',	0,	'192.168.0.150'),
(1250,	'student_feeplan_details',	'student_feeplan_details',	'50',	'edit',	'2017-05-17 12:33:48',	0,	'192.168.0.150'),
(1251,	'transaction_logs_details',	'transaction_logs_details',	'12',	'add',	'2017-05-17 12:33:48',	0,	'192.168.0.150'),
(1252,	'student_feeplan_details',	'student_feeplan_details',	'51',	'edit',	'2017-05-17 12:33:48',	0,	'192.168.0.150'),
(1253,	'transaction_logs_details',	'transaction_logs_details',	'13',	'add',	'2017-05-17 12:33:48',	0,	'192.168.0.150'),
(1254,	'student_feeplan_details',	'student_feeplan_details',	'52',	'edit',	'2017-05-17 12:33:49',	0,	'192.168.0.150'),
(1255,	'core_node_settings',	'core_node_settings',	'staff_staff_deatils',	'edit',	'2017-05-17 12:59:40',	0,	'192.168.0.150'),
(1256,	'core_node_settings',	'core_node_settings',	'staff_staff_deatils',	'edit',	'2017-05-17 13:02:48',	0,	'192.168.0.150'),
(1257,	'core_node_relations',	'core_node_relations',	'309',	'add',	'2017-05-17 17:40:13',	0,	'192.168.0.150'),
(1258,	'core_node_relations',	'core_node_relations',	'310',	'add',	'2017-05-17 17:40:28',	0,	'192.168.0.150'),
(1259,	'core_node_relations',	'core_node_relations',	'311',	'add',	'2017-05-17 17:40:40',	0,	'192.168.0.150'),
(1260,	'staff_staff_deatils',	'staff_staff_deatils',	'4',	'edit',	'2017-05-17 17:42:01',	0,	'192.168.0.150'),
(1261,	'staff_staff_deatils',	'staff_staff_deatils',	'1',	'edit',	'2017-05-17 17:42:48',	0,	'192.168.0.150'),
(1262,	'staff_staff_education',	'staff_staff_education',	'4',	'add',	'2017-05-17 17:47:37',	0,	'192.168.0.150'),
(1263,	'staff_staff_education',	'staff_staff_education',	'5',	'add',	'2017-05-17 17:47:56',	0,	'192.168.0.150'),
(1264,	'core_node_filetypes',	'core_node_filetypes',	'2',	'add',	'2017-05-17 18:01:09',	0,	'192.168.0.150'),
(1265,	'staff_staff_deatils',	'staff_staff_deatils',	'1',	'edit',	'2017-05-17 18:01:28',	0,	'192.168.0.150'),
(1266,	'transaction_logs',	'transaction_logs',	'7',	'add',	'2017-05-18 09:16:11',	0,	'192.168.0.150'),
(1267,	'transaction_logs_details',	'transaction_logs_details',	'14',	'add',	'2017-05-18 09:16:11',	0,	'192.168.0.150'),
(1268,	'student_feeplan_details',	'student_feeplan_details',	'52',	'edit',	'2017-05-18 09:16:12',	0,	'192.168.0.150'),
(1269,	'transaction_logs',	'transaction_logs',	'8',	'add',	'2017-05-18 09:30:20',	0,	'192.168.0.150'),
(1270,	'transaction_logs_details',	'transaction_logs_details',	'15',	'add',	'2017-05-18 09:30:20',	0,	'192.168.0.150'),
(1271,	'student_feeplan_details',	'student_feeplan_details',	'52',	'edit',	'2017-05-18 09:30:20',	0,	'192.168.0.150'),
(1272,	'transaction_logs',	'transaction_logs',	'9',	'add',	'2017-05-18 10:55:11',	0,	'192.168.0.150'),
(1273,	'transaction_logs_details',	'transaction_logs_details',	'16',	'add',	'2017-05-18 10:55:11',	0,	'192.168.0.150'),
(1274,	'student_feeplan_details',	'student_feeplan_details',	'33',	'edit',	'2017-05-18 10:55:11',	0,	'192.168.0.150'),
(1275,	'fee_concession_type',	'fee_concession_type',	'2',	'edit',	'2017-05-18 11:25:31',	0,	'192.168.0.150'),
(1276,	'fee_concession_type',	'fee_concession_type',	'1',	'edit',	'2017-05-18 11:25:44',	0,	'192.168.0.150'),
(1277,	'transaction_logs',	'transaction_logs',	'10',	'add',	'2017-05-18 11:38:25',	0,	'192.168.0.150'),
(1278,	'transaction_logs_details',	'transaction_logs_details',	'17',	'add',	'2017-05-18 11:38:26',	0,	'192.168.0.150'),
(1279,	'student_feeplan_details',	'student_feeplan_details',	'33',	'edit',	'2017-05-18 11:38:26',	0,	'192.168.0.150'),
(1280,	'core_organization',	'core_organization',	'3',	'add',	'2017-05-18 19:00:45',	0,	'192.168.0.150'),
(1281,	'core_list_location',	'core_list_location',	'3',	'add',	'2017-05-18 19:01:25',	0,	'192.168.0.150'),
(1282,	'list_branch',	'list_branch',	'3',	'add',	'2017-05-18 19:04:21',	0,	'192.168.0.150'),
(1283,	'fee_list_feeplan',	'fee_list_feeplan',	'9',	'add',	'2017-05-18 19:11:08',	0,	'192.168.0.150'),
(1284,	'fee_list_feeplan_details',	'fee_list_feeplan_details',	'17',	'add',	'2017-05-18 19:11:58',	0,	'192.168.0.150'),
(1285,	'student_admission',	'student_admission',	'17',	'add',	'2017-05-18 19:13:46',	0,	'192.168.0.150'),
(1286,	'student_feeplan_details',	'student_feeplan_details',	'56',	'add',	'2017-05-18 19:13:46',	0,	'192.168.0.150'),
(1287,	'student_history',	'student_history',	'8',	'add',	'2017-05-18 19:13:46',	0,	'192.168.0.150'),
(1288,	'student_log',	'student_log',	'9',	'add',	'2017-05-18 19:13:47',	0,	'192.168.0.150'),
(1289,	'core_report_template',	'core_report_template',	'PGR',	'add',	'2017-05-19 11:36:05',	0,	'192.168.0.150'),
(1290,	'core_archive_data',	'core_archive_data',	'49',	'add',	'2017-05-19 17:35:12',	0,	'192.168.0.150'),
(1291,	'acd_examination_marks',	'acd_examination_marks',	'6',	'delete',	'2017-05-19 17:35:12',	0,	'192.168.0.150'),
(1292,	'acd_studentmarks_details',	'acd_studentmarks_details',	'34',	'edit',	'2017-05-19 17:35:15',	0,	'192.168.0.150'),
(1293,	'acd_studentmarks_details',	'acd_studentmarks_details',	'35',	'edit',	'2017-05-19 17:35:15',	0,	'192.168.0.150'),
(1294,	'acd_studentmarks_details',	'acd_studentmarks_details',	'36',	'edit',	'2017-05-19 17:35:15',	0,	'192.168.0.150'),
(1295,	'acd_studentmarks_details',	'acd_studentmarks_details',	'37',	'edit',	'2017-05-19 17:35:15',	0,	'192.168.0.150'),
(1296,	'acd_studentmarks_details',	'acd_studentmarks_details',	'38',	'edit',	'2017-05-19 17:35:15',	0,	'192.168.0.150'),
(1297,	'acd_studentmarks_details',	'acd_studentmarks_details',	'39',	'edit',	'2017-05-19 17:35:16',	0,	'192.168.0.150'),
(1298,	'acd_studentmarks_details',	'acd_studentmarks_details',	'40',	'edit',	'2017-05-19 17:35:16',	0,	'192.168.0.150'),
(1299,	'acd_studentmarks_details',	'acd_studentmarks_details',	'41',	'edit',	'2017-05-19 17:35:16',	0,	'192.168.0.150'),
(1300,	'acd_studentmarks_details',	'acd_studentmarks_details',	'42',	'edit',	'2017-05-19 17:35:16',	0,	'192.168.0.150'),
(1301,	'acd_studentmarks_details',	'acd_studentmarks_details',	'43',	'edit',	'2017-05-19 17:35:16',	0,	'192.168.0.150'),
(1302,	'acd_studentmarks_details',	'acd_studentmarks_details',	'44',	'edit',	'2017-05-19 17:35:16',	0,	'192.168.0.150'),
(1303,	'acd_studentmarks_details',	'acd_studentmarks_details',	'45',	'edit',	'2017-05-19 17:35:16',	0,	'192.168.0.150'),
(1304,	'acd_studentmarks_details',	'acd_studentmarks_details',	'46',	'edit',	'2017-05-19 17:35:16',	0,	'192.168.0.150'),
(1305,	'acd_studentmarks_details',	'acd_studentmarks_details',	'47',	'edit',	'2017-05-19 17:35:17',	0,	'192.168.0.150'),
(1306,	'acd_studentmarks_details',	'acd_studentmarks_details',	'48',	'edit',	'2017-05-19 17:35:17',	0,	'192.168.0.150'),
(1307,	'acd_studentmarks_details',	'acd_studentmarks_details',	'49',	'edit',	'2017-05-19 17:35:17',	0,	'192.168.0.150'),
(1308,	'acd_studentmarks_details',	'acd_studentmarks_details',	'50',	'edit',	'2017-05-19 17:35:17',	0,	'192.168.0.150'),
(1309,	'acd_studentmarks_details',	'acd_studentmarks_details',	'51',	'edit',	'2017-05-19 17:35:17',	0,	'192.168.0.150'),
(1310,	'acd_examination_marks',	'acd_examination_marks',	'5',	'edit',	'2017-05-19 17:35:17',	0,	'192.168.0.150'),
(1311,	'acd_studentmarks_details',	'acd_studentmarks_details',	'6',	'edit',	'2017-05-19 17:35:42',	0,	'192.168.0.150'),
(1312,	'acd_studentmarks_details',	'acd_studentmarks_details',	'5',	'edit',	'2017-05-19 17:35:43',	0,	'192.168.0.150'),
(1313,	'acd_studentmarks_details',	'acd_studentmarks_details',	'4',	'edit',	'2017-05-19 17:35:43',	0,	'192.168.0.150'),
(1314,	'acd_studentmarks_details',	'acd_studentmarks_details',	'3',	'edit',	'2017-05-19 17:35:43',	0,	'192.168.0.150'),
(1315,	'acd_studentmarks_details',	'acd_studentmarks_details',	'2',	'edit',	'2017-05-19 17:35:43',	0,	'192.168.0.150'),
(1316,	'acd_studentmarks_details',	'acd_studentmarks_details',	'1',	'edit',	'2017-05-19 17:35:43',	0,	'192.168.0.150'),
(1317,	'acd_studentmarks_details',	'acd_studentmarks_details',	'19',	'edit',	'2017-05-19 17:37:06',	0,	'192.168.0.150'),
(1318,	'acd_studentmarks_details',	'acd_studentmarks_details',	'18',	'edit',	'2017-05-19 17:37:06',	0,	'192.168.0.150'),
(1319,	'acd_studentmarks_details',	'acd_studentmarks_details',	'17',	'edit',	'2017-05-19 17:37:06',	0,	'192.168.0.150'),
(1320,	'acd_studentmarks_details',	'acd_studentmarks_details',	'16',	'edit',	'2017-05-19 17:37:07',	0,	'192.168.0.150'),
(1321,	'acd_studentmarks_details',	'acd_studentmarks_details',	'15',	'edit',	'2017-05-19 17:37:07',	0,	'192.168.0.150'),
(1322,	'acd_studentmarks_details',	'acd_studentmarks_details',	'14',	'edit',	'2017-05-19 17:37:07',	0,	'192.168.0.150'),
(1323,	'acd_studentmarks_details',	'acd_studentmarks_details',	'13',	'edit',	'2017-05-19 17:37:07',	0,	'192.168.0.150'),
(1324,	'acd_studentmarks_details',	'acd_studentmarks_details',	'39',	'edit',	'2017-05-19 17:37:54',	0,	'192.168.0.150'),
(1325,	'acd_studentmarks_details',	'acd_studentmarks_details',	'38',	'edit',	'2017-05-19 17:37:54',	0,	'192.168.0.150'),
(1326,	'acd_studentmarks_details',	'acd_studentmarks_details',	'37',	'edit',	'2017-05-19 17:37:54',	0,	'192.168.0.150'),
(1327,	'acd_studentmarks_details',	'acd_studentmarks_details',	'36',	'edit',	'2017-05-19 17:37:55',	0,	'192.168.0.150'),
(1328,	'acd_studentmarks_details',	'acd_studentmarks_details',	'35',	'edit',	'2017-05-19 17:37:55',	0,	'192.168.0.150'),
(1329,	'acd_studentmarks_details',	'acd_studentmarks_details',	'34',	'edit',	'2017-05-19 17:37:55',	0,	'192.168.0.150'),
(1330,	'acd_studentmarks_details',	'acd_studentmarks_details',	'1',	'edit',	'2017-05-19 17:38:01',	0,	'192.168.0.150'),
(1331,	'acd_studentmarks_details',	'acd_studentmarks_details',	'2',	'edit',	'2017-05-19 17:38:02',	0,	'192.168.0.150'),
(1332,	'acd_studentmarks_details',	'acd_studentmarks_details',	'3',	'edit',	'2017-05-19 17:38:02',	0,	'192.168.0.150'),
(1333,	'acd_studentmarks_details',	'acd_studentmarks_details',	'4',	'edit',	'2017-05-19 17:38:02',	0,	'192.168.0.150'),
(1334,	'acd_studentmarks_details',	'acd_studentmarks_details',	'5',	'edit',	'2017-05-19 17:38:02',	0,	'192.168.0.150'),
(1335,	'acd_studentmarks_details',	'acd_studentmarks_details',	'6',	'edit',	'2017-05-19 17:38:02',	0,	'192.168.0.150'),
(1336,	'acd_studentmarks_details',	'acd_studentmarks_details',	'7',	'edit',	'2017-05-19 17:38:02',	0,	'192.168.0.150'),
(1337,	'acd_studentmarks_details',	'acd_studentmarks_details',	'8',	'edit',	'2017-05-19 17:38:03',	0,	'192.168.0.150'),
(1338,	'acd_studentmarks_details',	'acd_studentmarks_details',	'9',	'edit',	'2017-05-19 17:38:03',	0,	'192.168.0.150'),
(1339,	'acd_studentmarks_details',	'acd_studentmarks_details',	'10',	'edit',	'2017-05-19 17:38:03',	0,	'192.168.0.150'),
(1340,	'acd_studentmarks_details',	'acd_studentmarks_details',	'11',	'edit',	'2017-05-19 17:38:03',	0,	'192.168.0.150'),
(1341,	'acd_studentmarks_details',	'acd_studentmarks_details',	'12',	'edit',	'2017-05-19 17:38:03',	0,	'192.168.0.150'),
(1342,	'acd_examination_marks',	'acd_examination_marks',	'1',	'edit',	'2017-05-19 17:38:03',	0,	'192.168.0.150'),
(1343,	'acd_studentmarks_details',	'acd_studentmarks_details',	'13',	'edit',	'2017-05-19 17:38:06',	0,	'192.168.0.150'),
(1344,	'acd_studentmarks_details',	'acd_studentmarks_details',	'14',	'edit',	'2017-05-19 17:38:06',	0,	'192.168.0.150'),
(1345,	'acd_studentmarks_details',	'acd_studentmarks_details',	'15',	'edit',	'2017-05-19 17:38:06',	0,	'192.168.0.150'),
(1346,	'acd_studentmarks_details',	'acd_studentmarks_details',	'16',	'edit',	'2017-05-19 17:38:06',	0,	'192.168.0.150'),
(1347,	'acd_studentmarks_details',	'acd_studentmarks_details',	'17',	'edit',	'2017-05-19 17:38:06',	0,	'192.168.0.150'),
(1348,	'acd_studentmarks_details',	'acd_studentmarks_details',	'18',	'edit',	'2017-05-19 17:38:07',	0,	'192.168.0.150'),
(1349,	'acd_studentmarks_details',	'acd_studentmarks_details',	'19',	'edit',	'2017-05-19 17:38:07',	0,	'192.168.0.150'),
(1350,	'acd_studentmarks_details',	'acd_studentmarks_details',	'20',	'edit',	'2017-05-19 17:38:07',	0,	'192.168.0.150'),
(1351,	'acd_studentmarks_details',	'acd_studentmarks_details',	'21',	'edit',	'2017-05-19 17:38:07',	0,	'192.168.0.150'),
(1352,	'acd_studentmarks_details',	'acd_studentmarks_details',	'22',	'edit',	'2017-05-19 17:38:07',	0,	'192.168.0.150'),
(1353,	'acd_studentmarks_details',	'acd_studentmarks_details',	'23',	'edit',	'2017-05-19 17:38:07',	0,	'192.168.0.150'),
(1354,	'acd_studentmarks_details',	'acd_studentmarks_details',	'24',	'edit',	'2017-05-19 17:38:07',	0,	'192.168.0.150'),
(1355,	'acd_studentmarks_details',	'acd_studentmarks_details',	'25',	'edit',	'2017-05-19 17:38:08',	0,	'192.168.0.150'),
(1356,	'acd_studentmarks_details',	'acd_studentmarks_details',	'26',	'edit',	'2017-05-19 17:38:08',	0,	'192.168.0.150'),
(1357,	'acd_studentmarks_details',	'acd_studentmarks_details',	'27',	'edit',	'2017-05-19 17:38:08',	0,	'192.168.0.150'),
(1358,	'acd_studentmarks_details',	'acd_studentmarks_details',	'28',	'edit',	'2017-05-19 17:38:08',	0,	'192.168.0.150'),
(1359,	'acd_studentmarks_details',	'acd_studentmarks_details',	'29',	'edit',	'2017-05-19 17:38:08',	0,	'192.168.0.150'),
(1360,	'acd_studentmarks_details',	'acd_studentmarks_details',	'30',	'edit',	'2017-05-19 17:38:08',	0,	'192.168.0.150'),
(1361,	'acd_studentmarks_details',	'acd_studentmarks_details',	'31',	'edit',	'2017-05-19 17:38:09',	0,	'192.168.0.150'),
(1362,	'acd_studentmarks_details',	'acd_studentmarks_details',	'32',	'edit',	'2017-05-19 17:38:09',	0,	'192.168.0.150'),
(1363,	'acd_studentmarks_details',	'acd_studentmarks_details',	'33',	'edit',	'2017-05-19 17:38:09',	0,	'192.168.0.150'),
(1364,	'acd_examination_marks',	'acd_examination_marks',	'3',	'edit',	'2017-05-19 17:38:09',	0,	'192.168.0.150'),
(1365,	'acd_studentmarks_details',	'acd_studentmarks_details',	'34',	'edit',	'2017-05-19 17:38:11',	0,	'192.168.0.150'),
(1366,	'acd_studentmarks_details',	'acd_studentmarks_details',	'35',	'edit',	'2017-05-19 17:38:11',	0,	'192.168.0.150'),
(1367,	'acd_studentmarks_details',	'acd_studentmarks_details',	'36',	'edit',	'2017-05-19 17:38:11',	0,	'192.168.0.150'),
(1368,	'acd_studentmarks_details',	'acd_studentmarks_details',	'37',	'edit',	'2017-05-19 17:38:11',	0,	'192.168.0.150'),
(1369,	'acd_studentmarks_details',	'acd_studentmarks_details',	'38',	'edit',	'2017-05-19 17:38:11',	0,	'192.168.0.150'),
(1370,	'acd_studentmarks_details',	'acd_studentmarks_details',	'39',	'edit',	'2017-05-19 17:38:12',	0,	'192.168.0.150'),
(1371,	'acd_studentmarks_details',	'acd_studentmarks_details',	'40',	'edit',	'2017-05-19 17:38:12',	0,	'192.168.0.150'),
(1372,	'acd_studentmarks_details',	'acd_studentmarks_details',	'41',	'edit',	'2017-05-19 17:38:12',	0,	'192.168.0.150'),
(1373,	'acd_studentmarks_details',	'acd_studentmarks_details',	'42',	'edit',	'2017-05-19 17:38:12',	0,	'192.168.0.150'),
(1374,	'acd_studentmarks_details',	'acd_studentmarks_details',	'43',	'edit',	'2017-05-19 17:38:12',	0,	'192.168.0.150'),
(1375,	'acd_studentmarks_details',	'acd_studentmarks_details',	'44',	'edit',	'2017-05-19 17:38:12',	0,	'192.168.0.150'),
(1376,	'acd_studentmarks_details',	'acd_studentmarks_details',	'45',	'edit',	'2017-05-19 17:38:13',	0,	'192.168.0.150'),
(1377,	'acd_studentmarks_details',	'acd_studentmarks_details',	'46',	'edit',	'2017-05-19 17:38:13',	0,	'192.168.0.150'),
(1378,	'acd_studentmarks_details',	'acd_studentmarks_details',	'47',	'edit',	'2017-05-19 17:38:13',	0,	'192.168.0.150'),
(1379,	'acd_studentmarks_details',	'acd_studentmarks_details',	'48',	'edit',	'2017-05-19 17:38:13',	0,	'192.168.0.150'),
(1380,	'acd_studentmarks_details',	'acd_studentmarks_details',	'49',	'edit',	'2017-05-19 17:38:13',	0,	'192.168.0.150'),
(1381,	'acd_studentmarks_details',	'acd_studentmarks_details',	'50',	'edit',	'2017-05-19 17:38:13',	0,	'192.168.0.150'),
(1382,	'acd_studentmarks_details',	'acd_studentmarks_details',	'51',	'edit',	'2017-05-19 17:38:13',	0,	'192.168.0.150'),
(1383,	'acd_examination_marks',	'acd_examination_marks',	'5',	'edit',	'2017-05-19 17:38:14',	0,	'192.168.0.150'),
(1384,	'acd_subgroupexams',	'acd_subgroupexams',	'4',	'add',	'2017-05-19 17:39:48',	0,	'192.168.0.150'),
(1385,	'core_node_relations',	'core_node_relations',	'312',	'add',	'2017-05-20 14:33:44',	0,	'192.168.0.150'),
(1386,	'core_node_settings',	'core_node_settings',	'finalmarks',	'add',	'2017-05-20 14:42:30',	0,	'192.168.0.150'),
(1387,	'core_node_relations',	'core_node_relations',	'313',	'add',	'2017-05-20 14:43:36',	0,	'192.168.0.150'),
(1388,	'core_node_relations',	'core_node_relations',	'314',	'add',	'2017-05-20 14:44:17',	0,	'192.168.0.150'),
(1389,	'core_node_relations',	'core_node_relations',	'315',	'add',	'2017-05-20 14:44:41',	0,	'192.168.0.150'),
(1390,	'core_node_relations',	'core_node_relations',	'316',	'add',	'2017-05-20 14:45:09',	0,	'192.168.0.150'),
(1391,	'core_node_relations',	'core_node_relations',	'317',	'add',	'2017-05-20 14:45:37',	0,	'192.168.0.150'),
(1392,	'core_node_relations',	'core_node_relations',	'318',	'add',	'2017-05-20 14:45:54',	0,	'192.168.0.150'),
(1393,	'core_node_relations',	'core_node_relations',	'319',	'add',	'2017-05-20 14:46:32',	0,	'192.168.0.150'),
(1394,	'core_archive_data',	'core_archive_data',	'50',	'add',	'2017-05-20 14:49:42',	0,	'192.168.0.150'),
(1395,	'core_node_settings',	'core_node_settings',	'finalmarks',	'delete',	'2017-05-20 14:49:42',	0,	'192.168.0.150'),
(1396,	'core_archive_data',	'core_archive_data',	'51',	'add',	'2017-05-20 14:50:04',	0,	'192.168.0.150'),
(1397,	'core_registernode',	'core_registernode',	'finalmarks',	'delete',	'2017-05-20 14:50:04',	0,	'192.168.0.150'),
(1398,	'acd_overall_grade',	'acd_overall_grade',	'1',	'edit',	'2017-05-20 14:51:38',	0,	'192.168.0.150'),
(1399,	'acd_overall_grade',	'acd_overall_grade',	'1',	'edit',	'2017-05-20 14:52:57',	0,	'192.168.0.150'),
(1400,	'acd_overall_grade',	'acd_overall_grade',	'1',	'edit',	'2017-05-20 14:54:02',	0,	'192.168.0.150'),
(1401,	'acd_overall_grade',	'acd_overall_grade',	'1',	'edit',	'2017-05-20 14:54:06',	0,	'192.168.0.150'),
(1402,	'acd_overall_grade',	'acd_overall_grade',	'1',	'edit',	'2017-05-20 14:55:49',	0,	'192.168.0.150'),
(1403,	'acd_overall_grade',	'acd_overall_grade',	'1',	'edit',	'2017-05-20 14:56:12',	0,	'192.168.0.150'),
(1404,	'acd_overall_grade',	'acd_overall_grade',	'1',	'edit',	'2017-05-20 14:57:22',	0,	'192.168.0.150'),
(1405,	'acd_overall_grade',	'acd_overall_grade',	'1',	'edit',	'2017-05-20 14:58:03',	0,	'192.168.0.150'),
(1406,	'acd_overall_grade',	'acd_overall_grade',	'1',	'edit',	'2017-05-20 15:08:09',	0,	'192.168.0.150'),
(1407,	'acd_overall_grade',	'acd_overall_grade',	'1',	'edit',	'2017-05-20 15:08:22',	0,	'192.168.0.150'),
(1408,	'acd_overall_grade',	'acd_overall_grade',	'1',	'edit',	'2017-05-20 15:08:45',	0,	'192.168.0.150'),
(1409,	'acd_overall_grade',	'acd_overall_grade',	'1',	'edit',	'2017-05-20 15:09:11',	0,	'192.168.0.150'),
(1410,	'acd_overall_grade',	'acd_overall_grade',	'1',	'edit',	'2017-05-20 15:09:52',	0,	'192.168.0.150'),
(1411,	'acd_overall_grade',	'acd_overall_grade',	'1',	'edit',	'2017-05-20 15:10:24',	0,	'192.168.0.150'),
(1412,	'acd_overall_grade',	'acd_overall_grade',	'1',	'edit',	'2017-05-20 15:10:38',	0,	'192.168.0.150'),
(1413,	'acd_overall_grade',	'acd_overall_grade',	'1',	'edit',	'2017-05-20 15:12:24',	0,	'192.168.0.150'),
(1414,	'acd_overall_grade',	'acd_overall_grade',	'1',	'edit',	'2017-05-20 15:13:12',	0,	'192.168.0.150'),
(1415,	'acd_overall_grade',	'acd_overall_grade',	'1',	'edit',	'2017-05-20 15:27:12',	0,	'192.168.0.150'),
(1416,	'acd_overall_grade',	'acd_overall_grade',	'1',	'edit',	'2017-05-20 15:30:59',	0,	'192.168.0.150'),
(1417,	'acd_overall_grade',	'acd_overall_grade',	'1',	'edit',	'2017-05-20 15:31:14',	0,	'192.168.0.150'),
(1418,	'acd_overall_grade',	'acd_overall_grade',	'1',	'edit',	'2017-05-20 15:31:31',	0,	'192.168.0.150'),
(1419,	'acd_overall_grade',	'acd_overall_grade',	'1',	'edit',	'2017-05-20 15:31:46',	0,	'192.168.0.150'),
(1420,	'acd_overall_grade',	'acd_overall_grade',	'1',	'edit',	'2017-05-20 15:33:53',	0,	'192.168.0.150'),
(1421,	'acd_overall_grade',	'acd_overall_grade',	'1',	'edit',	'2017-05-20 15:34:14',	0,	'192.168.0.150'),
(1422,	'acd_overall_grade',	'acd_overall_grade',	'1',	'edit',	'2017-05-20 15:39:36',	0,	'192.168.0.150'),
(1423,	'acd_overall_grade',	'acd_overall_grade',	'1',	'edit',	'2017-05-20 15:40:29',	0,	'192.168.0.150'),
(1424,	'acd_overall_grade',	'acd_overall_grade',	'1',	'edit',	'2017-05-20 15:43:06',	0,	'192.168.0.150'),
(1425,	'acd_overall_grade',	'acd_overall_grade',	'1',	'edit',	'2017-05-20 15:43:58',	0,	'192.168.0.150'),
(1426,	'acd_overall_grade',	'acd_overall_grade',	'1',	'edit',	'2017-05-20 15:45:55',	0,	'192.168.0.150'),
(1427,	'acd_overall_grade',	'acd_overall_grade',	'1',	'edit',	'2017-05-20 15:46:21',	0,	'192.168.0.150'),
(1428,	'acd_overall_grade',	'acd_overall_grade',	'1',	'edit',	'2017-05-20 15:49:22',	0,	'192.168.0.150'),
(1429,	'acd_overall_grade',	'acd_overall_grade',	'1',	'edit',	'2017-05-20 15:50:37',	0,	'192.168.0.150'),
(1430,	'acd_final_marks',	'acd_final_marks',	'2',	'add',	'2017-05-20 15:50:38',	0,	'192.168.0.150'),
(1431,	'acd_overall_grade',	'acd_overall_grade',	'1',	'edit',	'2017-05-20 15:51:49',	0,	'192.168.0.150'),
(1432,	'acd_final_marks',	'acd_final_marks',	'3',	'add',	'2017-05-20 15:51:49',	0,	'192.168.0.150'),
(1433,	'acd_overall_grade',	'acd_overall_grade',	'1',	'edit',	'2017-05-20 15:54:26',	0,	'192.168.0.150'),
(1434,	'acd_overall_grade',	'acd_overall_grade',	'1',	'edit',	'2017-05-20 16:00:02',	0,	'192.168.0.150'),
(1435,	'acd_overall_grade',	'acd_overall_grade',	'1',	'edit',	'2017-05-20 16:00:32',	0,	'192.168.0.150'),
(1436,	'acd_overall_grade',	'acd_overall_grade',	'1',	'edit',	'2017-05-20 16:00:44',	0,	'192.168.0.150'),
(1437,	'acd_overall_grade',	'acd_overall_grade',	'1',	'edit',	'2017-05-20 16:09:20',	0,	'192.168.0.150'),
(1438,	'acd_overall_grade',	'acd_overall_grade',	'1',	'edit',	'2017-05-20 16:09:36',	0,	'192.168.0.150'),
(1439,	'acd_overall_grade',	'acd_overall_grade',	'1',	'edit',	'2017-05-20 16:10:10',	0,	'192.168.0.150'),
(1440,	'acd_overall_grade',	'acd_overall_grade',	'1',	'edit',	'2017-05-20 16:16:23',	0,	'192.168.0.150'),
(1441,	'acd_overall_grade',	'acd_overall_grade',	'1',	'edit',	'2017-05-20 16:17:29',	0,	'192.168.0.150'),
(1442,	'core_archive_data',	'core_archive_data',	'52',	'add',	'2017-05-20 16:21:21',	0,	'192.168.0.150'),
(1443,	'acd_final_marks',	'acd_final_marks',	'3',	'delete',	'2017-05-20 16:21:21',	0,	'192.168.0.150'),
(1444,	'core_archive_data',	'core_archive_data',	'53',	'add',	'2017-05-20 16:21:21',	0,	'192.168.0.150'),
(1445,	'acd_final_marks',	'acd_final_marks',	'2',	'delete',	'2017-05-20 16:21:22',	0,	'192.168.0.150'),
(1446,	'acd_overall_grade',	'acd_overall_grade',	'1',	'edit',	'2017-05-20 16:21:39',	0,	'192.168.0.150'),
(1447,	'acd_overall_grade',	'acd_overall_grade',	'1',	'edit',	'2017-05-20 16:22:11',	0,	'192.168.0.150'),
(1448,	'acd_overall_grade',	'acd_overall_grade',	'1',	'edit',	'2017-05-20 16:22:35',	0,	'192.168.0.150'),
(1449,	'acd_overall_grade',	'acd_overall_grade',	'1',	'edit',	'2017-05-20 16:22:53',	0,	'192.168.0.150'),
(1450,	'acd_overall_grade',	'acd_overall_grade',	'1',	'edit',	'2017-05-20 16:23:06',	0,	'192.168.0.150'),
(1451,	'acd_overall_grade',	'acd_overall_grade',	'1',	'edit',	'2017-05-20 16:23:42',	0,	'192.168.0.150'),
(1452,	'acd_overall_grade',	'acd_overall_grade',	'1',	'edit',	'2017-05-20 16:25:43',	0,	'192.168.0.150'),
(1453,	'acd_subgroupexams',	'acd_subgroupexams',	'1',	'edit',	'2017-05-20 16:26:16',	0,	'192.168.0.150'),
(1454,	'acd_subgroupexams',	'acd_subgroupexams',	'2',	'edit',	'2017-05-20 16:26:24',	0,	'192.168.0.150'),
(1455,	'acd_subgroupexams',	'acd_subgroupexams',	'4',	'edit',	'2017-05-20 16:26:33',	0,	'192.168.0.150'),
(1456,	'acd_subgroupexams',	'acd_subgroupexams',	'2',	'edit',	'2017-05-20 16:26:40',	0,	'192.168.0.150'),
(1457,	'acd_subgroupexams',	'acd_subgroupexams',	'1',	'edit',	'2017-05-20 16:26:46',	0,	'192.168.0.150'),
(1458,	'acd_overall_grade',	'acd_overall_grade',	'1',	'edit',	'2017-05-20 16:27:39',	0,	'192.168.0.150'),
(1459,	'acd_overall_grade',	'acd_overall_grade',	'1',	'edit',	'2017-05-20 16:29:45',	0,	'192.168.0.150'),
(1460,	'acd_final_marks',	'acd_final_marks',	'4',	'add',	'2017-05-20 16:29:46',	0,	'192.168.0.150'),
(1461,	'acd_final_marks',	'acd_final_marks',	'5',	'add',	'2017-05-20 16:29:46',	0,	'192.168.0.150'),
(1462,	'acd_final_marks',	'acd_final_marks',	'6',	'add',	'2017-05-20 16:29:46',	0,	'192.168.0.150'),
(1463,	'acd_grade_master',	'acd_grade_master',	'9',	'add',	'2017-05-20 17:00:11',	0,	'192.168.0.150'),
(1464,	'acd_studentmarks_details',	'acd_studentmarks_details',	'34',	'edit',	'2017-05-20 17:00:52',	0,	'192.168.0.150'),
(1465,	'acd_studentmarks_details',	'acd_studentmarks_details',	'35',	'edit',	'2017-05-20 17:00:52',	0,	'192.168.0.150'),
(1466,	'acd_studentmarks_details',	'acd_studentmarks_details',	'36',	'edit',	'2017-05-20 17:00:52',	0,	'192.168.0.150'),
(1467,	'acd_studentmarks_details',	'acd_studentmarks_details',	'37',	'edit',	'2017-05-20 17:00:52',	0,	'192.168.0.150'),
(1468,	'acd_studentmarks_details',	'acd_studentmarks_details',	'38',	'edit',	'2017-05-20 17:00:52',	0,	'192.168.0.150'),
(1469,	'acd_studentmarks_details',	'acd_studentmarks_details',	'39',	'edit',	'2017-05-20 17:00:52',	0,	'192.168.0.150'),
(1470,	'acd_studentmarks_details',	'acd_studentmarks_details',	'40',	'edit',	'2017-05-20 17:00:53',	0,	'192.168.0.150'),
(1471,	'acd_studentmarks_details',	'acd_studentmarks_details',	'41',	'edit',	'2017-05-20 17:00:53',	0,	'192.168.0.150'),
(1472,	'acd_studentmarks_details',	'acd_studentmarks_details',	'42',	'edit',	'2017-05-20 17:00:53',	0,	'192.168.0.150'),
(1473,	'acd_studentmarks_details',	'acd_studentmarks_details',	'43',	'edit',	'2017-05-20 17:00:53',	0,	'192.168.0.150'),
(1474,	'acd_studentmarks_details',	'acd_studentmarks_details',	'44',	'edit',	'2017-05-20 17:00:53',	0,	'192.168.0.150'),
(1475,	'acd_studentmarks_details',	'acd_studentmarks_details',	'45',	'edit',	'2017-05-20 17:00:53',	0,	'192.168.0.150'),
(1476,	'acd_studentmarks_details',	'acd_studentmarks_details',	'46',	'edit',	'2017-05-20 17:00:54',	0,	'192.168.0.150'),
(1477,	'acd_studentmarks_details',	'acd_studentmarks_details',	'47',	'edit',	'2017-05-20 17:00:54',	0,	'192.168.0.150'),
(1478,	'acd_studentmarks_details',	'acd_studentmarks_details',	'48',	'edit',	'2017-05-20 17:00:54',	0,	'192.168.0.150'),
(1479,	'acd_studentmarks_details',	'acd_studentmarks_details',	'49',	'edit',	'2017-05-20 17:00:54',	0,	'192.168.0.150'),
(1480,	'acd_studentmarks_details',	'acd_studentmarks_details',	'50',	'edit',	'2017-05-20 17:00:54',	0,	'192.168.0.150'),
(1481,	'acd_studentmarks_details',	'acd_studentmarks_details',	'51',	'edit',	'2017-05-20 17:00:54',	0,	'192.168.0.150'),
(1482,	'acd_examination_marks',	'acd_examination_marks',	'5',	'edit',	'2017-05-20 17:00:54',	0,	'192.168.0.150'),
(1483,	'core_archive_data',	'core_archive_data',	'54',	'add',	'2017-05-20 17:01:47',	0,	'192.168.0.150'),
(1484,	'acd_overall_grade',	'acd_overall_grade',	'3',	'delete',	'2017-05-20 17:01:47',	0,	'192.168.0.150'),
(1485,	'core_archive_data',	'core_archive_data',	'55',	'add',	'2017-05-20 17:01:47',	0,	'192.168.0.150'),
(1486,	'acd_overall_grade',	'acd_overall_grade',	'2',	'delete',	'2017-05-20 17:01:48',	0,	'192.168.0.150'),
(1487,	'core_archive_data',	'core_archive_data',	'56',	'add',	'2017-05-20 17:01:48',	0,	'192.168.0.150'),
(1488,	'acd_overall_grade',	'acd_overall_grade',	'1',	'delete',	'2017-05-20 17:01:48',	0,	'192.168.0.150'),
(1489,	'acd_overall_grade',	'acd_overall_grade',	'4',	'add',	'2017-05-20 17:02:03',	0,	'192.168.0.150'),
(1490,	'acd_final_marks',	'acd_final_marks',	'7',	'add',	'2017-05-20 17:02:03',	0,	'192.168.0.150'),
(1491,	'acd_final_marks',	'acd_final_marks',	'8',	'add',	'2017-05-20 17:02:03',	0,	'192.168.0.150'),
(1492,	'acd_final_marks',	'acd_final_marks',	'9',	'add',	'2017-05-20 17:02:04',	0,	'192.168.0.150'),
(1493,	'core_dbbackfile',	'',	'',	'add',	'2018-03-11 21:04:38',	0,	'::1'),
(1494,	'core_codebackup',	'core_backupdetails',	'1',	'add',	'2018-03-11 21:06:02',	0,	'::1'),
(1495,	'core_codebackup',	'core_backupdetails',	'2',	'add',	'2018-03-11 21:08:18',	0,	'::1'),
(1496,	'core_codebackup',	'core_backupdetails',	'3',	'add',	'2018-03-11 21:08:26',	0,	'::1'),
(1497,	'core_codebackup',	'core_backupdetails',	'4',	'add',	'2018-03-11 21:10:10',	0,	'::1'),
(1498,	'core_codebackup',	'core_backupdetails',	'5',	'add',	'2018-03-11 21:11:59',	0,	'::1'),
(1499,	'core_codebackup',	'core_backupdetails',	'6',	'add',	'2018-03-11 21:13:01',	0,	'::1'),
(1500,	'core_codebackup',	'core_backupdetails',	'7',	'add',	'2018-03-11 21:13:37',	0,	'::1'),
(1501,	'core_codebackup',	'core_backupdetails',	'8',	'add',	'2018-03-11 21:14:01',	0,	'::1'),
(1502,	'core_codebackup',	'core_backupdetails',	'9',	'add',	'2018-03-11 21:14:38',	0,	'::1'),
(1503,	'core_codebackup',	'core_backupdetails',	'10',	'add',	'2018-03-11 21:15:12',	0,	'::1'),
(1504,	'core_codebackup',	'core_backupdetails',	'11',	'add',	'2018-03-11 21:16:13',	0,	'::1'),
(1505,	'core_codebackup',	'core_backupdetails',	'12',	'add',	'2018-03-11 21:16:25',	0,	'::1'),
(1506,	'core_codebackup',	'core_backupdetails',	'13',	'add',	'2018-03-11 21:17:46',	0,	'::1'),
(1507,	'core_codebackup',	'core_backupdetails',	'14',	'add',	'2018-03-11 21:20:22',	0,	'::1'),
(1508,	'core_codebackup',	'core_backupdetails',	'15',	'add',	'2018-03-11 21:21:10',	0,	'::1'),
(1509,	'core_codebackup',	'core_backupdetails',	'16',	'add',	'2018-03-11 21:21:20',	0,	'::1'),
(1510,	'core_codebackup',	'core_backupdetails',	'17',	'add',	'2018-03-11 21:35:09',	0,	'::1'),
(1511,	'core_codebackup',	'core_backupdetails',	'18',	'add',	'2018-03-11 21:35:32',	0,	'::1'),
(1512,	'core_codebackup',	'core_backupdetails',	'19',	'add',	'2018-03-11 21:37:16',	0,	'::1'),
(1513,	'core_codebackup',	'core_backupdetails',	'20',	'add',	'2018-03-11 21:38:11',	0,	'::1'),
(1514,	'core_codebackup',	'core_backupdetails',	'21',	'add',	'2018-03-11 21:38:27',	0,	'::1'),
(1515,	'core_codebackup',	'core_backupdetails',	'22',	'add',	'2018-03-11 21:38:58',	0,	'::1'),
(1516,	'core_codebackup',	'core_backupdetails',	'23',	'add',	'2018-03-11 21:39:55',	0,	'::1'),
(1517,	'core_codebackup',	'core_backupdetails',	'24',	'add',	'2018-03-11 21:40:13',	0,	'::1'),
(1518,	'core_codebackup',	'core_backupdetails',	'25',	'add',	'2018-03-11 21:40:58',	0,	'::1'),
(1519,	'core_codebackup',	'core_backupdetails',	'26',	'add',	'2018-03-11 21:42:55',	0,	'::1'),
(1520,	'core_codebackup',	'core_backupdetails',	'27',	'add',	'2018-03-11 21:43:34',	0,	'::1'),
(1521,	'core_codebackup',	'core_backupdetails',	'28',	'add',	'2018-03-11 21:47:01',	0,	'::1'),
(1522,	'core_codebackup',	'core_backupdetails',	'29',	'add',	'2018-03-11 21:47:09',	0,	'::1'),
(1523,	'core_codebackup',	'core_backupdetails',	'30',	'add',	'2018-03-11 21:48:16',	0,	'::1'),
(1524,	'core_codebackup',	'core_backupdetails',	'31',	'add',	'2018-03-11 21:48:24',	0,	'::1'),
(1525,	'core_codebackup',	'core_backupdetails',	'32',	'add',	'2018-03-11 21:50:29',	0,	'::1'),
(1526,	'core_codebackup',	'core_backupdetails',	'33',	'add',	'2018-03-11 21:51:03',	0,	'::1'),
(1527,	'core_codebackup',	'core_backupdetails',	'34',	'add',	'2018-03-11 21:51:28',	0,	'::1'),
(1528,	'core_codebackup',	'core_backupdetails',	'35',	'add',	'2018-03-11 21:51:31',	0,	'::1'),
(1529,	'core_codebackup',	'core_backupdetails',	'36',	'add',	'2018-03-11 21:52:30',	0,	'::1'),
(1530,	'core_codebackup',	'core_backupdetails',	'37',	'add',	'2018-03-11 21:52:36',	0,	'::1'),
(1531,	'core_codebackup',	'core_backupdetails',	'38',	'add',	'2018-03-11 21:53:51',	0,	'::1'),
(1532,	'core_codebackup',	'core_backupdetails',	'39',	'add',	'2018-03-11 21:54:04',	0,	'::1');

DROP TABLE IF EXISTS `core_node_relations`;
CREATE TABLE `core_node_relations` (
  `id` int(11) NOT NULL AUTO_INCREMENT COMMENT 'User Id',
  `core_node_settings_id` varchar(255) DEFAULT NULL COMMENT 'Node Setting Id',
  `core_node_colname` varchar(255) DEFAULT NULL COMMENT 'Node ColName',
  `core_relation_type_id` varchar(255) DEFAULT NULL COMMENT 'Relation TypeId',
  `core_node_parent` varchar(255) DEFAULT NULL COMMENT 'Node Parent',
  `dependee_fields` longtext COMMENT 'Dependee Fields',
  `sort_value` int(11) DEFAULT NULL COMMENT 'Sort Value',
  `createdat` datetime DEFAULT NULL COMMENT 'Created Datetime',
  `updatedat` datetime DEFAULT NULL COMMENT 'Updated Datetime',
  PRIMARY KEY (`id`)
) ENGINE=InnoDB DEFAULT CHARSET=utf8 COMMENT='Node Relations';

INSERT INTO `core_node_relations` (`id`, `core_node_settings_id`, `core_node_colname`, `core_relation_type_id`, `core_node_parent`, `dependee_fields`, `sort_value`, `createdat`, `updatedat`) VALUES
(1,	'core_registernode',	'core_root_module_id',	'MTO',	'core_registernode',	'',	1,	'2017-05-01 15:22:52',	'2017-05-01 15:22:52'),
(2,	'core_registernode',	'core_module_id',	'MTO',	'core_registernode',	'',	2,	'2017-05-01 15:22:52',	'2017-05-01 15:22:52'),
(3,	'core_registernode',	'core_module_display_id',	'MTO',	'core_registernode',	'',	3,	'2017-05-01 15:22:52',	'2017-05-01 15:22:52'),
(4,	'core_node_settings',	'core_registernode_id',	'MTO',	'core_registernode',	'',	1,	'2017-05-01 15:22:52',	'2017-05-01 15:22:52'),
(5,	'core_node_settings',	'core_node_actions_id',	'MTO',	'core_node_actions',	'',	1,	'2017-05-01 15:22:53',	'2017-05-01 15:22:53'),
(6,	'core_node_settings',	'default_action',	'MTO',	'core_node_actions',	'',	1,	'2017-05-01 15:22:53',	'2017-05-01 15:22:53'),
(7,	'core_node_settings',	'core_node_settings_id',	'OTM',	'core_uniquefieldset',	'',	1,	'2017-05-01 15:22:53',	'2017-05-01 15:22:53'),
(8,	'core_node_settings',	'core_node_settings_id',	'OTM',	'core_node_relations',	'',	2,	'2017-05-01 15:22:53',	'2017-05-01 15:22:53'),
(9,	'core_node_settings',	'core_node_settings_id',	'OTM',	'core_defaultvalues',	'',	3,	'2017-05-01 15:22:53',	'2017-05-01 15:22:53'),
(10,	'core_node_settings',	'core_node_settings_id',	'OTM',	'core_node_fieldattributes',	'',	4,	'2017-05-01 15:22:53',	'2017-05-01 15:22:53'),
(11,	'core_node_settings',	'core_node_settings_id',	'OTM',	'core_node_attribute_option',	'',	5,	'2017-05-01 15:22:53',	'2017-05-01 15:22:53'),
(12,	'core_node_actions',	'core_action_type_id',	'MTO',	'core_action_type',	'',	1,	'2017-05-01 15:22:56',	'2017-05-01 15:22:56'),
(13,	'core_uniquefieldset',	'core_node_settings_id',	'MTO',	'core_node_settings',	'',	1,	'2017-05-01 15:22:59',	'2017-05-01 15:22:59'),
(14,	'core_node_history',	'node_id',	'MTO',	'core_registernode',	'',	1,	'2017-05-01 15:23:00',	'2017-05-01 15:23:00'),
(15,	'core_node_history',	'core_node_actions_id',	'MTO',	'core_node_actions',	'',	2,	'2017-05-01 15:23:00',	'2017-05-01 15:23:00'),
(16,	'core_form_settings',	'core_node_settings_id',	'MTO',	'core_node_settings',	'',	1,	'2017-05-01 15:23:01',	'2017-05-01 15:23:01'),
(17,	'core_form_settings',	'core_element_displaytype_id',	'MTO',	'core_element_displaytype',	'',	2,	'2017-05-01 15:23:01',	'2017-05-01 15:23:01'),
(18,	'core_form_settings',	'parent',	'MTO',	'core_form_settings',	'',	4,	'2017-05-01 15:23:01',	'2017-05-01 15:23:01'),
(19,	'core_form_settings',	'core_form_settings_id',	'OTM',	'core_form_layout',	'',	5,	'2017-05-01 15:23:01',	'2017-05-01 15:23:01'),
(20,	'core_node_relations',	'core_node_parent',	'MTO',	'core_node_settings',	'',	1,	'2017-05-01 15:23:02',	'2017-05-01 15:23:02'),
(21,	'core_node_relations',	'core_node_settings_id',	'MTO',	'core_node_settings',	'',	2,	'2017-05-01 15:23:02',	'2017-05-01 15:23:02'),
(22,	'core_node_relations',	'core_relation_type_id',	'MTO',	'core_relation_type',	'',	3,	'2017-05-01 15:23:02',	'2017-05-01 15:23:02'),
(23,	'core_form_layout',	'core_form_settings_id',	'MTO',	'core_form_settings',	'',	1,	'2017-05-01 15:23:02',	'2017-05-01 15:23:02'),
(24,	'core_defaultvalues',	'core_node_settings_id',	'MTO',	'core_node_settings',	'',	1,	'2017-05-01 15:23:03',	'2017-05-01 15:23:03'),
(25,	'core_node_fieldattributes',	'core_node_settings_id',	'MTO',	'core_node_settings',	'',	1,	'2017-05-01 15:23:03',	'2017-05-01 15:23:03'),
(26,	'core_node_fieldattributes',	'core_root_attribute_id',	'MTO',	'core_root_attributes',	'',	2,	'2017-05-01 15:23:03',	'2017-05-01 15:23:03'),
(27,	'core_cms_image_settings',	'core_node_settings_id',	'MTO',	'core_node_settings',	'',	1,	'2017-05-01 15:23:03',	'2017-05-01 15:23:03'),
(28,	'core_node_attributes',	'core_root_attributes_id',	'MTO',	'core_root_attributes',	'',	1,	'2017-05-01 15:23:04',	'2017-05-01 15:23:04'),
(29,	'core_node_filetypes',	'core_node_settings_id',	'MTO',	'core_node_settings',	'',	1,	'2017-05-01 15:23:04',	'2017-05-01 15:23:04'),
(30,	'core_cms_uploadfolders_id',	'core_profile_id',	'MTO',	'core_cms_uploadfolders',	'',	2,	'2017-05-01 15:23:05',	'2017-05-01 15:23:05'),
(31,	'core_node_filetypes',	'core_file_types_id',	'MTO',	'core_file_types',	'',	3,	'2017-05-01 15:23:05',	'2017-05-01 15:23:05'),
(32,	'core_node_filetypes',	'core_cms_image_settings_id',	'MTO',	'core_cms_image_settings',	'',	4,	'2017-05-01 15:23:05',	'2017-05-01 15:23:05'),
(33,	'core_email_notifications',	'core_registernode_id',	'MTO',	'core_node_actions',	'',	2,	'2017-05-01 15:23:06',	'2017-05-01 15:23:06'),
(34,	'core_app_settings',	'core_user_id',	'MTO',	'core_users',	'',	1,	'2017-05-01 15:23:07',	'2017-05-01 15:23:07'),
(35,	'core_organization',	'core_country_id',	'MTO',	'core_country',	'',	1,	'2017-05-01 15:23:08',	'2017-05-01 15:23:08'),
(36,	'core_organization',	'core_list_state_id',	'MTO',	'core_list_state',	'',	2,	'2017-05-01 15:23:08',	'2017-05-01 15:23:08'),
(37,	'core_list_location',	'core_country_id',	'MTO',	'core_country',	'',	1,	'2017-05-01 15:23:09',	'2017-05-01 15:23:09'),
(38,	'core_list_location',	'core_list_state_id',	'MTO',	'core_list_state',	'core_country',	2,	'2017-05-01 15:23:09',	'2017-05-01 15:23:09'),
(39,	'core_list_location',	'core_list_city_id',	'MTO',	'core_list_city',	'core_list_state',	3,	'2017-05-01 15:23:09',	'2017-05-01 15:23:09'),
(40,	'core_reportsdetails_settings',	'core_reportsdetails_id',	'MTO',	'core_reportsdetails',	'',	1,	'2017-05-01 15:23:09',	'2017-05-01 15:23:09'),
(41,	'core_reportsdetails_settings',	'core_queryclause_id',	'MTO',	'core_queryclause',	'',	2,	'2017-05-01 15:23:09',	'2017-05-01 15:23:09'),
(42,	'core_reportsdetails_settings',	'core_aggregate_function_id',	'MTO',	'core_aggregate_function',	'',	3,	'2017-05-01 15:23:10',	'2017-05-01 15:23:10'),
(43,	'core_reportsdetails_settings',	'core_orderclausetype_id',	'MTO',	'core_orderclausetype',	'',	4,	'2017-05-01 15:23:10',	'2017-05-01 15:23:10'),
(44,	'core_reportsdetails_settings',	'node_id',	'MTO',	'core_node_settings',	'',	5,	'2017-05-01 15:23:10',	'2017-05-01 15:23:10'),
(45,	'core_reportsdetails',	'node_id',	'MTO',	'core_registernode',	'',	1,	'2017-05-01 15:23:10',	'2017-05-01 15:23:10'),
(46,	'core_reportsdetails',	'core_output_type_id',	'MTO',	'core_output_type',	'',	2,	'2017-05-01 15:23:10',	'2017-05-01 15:23:10'),
(47,	'core_reportsdetails',	'db_output_type_id',	'MTO',	'core_output_type',	'',	3,	'2017-05-01 15:23:10',	'2017-05-01 15:23:10'),
(48,	'core_reportsdetails',	'core_reportsdetails_id',	'OTM',	'core_reportsdetails_settings',	'',	4,	'2017-05-01 15:23:10',	'2017-05-01 15:23:10'),
(49,	'core_list_city',	'core_country_id',	'MTO',	'core_country',	'',	1,	'2017-05-01 15:23:12',	'2017-05-01 15:23:12'),
(50,	'core_list_city',	'core_list_state_id',	'MTO',	'core_list_state',	'',	2,	'2017-05-01 15:23:12',	'2017-05-01 15:23:12'),
(51,	'core_list_state',	'core_country_id',	'MTO',	'core_country',	'',	1,	'2017-05-01 15:23:12',	'2017-05-01 15:23:12'),
(52,	'core_attribute_option',	'core_root_attributes_id',	'MTO',	'core_root_attributes',	'',	1,	'2017-05-01 15:23:13',	'2017-05-01 15:23:13'),
(53,	'core_node_attributeset',	'core_node_settings_id',	'MTO',	'core_node_settings',	'',	1,	'2017-05-01 15:23:13',	'2017-05-01 15:23:13'),
(54,	'core_node_attributeset',	'core_node_attributeset_id',	'OTM',	'core_node_attribute_option',	'',	1,	'2017-05-01 15:23:13',	'2017-05-01 15:23:13'),
(55,	'core_node_attribute_option',	'core_node_settings_id',	'MTO',	'core_node_settings',	'',	1,	'2017-05-01 15:23:14',	'2017-05-01 15:23:14'),
(56,	'core_node_attribute_option',	'core_attribute_option_id',	'MTO',	'core_attribute_option',	'',	2,	'2017-05-01 15:23:14',	'2017-05-01 15:23:14'),
(57,	'core_node_attribute_option',	'core_node_attributeset_id',	'MTO',	'core_node_attributeset',	'',	3,	'2017-05-01 15:23:14',	'2017-05-01 15:23:14'),
(58,	'core_node_attribute_option',	'core_node_attribute_option_id',	'OTM',	'core_node_attribute_option_list',	'',	4,	'2017-05-01 15:23:14',	'2017-05-01 15:23:14'),
(59,	'core_node_attribute_option_list',	'core_node_attribute_option_id',	'MTO',	'core_node_attribute_option',	'',	1,	'2017-05-01 15:23:14',	'2017-05-01 15:23:14'),
(60,	'core_profile',	'core_profile_id',	'OTM',	'core_access',	'',	1,	'2017-05-01 15:23:20',	'2017-05-01 15:23:20'),
(61,	'core_profile',	'core_profile_level_id',	'MTO',	'core_profile_level',	'',	2,	'2017-05-01 15:23:20',	'2017-05-01 15:23:20'),
(62,	'core_profile',	'core_profile_id',	'OTM',	'core_users',	'',	3,	'2017-05-01 15:23:20',	'2017-05-01 15:23:20'),
(63,	'core_users',	'core_profile_id',	'MTO',	'core_profile',	'',	1,	'2017-05-01 15:23:21',	'2017-05-01 15:23:21'),
(64,	'core_users',	'core_user_id',	'OTM',	'core_app_settings',	'',	2,	'2017-05-01 15:23:21',	'2017-05-01 15:23:21'),
(65,	'acd_exam_group',	'cur_list_academicyear_id',	'MTO',	'cur_list_academicyear',	'',	1,	'2017-05-01 15:23:28',	'2017-05-03 11:32:58'),
(66,	'acd_exam_group',	'cur_list_orientation_id',	'MTO',	'cur_list_orientation',	'',	2,	'2017-05-01 15:23:28',	'2017-05-03 11:32:58'),
(67,	'acd_exam_group',	'cur_list_class_id',	'MTO',	'cur_list_class',	'cur_list_orientation_id',	3,	'2017-05-01 15:23:28',	'2017-05-03 11:32:58'),
(68,	'acd_exam_group',	'overall_grade_id',	'MTO',	'acd_grade_method_details',	'',	4,	'2017-05-01 15:23:28',	'2017-05-03 11:32:58'),
(69,	'acd_exam_group',	'acd_exam_group_id',	'OTM',	'acd_subgroupexams',	'',	5,	'2017-05-01 15:23:28',	'2017-05-03 11:32:59'),
(70,	'acd_exam_name',	'acd_modeofexam_id',	'MTO',	'acd_modeofexam',	'',	1,	'2017-05-01 15:23:29',	'2017-05-03 11:32:59'),
(71,	'acd_examination_marks',	'cur_list_academicyear_id',	'MTO',	'cur_list_academicyear',	'',	1,	'2017-05-01 15:23:29',	'2017-05-03 11:32:59'),
(72,	'acd_examination_marks',	'list_branch_id',	'MTO',	'list_branch',	'',	2,	'2017-05-01 15:23:29',	'2017-05-03 11:32:59'),
(73,	'acd_examination_marks',	'cur_branch_orientation_id',	'MTO',	'cur_branch_orientation',	'list_branch_id',	3,	'2017-05-01 15:23:29',	'2017-05-03 11:32:59'),
(74,	'acd_examination_marks',	'cur_branch_class_id',	'MTO',	'cur_branch_class',	'ur_list_academicyear_id|cur_branch_orientation_id',	4,	'2017-05-01 15:23:29',	'2017-05-03 11:32:59'),
(75,	'acd_examination_marks',	'cur_branch_class_section_id',	'MTO',	'cur_branch_class_section',	'cur_branch_class_id',	5,	'2017-05-01 15:23:29',	'2017-05-03 11:33:00'),
(76,	'acd_examination_marks',	'acd_examination_schedule_id',	'MTO',	'acd_examination_schedule',	'cur_list_academicyear_id|cur_branch_class_id|acd_modeofexam_id',	6,	'2017-05-01 15:23:29',	'2017-05-03 11:33:00'),
(77,	'acd_examination_marks',	'acd_modeofexam_id',	'MTO',	'acd_modeofexam',	'',	7,	'2017-05-01 15:23:29',	'2017-05-03 11:33:00'),
(78,	'acd_examination_marks',	'acd_examination_marks_id',	'OTM',	'acd_studentmarks_details',	'',	8,	'2017-05-01 15:23:29',	'2017-05-03 11:33:00'),
(79,	'acd_examination_marks',	'acd_exam_name_id',	'MTO',	'acd_exam_name',	'',	9,	'2017-05-01 15:23:30',	'2017-05-03 11:33:00'),
(80,	'acd_examination_schedule',	'cur_list_academicyear_id',	'MTO',	'cur_list_academicyear',	'',	1,	'2017-05-01 15:23:30',	'2017-05-03 11:33:00'),
(81,	'acd_examination_schedule',	'cur_list_orientation_id',	'MTO',	'cur_list_orientation',	'',	2,	'2017-05-01 15:23:30',	'2017-05-03 11:33:00'),
(82,	'acd_examination_schedule',	'cur_list_class_id',	'MTO',	'cur_list_class',	'cur_list_orientation_id',	3,	'2017-05-01 15:23:30',	'2017-05-03 11:33:00'),
(83,	'acd_examination_schedule',	'acd_modeofexam_id',	'MTO',	'acd_modeofexam',	'',	4,	'2017-05-01 15:23:30',	'2017-05-03 11:33:00'),
(84,	'acd_examination_schedule',	'acd_exam_name_id',	'MTO',	'acd_exam_name',	'acd_modeofexam_id',	5,	'2017-05-01 15:23:30',	'2017-05-03 11:33:01'),
(85,	'acd_examination_schedule',	'acd_examination_schedule_id',	'OTM',	'acd_examination_schedule_details',	'',	6,	'2017-05-01 15:23:30',	'2017-05-03 11:33:01'),
(86,	'acd_examination_schedule_details',	'acd_examination_schedule_id',	'MTO',	'acd_examination_schedule',	'',	1,	'2017-05-01 15:23:31',	'2017-05-03 11:33:01'),
(87,	'acd_examination_schedule_details',	'cur_class_subject_id',	'MTO',	'cur_class_subject',	'acd_examination_schedule_id',	2,	'2017-05-01 15:23:31',	'2017-05-03 11:33:01'),
(88,	'acd_examination_schedule_details',	'subject_grade_id',	'MTO',	'subject_grade',	'',	3,	'2017-05-01 15:23:31',	'2017-05-03 11:33:01'),
(89,	'acd_final_marks',	'acd_overall_grade_id',	'MTO',	'acd_overall_grade',	'',	1,	'2017-05-01 15:23:31',	'2017-05-03 11:33:02'),
(90,	'acd_final_marks',	'core_attendance_status_id',	'MTO',	'core_attendance_status',	'',	2,	'2017-05-01 15:23:31',	'2017-05-03 11:33:02'),
(91,	'acd_final_marks',	'cur_branch_class_section_id',	'MTO',	'cur_branch_class_section',	'cur_branch_class_id',	9,	'2017-05-01 15:23:31',	'2017-05-03 11:33:03'),
(92,	'acd_final_marks',	'acd_exam_group_id',	'MTO',	'acd_exam_group',	'',	4,	'2017-05-01 15:23:32',	'2017-05-03 11:33:02'),
(93,	'acd_final_marks',	'cur_list_academicyear_id',	'MTO',	'cur_list_academicyear',	'',	5,	'2017-05-01 15:23:32',	'2017-05-03 11:33:02'),
(94,	'acd_final_marks',	'list_branch_id',	'MTO',	'list_branch',	'',	6,	'2017-05-01 15:23:32',	'2017-05-03 11:33:02'),
(95,	'acd_final_marks',	'cur_branch_orientation_id',	'MTO',	'cur_branch_orientation',	'list_branch_id',	7,	'2017-05-01 15:23:32',	'2017-05-03 11:33:02'),
(96,	'acd_final_marks',	'cur_branch_class_id',	'MTO',	'cur_branch_class',	'cur_list_academicyear_id|cur_branch_orientation_id',	8,	'2017-05-01 15:23:32',	'2017-05-03 11:33:02'),
(97,	'acd_grade_master',	'acd_grade_method_id',	'MTO',	'acd_grade_method',	'',	1,	'2017-05-01 15:23:32',	'2017-05-03 11:33:03'),
(98,	'acd_grade_master',	'acd_grade_method_details_id',	'MTO',	'acd_grade_method_details',	'acd_grade_method_id',	2,	'2017-05-01 15:23:32',	'2017-05-03 11:33:03'),
(99,	'acd_grade_method_details',	'acd_grade_method_id',	'MTO',	'acd_grade_method',	'',	1,	'2017-05-01 15:23:33',	'2017-05-03 11:33:04'),
(100,	'acd_grade_method_details',	'acd_grade_type_id',	'MTO',	'acd_grade_type',	'',	2,	'2017-05-01 15:23:33',	'2017-05-03 11:33:04'),
(101,	'acd_overall_grade',	'cur_list_academicyear_id',	'MTO',	'cur_list_academicyear',	'',	1,	'2017-05-01 15:23:34',	'2017-05-03 11:33:04'),
(102,	'acd_overall_grade',	'list_branch_id',	'MTO',	'list_branch',	'',	2,	'2017-05-01 15:23:34',	'2017-05-03 11:33:05'),
(103,	'acd_overall_grade',	'cur_branch_orientation_id',	'MTO',	'cur_branch_orientation',	'list_branch_id',	3,	'2017-05-01 15:23:34',	'2017-05-03 11:33:05'),
(104,	'acd_overall_grade',	'cur_branch_class_id',	'MTO',	'cur_branch_class',	'cur_list_academicyear_id|cur_branch_orientation_id',	4,	'2017-05-01 15:23:34',	'2017-05-03 11:33:05'),
(105,	'acd_overall_grade',	'acd_exam_group_id',	'MTO',	'acd_exam_group',	'cur_branch_class_id',	5,	'2017-05-01 15:23:34',	'2017-05-03 11:33:05'),
(106,	'acd_overall_grade',	'acd_overall_grade_id',	'OTM',	'acd_final_marks',	'',	6,	'2017-05-01 15:23:34',	'2017-05-03 11:33:05'),
(107,	'acd_studentmarks_details',	'acd_examination_marks_id',	'MTO',	'acd_examination_marks',	'',	1,	'2017-05-01 15:23:34',	'2017-05-03 11:33:05'),
(108,	'acd_studentmarks_details',	'cur_list_academicyear_id',	'MTO',	'cur_list_academicyear',	'',	2,	'2017-05-01 15:23:34',	'2017-05-03 11:33:05'),
(109,	'acd_studentmarks_details',	'list_branch_id',	'MTO',	'list_branch',	'',	3,	'2017-05-01 15:23:35',	'2017-05-03 11:33:05'),
(110,	'acd_studentmarks_details',	'cur_branch_orientation_id',	'MTO',	'cur_branch_orientation',	'',	4,	'2017-05-01 15:23:35',	'2017-05-03 11:33:05'),
(111,	'acd_studentmarks_details',	'cur_branch_class_id',	'MTO',	'cur_branch_class',	'',	5,	'2017-05-01 15:23:35',	'2017-05-03 11:33:06'),
(112,	'acd_studentmarks_details',	'cur_branch_class_section_id',	'MTO',	'cur_branch_class_section',	'',	6,	'2017-05-01 15:23:35',	'2017-05-03 11:33:06'),
(113,	'acd_studentmarks_details',	'cur_class_subject_id',	'MTO',	'cur_class_subject',	'',	7,	'2017-05-01 15:23:35',	'2017-05-03 11:33:06'),
(114,	'acd_studentmarks_details',	'core_attendance_status_id',	'MTO',	'core_attendance_status',	'',	8,	'2017-05-01 15:23:35',	'2017-05-03 11:33:06'),
(115,	'acd_studentmarks_details',	'acd_exam_name_id',	'MTO',	'acd_exam_name',	'',	9,	'2017-05-01 15:23:35',	'2017-05-03 11:33:06'),
(116,	'acd_studentmarks_details',	'cur_academic_subject_id',	'MTO',	'cur_academic_subject',	'',	10,	'2017-05-01 15:23:35',	'2017-05-03 11:33:06'),
(117,	'acd_subgroupexams',	'acd_exam_group_id',	'MTO',	'acd_exam_group',	'',	1,	'2017-05-01 15:23:35',	'2017-05-03 11:33:06'),
(118,	'acd_subgroupexams',	'acd_examination_schedule_id',	'MTO',	'acd_examination_schedule',	'acd_exam_group_id',	2,	'2017-05-01 15:23:35',	'2017-05-03 11:33:06'),
(119,	'list_branch',	'core_organization_id',	'MTO',	'core_organization',	'',	1,	'2017-05-01 15:23:36',	'2017-05-03 11:33:07'),
(120,	'list_branch',	'core_list_location_id',	'MTO',	'core_list_location',	'',	2,	'2017-05-01 15:23:36',	'2017-05-03 11:33:07'),
(121,	'list_branch',	'core_country_id',	'MTO',	'core_country',	'',	3,	'2017-05-01 15:23:36',	'2017-05-03 11:33:07'),
(122,	'list_branch',	'core_list_state_id',	'MTO',	'core_list_state',	'core_country_id',	4,	'2017-05-01 15:23:36',	'2017-05-03 11:33:07'),
(123,	'list_branch',	'core_list_city_id',	'MTO',	'core_list_city',	'core_list_state_id',	5,	'2017-05-01 15:23:36',	'2017-05-03 11:33:07'),
(124,	'acdprogressreport',	'cur_list_academicyear_id',	'MTO',	'cur_list_academicyear',	'',	1,	'2017-05-01 15:23:36',	'2017-05-03 11:33:09'),
(125,	'acdprogressreport',	'list_branch_id',	'MTO',	'list_branch',	'',	2,	'2017-05-01 15:23:36',	'2017-05-03 11:33:09'),
(126,	'acdprogressreport',	'cur_branch_orientation_id',	'MTO',	'cur_branch_orientation',	'list_branch_id',	3,	'2017-05-01 15:23:36',	'2017-05-03 11:33:09'),
(127,	'acdprogressreport',	'cur_branch_class_id',	'MTO',	'cur_branch_class',	'cur_list_academicyear_id|cur_branch_orientation_id',	4,	'2017-05-01 15:23:36',	'2017-05-03 11:33:09'),
(128,	'acdprogressreport',	'cur_branch_class_section_id',	'MTO',	'cur_branch_class_section',	'cur_branch_class_id',	5,	'2017-05-01 15:23:37',	'2017-05-03 11:33:09'),
(129,	'acdprogressreport',	'acd_exam_group_id',	'MTO',	'acd_exam_group',	'',	6,	'2017-05-01 15:23:37',	'2017-05-03 11:33:09'),
(130,	'cms_gallery',	'cur_list_academicyear_id',	'MTO',	'cur_list_academicyear',	'',	1,	'2017-05-01 15:23:38',	'2017-05-01 15:23:38'),
(131,	'cms_gallery',	'list_branch_id',	'MTO',	'list_branch',	'',	2,	'2017-05-01 15:23:38',	'2017-05-01 15:23:38'),
(132,	'cms_gallery',	'cur_branch_orientation_id',	'MTO',	'cur_branch_orientation',	'list_branch_id',	5,	'2017-05-01 15:23:38',	'2017-05-01 15:23:38'),
(133,	'cms_gallery',	'cur_branch_class_id',	'MTO',	'cur_branch_class',	'cur_list_academicyear_id|cur_branch_orientation_id',	6,	'2017-05-01 15:23:38',	'2017-05-01 15:23:38'),
(134,	'cms_gallery',	'cur_branch_class_section_id',	'MTO',	'cur_branch_class_section',	'cur_branch_class_id',	5,	'2017-05-01 15:23:38',	'2017-05-01 15:23:38'),
(135,	'cms_gallery',	'student_admission_id',	'MTO',	'student_admission',	'cur_branch_class_section_id',	6,	'2017-05-01 15:23:38',	'2017-05-01 15:23:38'),
(136,	'cms_notification',	'cms_notification_type_id',	'MTO',	'cms_notification_type',	'',	1,	'2017-05-01 15:23:39',	'2017-05-01 15:23:39'),
(137,	'cms_notification',	'cur_list_academicyear_id',	'MTO',	'cur_list_academicyear',	'',	2,	'2017-05-01 15:23:39',	'2017-05-01 15:23:39'),
(138,	'cms_notification',	'list_branch_id',	'MTO',	'list_branch',	'',	3,	'2017-05-01 15:23:39',	'2017-05-01 15:23:39'),
(139,	'cms_notification',	'cur_branch_orientation_id',	'MTO',	'cur_branch_orientation',	'list_branch_id',	4,	'2017-05-01 15:23:39',	'2017-05-01 15:23:39'),
(140,	'cms_notification',	'cur_branch_class_id',	'MTO',	'cur_branch_class',	'cur_list_academicyear_id|cur_branch_orientation_id',	5,	'2017-05-01 15:23:39',	'2017-05-01 15:23:39'),
(141,	'cms_notification',	'cur_branch_class_section_id',	'MTO',	'cur_branch_class_section',	'cur_branch_class_id',	6,	'2017-05-01 15:23:39',	'2017-05-01 15:23:39'),
(142,	'cms_notification',	'student_admission_id',	'MTO',	'student_admission',	'cur_list_academicyear_id|list_branch_id|cur_branch_orientation_id|cur_branch_class_id|cur_branch_class_section_id',	7,	'2017-05-01 15:23:39',	'2017-05-09 14:48:03'),
(143,	'cms_notification',	'cms_notification_id',	'OTM',	'cms_notification_comments',	'',	8,	'2017-05-01 15:23:39',	'2017-05-01 15:23:39'),
(144,	'cms_notification_comments',	'cms_notification_id',	'MTO',	'cms_notification',	'',	1,	'2017-05-01 15:23:40',	'2017-05-01 15:23:40'),
(145,	'cur_academic_subject',	'cur_subject_type_id',	'MTO',	'cur_subject_type',	'',	1,	'2017-05-01 15:23:44',	'2017-05-01 15:23:44'),
(146,	'cur_academic_subject',	'subject_group_id',	'MTO',	'cur_academic_subject',	'',	2,	'2017-05-01 15:23:44',	'2017-05-01 15:23:44'),
(147,	'cur_branch_class',	'cur_list_academicyear_id',	'MTO',	'cur_list_academicyear',	'',	1,	'2017-05-01 15:23:44',	'2017-05-01 15:23:44'),
(148,	'cur_branch_class',	'list_branch_id',	'MTO',	'list_branch',	'',	2,	'2017-05-01 15:23:44',	'2017-05-01 15:23:44'),
(149,	'cur_branch_class',	'cur_list_class_id',	'MTO',	'cur_list_class',	'cur_branch_orientation_id',	3,	'2017-05-01 15:23:44',	'2017-05-01 15:51:21'),
(150,	'cur_branch_class',	'cur_branch_orientation_id',	'MTO',	'cur_branch_orientation',	'list_branch_id',	4,	'2017-05-01 15:23:44',	'2017-05-01 15:23:44'),
(151,	'cur_branch_class',	'cur_branch_class_id',	'OTM',	'cur_branch_class_section',	'',	5,	'2017-05-01 15:23:44',	'2017-05-01 15:23:44'),
(152,	'cur_branch_class_section',	'cur_branch_class_id',	'MTO',	'cur_branch_class',	'',	1,	'2017-05-01 15:23:45',	'2017-05-01 15:23:45'),
(153,	'cur_branch_orientation',	'cur_list_orientation_id',	'MTO',	'cur_list_orientation',	'',	1,	'2017-05-01 15:23:45',	'2017-05-01 15:23:45'),
(154,	'cur_branch_orientation',	'list_branch_id',	'MTO',	'list_branch',	'',	2,	'2017-05-01 15:23:45',	'2017-05-01 15:23:45'),
(155,	'student_admission',	'cur_list_academicyear_id',	'MTO',	'cur_list_academicyear',	'',	1,	'2017-05-01 15:23:46',	'2017-05-01 15:24:20'),
(156,	'cur_class_subject',	'cur_list_class_id',	'MTO',	'cur_list_class',	'',	1,	'2017-05-01 15:23:46',	'2017-05-01 15:23:46'),
(157,	'cur_class_subject',	'cur_subject_type_id',	'MTO',	'cur_subject_type',	'',	2,	'2017-05-01 15:23:46',	'2017-05-01 15:23:46'),
(158,	'cur_class_subject',	'cur_academic_subject_id',	'MTO',	'cur_academic_subject',	'cur_subject_type_id',	3,	'2017-05-01 15:23:46',	'2017-05-01 15:23:46'),
(159,	'cur_list_class',	'cur_list_orientation_id',	'MTO',	'cur_list_orientation',	'',	1,	'2017-05-01 15:23:47',	'2017-05-01 15:23:47'),
(160,	'cur_list_class',	'cur_list_class_id',	'OTM',	'cur_class_subject',	'',	2,	'2017-05-01 15:23:47',	'2017-05-01 15:23:47'),
(161,	'cur_list_orientation',	'cur_orientation_level_id',	'MTO',	'cur_orientation_level',	'',	1,	'2017-05-01 15:23:47',	'2017-05-01 15:23:47'),
(162,	'fee_list_feeplan',	'cur_list_academicyear_id',	'MTO',	'cur_list_academicyear',	'',	1,	'2017-05-01 15:23:51',	'2017-05-01 15:23:51'),
(163,	'fee_list_feeplan',	'student_quota_id',	'MTO',	'student_quota',	'',	2,	'2017-05-01 15:23:51',	'2017-05-01 15:23:51'),
(164,	'fee_list_feeplan',	'list_branch_id',	'MTO',	'list_branch',	'',	3,	'2017-05-01 15:23:51',	'2017-05-01 15:23:51'),
(165,	'fee_list_feeplan',	'cur_branch_orientation_id',	'MTO',	'cur_branch_orientation',	'list_branch_id',	4,	'2017-05-01 15:23:51',	'2017-05-01 15:23:51'),
(166,	'fee_list_feeplan',	'cur_branch_class_id',	'MTO',	'cur_branch_class',	'	cur_list_academicyear_id|cur_branch_orientation_id',	5,	'2017-05-01 15:23:51',	'2017-05-01 15:23:51'),
(167,	'fee_list_feeplan',	'fee_list_feegroup_id',	'MTO',	'fee_list_feegroup',	'',	6,	'2017-05-01 15:23:51',	'2017-05-01 15:23:51'),
(168,	'fee_list_feeplan',	'fee_list_feeplan_id',	'OTM',	'fee_list_feeplan_details',	'',	7,	'2017-05-01 15:23:51',	'2017-05-01 15:23:51'),
(169,	'fee_list_feeplan_details',	'fee_list_feeplan_id',	'MTO',	'fee_list_feeplan',	'',	1,	'2017-05-01 15:23:52',	'2017-05-01 15:23:52'),
(170,	'fee_list_feeplan_details',	'fee_list_feetype_id',	'MTO',	'fee_list_feetype',	'fee_list_feeplan_id',	2,	'2017-05-01 15:23:52',	'2017-05-01 16:12:46'),
(171,	'fee_list_feeplan_details',	'fee_list_frequency_id',	'MTO',	'fee_list_frequency',	'',	3,	'2017-05-01 15:23:52',	'2017-05-01 15:23:52'),
(172,	'fee_list_feetype',	'fee_list_feegroup_id',	'MTO',	'fee_list_feegroup',	'',	1,	'2017-05-01 15:23:52',	'2017-05-01 15:23:52'),
(173,	'financefeereceipt',	'cur_list_academicyear_id',	'MTO',	'cur_list_academicyear',	'',	1,	'2017-05-01 15:23:55',	'2017-05-01 15:23:55'),
(174,	'financefeereceipt',	'list_branch_id',	'MTO',	'list_branch',	'',	2,	'2017-05-01 15:23:55',	'2017-05-01 15:23:55'),
(175,	'financefeereceipt',	'cur_branch_orientation_id',	'MTO',	'cur_branch_orientation',	'list_branch_id',	3,	'2017-05-01 15:23:55',	'2017-05-01 15:23:55'),
(176,	'financefeereceipt',	'cur_branch_class_id',	'MTO',	'cur_branch_class',	'cur_list_academicyear_id|cur_branch_orientation_id',	4,	'2017-05-01 15:23:55',	'2017-05-01 15:23:55'),
(177,	'financefeereceipt',	'cur_branch_class_section_id',	'MTO',	'cur_branch_class_section',	'cur_branch_class_id',	5,	'2017-05-01 15:23:55',	'2017-05-01 15:23:55'),
(178,	'financefeereceipt',	'student_admission_id',	'MTO',	'student_admission',	'cur_branch_class_section_id',	6,	'2017-05-01 15:23:55',	'2017-05-01 15:23:55'),
(179,	'financeconcession',	'student_admission_id',	'MTO',	'student_admission',	'cur_branch_class_section_id',	1,	'2017-05-01 15:23:56',	'2017-05-01 15:23:56'),
(180,	'financeconcession',	'cur_branch_class_section_id',	'MTO',	'cur_branch_class_section',	'cur_branch_class_id',	2,	'2017-05-01 15:23:56',	'2017-05-01 15:23:56'),
(181,	'financeconcession',	'cur_branch_class_id',	'MTO',	'cur_branch_class',	'cur_list_academicyear_id|cur_branch_orientation_id',	3,	'2017-05-01 15:23:56',	'2017-05-01 15:23:56'),
(182,	'financeconcession',	'cur_branch_orientation_id',	'MTO',	'cur_branch_orientation',	'list_branch_id',	4,	'2017-05-01 15:23:56',	'2017-05-01 15:23:56'),
(183,	'financeconcession',	'list_branch_id',	'MTO',	'list_branch',	'',	5,	'2017-05-01 15:23:56',	'2017-05-01 15:23:56'),
(184,	'financeconcession',	'cur_list_academicyear_id',	'MTO',	'cur_list_academicyear',	'',	6,	'2017-05-01 15:23:56',	'2017-05-01 15:23:56'),
(185,	'transaction_logs_details',	'transaction_logs_id',	'MTO',	'transaction_logs',	'',	1,	'2017-05-01 15:23:56',	'2017-05-01 15:23:56'),
(186,	'transaction_logs_details',	'fee_list_feetype_id',	'MTO',	'fee_list_feetype',	'',	2,	'2017-05-01 15:23:56',	'2017-05-01 15:23:56'),
(187,	'transaction_logs_details',	'fee_list_frequency_id',	'MTO',	'fee_list_frequency',	'',	3,	'2017-05-01 15:23:57',	'2017-05-01 15:23:57'),
(188,	'transaction_logs',	'cur_list_academicyear_id',	'MTO',	'cur_list_academicyear',	'',	1,	'2017-05-01 15:23:57',	'2017-05-01 15:23:57'),
(189,	'transaction_logs',	'list_branch_id',	'MTO',	'list_branch',	'',	2,	'2017-05-01 15:23:57',	'2017-05-01 15:23:57'),
(190,	'transaction_logs',	'cur_branch_orientation_id',	'MTO',	'cur_branch_orientation',	'list_branch_id',	3,	'2017-05-01 15:23:57',	'2017-05-01 15:23:57'),
(191,	'transaction_logs',	'cur_branch_class_id',	'MTO',	'cur_branch_class',	'cur_list_academicyear_id|cur_branch_orientation_id',	4,	'2017-05-01 15:23:57',	'2017-05-01 15:23:57'),
(192,	'transaction_logs',	'cur_branch_class_section_id',	'MTO',	'cur_branch_class_section',	'cur_branch_class_id',	5,	'2017-05-01 15:23:57',	'2017-05-01 15:23:57'),
(193,	'transaction_logs',	'student_admission_id',	'MTO',	'student_admission',	'cur_branch_class_section_id',	6,	'2017-05-01 15:23:57',	'2017-05-01 15:23:57'),
(194,	'transaction_logs',	'transaction_status_id',	'MTO',	'transaction_status',	'',	7,	'2017-05-01 15:23:57',	'2017-05-01 15:23:57'),
(195,	'transaction_logs',	'fee_concession_type',	'MTO',	'fee_concession_type',	'',	8,	'2017-05-01 15:23:57',	'2017-05-01 15:23:57'),
(196,	'transaction_logs',	'transaction_logs_id',	'MTO',	'transaction_logs_details',	'',	9,	'2017-05-01 15:23:58',	'2017-05-01 15:23:58'),
(197,	'transaction_logs',	'fee_list_transactiontype_id',	'MTO',	'fee_list_transactiontype',	'',	10,	'2017-05-01 15:23:58',	'2017-05-01 15:23:58'),
(198,	'transaction_logs',	'core_payment_type_id',	'MTO',	'core_payment_type',	'',	11,	'2017-05-01 15:23:58',	'2017-05-01 15:23:58'),
(199,	'transaction_logs',	'student_quota_id',	'MTO',	'student_quota',	'',	12,	'2017-05-01 15:23:58',	'2017-05-01 15:23:58'),
(200,	'lib_book_assignment',	'lib_library_deatils_id',	'MTO',	'lib_library_deatils',	'',	1,	'2017-05-01 15:24:02',	'2017-05-01 15:24:02'),
(201,	'lib_book_assignment',	'lib_book_deatils_id',	'MTO',	'lib_book_deatils',	'',	2,	'2017-05-01 15:24:03',	'2017-05-01 15:24:03'),
(202,	'lib_book_assignment',	'lib_issued_for_id',	'MTO',	'lib_issued_for',	'',	3,	'2017-05-01 15:24:03',	'2017-05-01 15:24:03'),
(203,	'lib_book_deatils',	'lib_publisher_id',	'MTO',	'lib_publisher',	'',	1,	'2017-05-01 15:24:03',	'2017-05-01 15:24:03'),
(204,	'lib_book_requires',	'lib_library_deatils_id',	'MTO',	'lib_library_deatils',	'',	1,	'2017-05-01 15:24:03',	'2017-05-01 15:24:03'),
(205,	'lib_book_requires',	'lib_book_deatils_id',	'MTO',	'lib_book_deatils',	'',	2,	'2017-05-01 15:24:03',	'2017-05-01 15:24:03'),
(206,	'lib_book_requires',	'lib_status_id',	'MTO',	'lib_status',	'',	3,	'2017-05-01 15:24:04',	'2017-05-01 15:24:04'),
(207,	'lib_library_assignment',	'lib_library_deatils_id',	'MTO',	'lib_library_deatils',	'',	1,	'2017-05-01 15:24:04',	'2017-05-01 15:24:04'),
(208,	'lib_library_assignment',	'lib_book_deatils_id',	'MTO',	'lib_book_deatils',	'',	2,	'2017-05-01 15:24:04',	'2017-05-01 15:24:04'),
(209,	'staff_staff_attendance',	'staff_shift_id',	'MTO',	'staff_shift',	'',	1,	'2017-05-01 15:24:10',	'2017-05-01 15:24:10'),
(210,	'staff_staff_attendance',	'core_organization_id',	'MTO',	'core_organization',	'',	2,	'2017-05-01 15:24:10',	'2017-05-01 15:24:10'),
(211,	'staff_staff_attendance',	'list_branch_id',	'MTO',	'list_branch',	'core_organization_id',	3,	'2017-05-01 15:24:10',	'2017-05-01 15:24:10'),
(212,	'staff_staff_attendance',	'staff_division_id',	'MTO',	'staff_division',	'',	4,	'2017-05-01 15:24:10',	'2017-05-01 15:24:10'),
(213,	'staff_staff_attendance',	'staff_department_id',	'MTO',	'staff_department',	'',	5,	'2017-05-01 15:24:10',	'2017-05-01 15:24:10'),
(214,	'staff_staff_attendance',	'staff_designation_id',	'MTO',	'staff_designation',	'',	6,	'2017-05-01 15:24:11',	'2017-05-01 15:24:11'),
(215,	'staff_staff_attendance_details',	'staff_staff_deatils_id',	'MTO',	'staff_staff_deatils',	'',	1,	'2017-05-01 15:24:11',	'2017-05-01 15:24:11'),
(216,	'staff_staff_education',	'staff_staff_deatils_id',	'MTO',	'staff_staff_deatils',	'',	1,	'2017-05-01 15:24:11',	'2017-05-01 15:24:11'),
(217,	'staff_staff_history',	'staff_staff_deatils_id',	'MTO',	'staff_staff_deatils',	'',	1,	'2017-05-01 15:24:12',	'2017-05-01 15:24:12'),
(218,	'staff_staff_history',	'core_organization_id',	'MTO',	'core_organization',	'',	2,	'2017-05-01 15:24:12',	'2017-05-01 15:24:12'),
(219,	'staff_staff_history',	'list_branch_id',	'MTO',	'list_branch',	'core_organization_id',	3,	'2017-05-01 15:24:12',	'2017-05-01 15:24:12'),
(220,	'staff_staff_history',	'staff_division_id',	'MTO',	'staff_division',	'',	4,	'2017-05-01 15:24:12',	'2017-05-01 15:24:12'),
(221,	'staff_staff_history',	'staff_department_id',	'MTO',	'staff_department',	'',	5,	'2017-05-01 15:24:12',	'2017-05-01 15:24:12'),
(222,	'staff_staff_history',	'staff_designation_id',	'MTO',	'staff_designation',	'',	6,	'2017-05-01 15:24:12',	'2017-05-01 15:24:12'),
(223,	'staff_staff_info',	'staff_staff_deatils_id',	'MTO',	'staff_staff_deatils',	'',	1,	'2017-05-01 15:24:13',	'2017-05-01 15:24:13'),
(224,	'staff_staff_info',	'core_organization_id',	'MTO',	'core_organization',	'',	2,	'2017-05-01 15:24:13',	'2017-05-01 15:24:13'),
(225,	'staff_staff_info',	'list_branch_id',	'MTO',	'list_branch',	'core_organization_id',	3,	'2017-05-01 15:24:13',	'2017-05-01 15:24:13'),
(226,	'staff_staff_info',	'staff_division_id',	'MTO',	'staff_division',	'',	4,	'2017-05-01 15:24:13',	'2017-05-01 15:24:13'),
(227,	'staff_staff_info',	'staff_department_id',	'MTO',	'staff_department',	'',	5,	'2017-05-01 15:24:13',	'2017-05-01 15:24:13'),
(228,	'staff_staff_info',	'staff_designation_id',	'MTO',	'staff_designation',	'',	6,	'2017-05-01 15:24:13',	'2017-05-01 15:24:13'),
(229,	'staff_staff_skills',	'staff_staff_deatils_id',	'MTO',	'staff_staff_deatils',	'',	1,	'2017-05-01 15:24:13',	'2017-05-01 15:24:13'),
(230,	'staff_staff_subjects',	'staff_staff_deatils_id',	'MTO',	'staff_staff_deatils',	'',	1,	'2017-05-01 15:24:14',	'2017-05-01 15:24:14'),
(231,	'staff_staff_subjects',	'cur_list_academicyear_id',	'MTO',	'cur_list_academicyear',	'',	2,	'2017-05-01 15:24:14',	'2017-05-01 15:24:14'),
(232,	'staff_staff_subjects',	'list_branch_id',	'MTO',	'list_branch',	'',	3,	'2017-05-01 15:24:14',	'2017-05-01 15:24:14'),
(233,	'staff_staff_subjects',	'cur_branch_orientation_id',	'MTO',	'cur_branch_orientation',	'list_branch_id',	4,	'2017-05-01 15:24:14',	'2017-05-01 15:24:14'),
(234,	'staff_staff_subjects',	'cur_branch_class_id',	'MTO',	'cur_branch_class',	'cur_branch_orientation_id',	1,	'2017-05-01 15:24:14',	'2017-05-01 15:24:14'),
(235,	'staff_staff_subjects',	'cur_branch_class_section_id',	'MTO',	'cur_branch_class_section',	'cur_branch_class_id',	1,	'2017-05-01 15:24:14',	'2017-05-01 15:24:14'),
(236,	'staff_staff_subjects',	'cur_subject_type_id',	'MTO',	'cur_subject_type',	'',	1,	'2017-05-01 15:24:14',	'2017-05-01 15:24:14'),
(237,	'staff_staff_subjects',	'cur_academic_subject_id',	'MTO',	'cur_academic_subject',	'cur_subject_type_id',	1,	'2017-05-01 15:24:14',	'2017-05-01 15:24:14'),
(238,	'student_history',	'student_admission_id',	'MTO',	'student_admission',	'',	1,	'2017-05-01 15:24:19',	'2017-05-01 15:24:19'),
(239,	'student_history',	'fee_list_feegroup_id',	'MTO',	'fee_list_feegroup',	'',	2,	'2017-05-01 15:24:19',	'2017-05-01 15:24:19'),
(240,	'student_history',	'student_quota_id',	'MTO',	'student_quota',	'',	3,	'2017-05-01 15:24:19',	'2017-05-01 15:24:19'),
(241,	'student_history',	'cur_list_academicyear_id',	'MTO',	'cur_list_academicyear',	'',	4,	'2017-05-01 15:24:19',	'2017-05-01 15:24:19'),
(242,	'student_history',	'list_branch_id',	'MTO',	'list_branch',	'',	5,	'2017-05-01 15:24:19',	'2017-05-01 15:24:19'),
(243,	'student_history',	'cur_branch_orientation_id',	'MTO',	'cur_branch_orientation',	'',	6,	'2017-05-01 15:24:19',	'2017-05-01 15:24:19'),
(244,	'student_history',	'cur_branch_class_id',	'MTO',	'cur_branch_class',	'',	7,	'2017-05-01 15:24:19',	'2017-05-01 15:24:19'),
(245,	'student_history',	'cur_branch_class_section_id',	'MTO',	'cur_branch_class_section',	'',	8,	'2017-05-01 15:24:19',	'2017-05-01 15:24:19'),
(246,	'student_history',	'cur_list_class_id',	'MTO',	'cur_list_class',	'',	9,	'2017-05-01 15:24:19',	'2017-05-01 15:24:19'),
(247,	'student_history',	'student_status_id',	'MTO',	'student_status',	'',	10,	'2017-05-01 15:24:20',	'2017-05-01 15:24:20'),
(248,	'student_history',	'fee_list_feeplan_id',	'MTO',	'fee_list_feeplan',	'',	11,	'2017-05-01 15:24:20',	'2017-05-01 15:24:20'),
(249,	'student_history',	'student_action_id',	'MTO',	'student_action',	'',	12,	'2017-05-01 15:24:20',	'2017-05-01 15:24:20'),
(250,	'student_admission',	'list_branch_id',	'MTO',	'list_branch',	'',	2,	'2017-05-01 15:24:20',	'2017-05-01 15:24:20'),
(251,	'student_admission',	'student_quota_id',	'MTO',	'student_quota',	'',	3,	'2017-05-01 15:24:20',	'2017-05-01 15:24:20'),
(252,	'student_admission',	'cur_branch_orientation_id',	'MTO',	'cur_branch_orientation',	'list_branch_id',	4,	'2017-05-01 15:24:20',	'2017-05-01 15:24:20'),
(253,	'student_admission',	'cur_branch_class_id',	'MTO',	'cur_branch_class',	'cur_list_academicyear_id|cur_branch_orientation_id',	5,	'2017-05-01 15:24:20',	'2017-05-01 15:24:20'),
(254,	'student_admission',	'cur_branch_class_section_id',	'MTO',	'cur_branch_class_section',	'cur_branch_class_id',	6,	'2017-05-01 15:24:20',	'2017-05-01 15:24:20'),
(255,	'student_admission',	'student_status_id',	'MTO',	'student_status',	'',	7,	'2017-05-01 15:24:20',	'2017-05-01 15:24:20'),
(256,	'student_admission',	'student_admission_id',	'OTM',	'student_history',	'',	8,	'2017-05-01 15:24:21',	'2017-05-01 15:24:21'),
(257,	'student_admission',	'student_admission_id',	'OTM',	'student_feeplan_details',	'',	9,	'2017-05-01 15:24:21',	'2017-05-01 15:24:21'),
(258,	'student_admission',	'core_country_id',	'MTO',	'core_country',	'',	10,	'2017-05-01 15:24:21',	'2017-05-01 15:24:21'),
(259,	'student_admission',	'core_list_state_id',	'MTO',	'core_list_state',	'core_country_id',	11,	'2017-05-01 15:24:21',	'2017-05-01 15:24:21'),
(260,	'student_admission',	'core_list_city_id',	'MTO',	'core_list_city',	'core_list_state_id',	12,	'2017-05-01 15:24:21',	'2017-05-01 15:24:21'),
(261,	'student_feeplan_details',	'student_admission_id',	'MTO',	'student_admission',	'',	1,	'2017-05-01 15:24:22',	'2017-05-01 15:24:22'),
(262,	'student_feeplan_details',	'fee_list_feegroup_id',	'MTO',	'fee_list_feegroup',	'',	2,	'2017-05-01 15:24:22',	'2017-05-01 15:24:22'),
(263,	'student_feeplan_details',	'student_quota_id',	'MTO',	'student_quota',	'',	3,	'2017-05-01 15:24:22',	'2017-05-01 15:24:22'),
(264,	'student_feeplan_details',	'cur_list_academicyear_id',	'MTO',	'cur_list_academicyear',	'',	4,	'2017-05-01 15:24:22',	'2017-05-01 15:24:22'),
(265,	'student_feeplan_details',	'list_branch_id',	'MTO',	'list_branch',	'',	5,	'2017-05-01 15:24:22',	'2017-05-01 15:24:22'),
(266,	'student_feeplan_details',	'cur_branch_orientation_id',	'MTO',	'cur_branch_orientation',	'',	6,	'2017-05-01 15:24:22',	'2017-05-01 15:24:22'),
(267,	'student_feeplan_details',	'cur_branch_class_id',	'OTM',	'cur_branch_class',	'',	7,	'2017-05-01 15:24:22',	'2017-05-01 15:24:22'),
(268,	'student_feeplan_details',	'fee_list_feeplan_id',	'OTM',	'fee_list_feeplan',	'',	8,	'2017-05-01 15:24:22',	'2017-05-01 15:24:22'),
(269,	'student_feeplan_details',	'fee_list_feetype_id',	'MTO',	'fee_list_feetype',	'',	9,	'2017-05-01 15:24:23',	'2017-05-01 15:24:23'),
(270,	'student_feeplan_details',	'fee_list_frequency_id',	'MTO',	'fee_list_frequency',	'',	10,	'2017-05-01 15:24:23',	'2017-05-01 15:24:23'),
(271,	'studentshift',	'cur_list_academicyear_id',	'MTO',	'cur_list_academicyear',	'',	1,	'2017-05-01 15:24:23',	'2017-05-01 15:24:23'),
(272,	'studentshift',	'list_branch_id',	'MTO',	'list_branch',	'',	2,	'2017-05-01 15:24:23',	'2017-05-01 15:24:23'),
(273,	'studentshift',	'student_quota_id',	'MTO',	'student_quota',	'',	3,	'2017-05-01 15:24:23',	'2017-05-01 15:24:23'),
(274,	'studentshift',	'cur_branch_orientation_id',	'MTO',	'cur_branch_orientation',	'',	4,	'2017-05-01 15:24:23',	'2017-05-01 15:24:23'),
(275,	'studentshift',	'cur_branch_class_id',	'MTO',	'cur_branch_class_section',	'',	5,	'2017-05-01 15:24:24',	'2017-05-01 15:24:24'),
(276,	'studentshift',	'cur_branch_class_section_id',	'MTO',	'cur_branch_class_section',	'',	6,	'2017-05-01 15:24:24',	'2017-05-01 15:24:24'),
(277,	'studentshift',	'student_status_id',	'MTO',	'student_status',	'',	7,	'2017-05-01 15:24:24',	'2017-05-01 15:24:24'),
(278,	'acd_examination_schedule_details',	'acd_grade_method_details_id',	'MTO',	'acd_grade_method_details',	'',	5,	'2017-05-01 17:48:42',	'2017-05-01 17:48:42'),
(279,	'tr_route_assign',	'from_point',	'MTO',	'tr_route_list',	'',	1,	'2017-05-03 11:29:27',	'2017-05-03 11:29:27'),
(280,	'tr_route_assign',	'to_point',	'MTO',	'tr_route_list',	'',	2,	'2017-05-03 11:29:27',	'2017-05-03 11:29:27'),
(281,	'tr_student_route_details',	'student_admission_id',	'MTO',	'student_admission',	'',	1,	'2017-05-03 11:29:28',	'2017-05-03 11:29:28'),
(282,	'tr_student_route_details',	'cur_list_academicyear_id',	'MTO',	'cur_list_academicyear',	'',	2,	'2017-05-03 11:29:28',	'2017-05-03 11:29:28'),
(283,	'tr_student_route_details',	'cur_branch_class_id',	'MTO',	'cur_branch_class',	'',	3,	'2017-05-03 11:29:28',	'2017-05-03 11:29:28'),
(284,	'tr_student_route_details',	'tr_route_assign_id',	'MTO',	'tr_route_assign',	'',	4,	'2017-05-03 11:29:28',	'2017-05-05 11:13:05'),
(285,	'acd_student_attendance',	'cur_list_academicyear_id',	'MTO',	'cur_list_academicyear',	'',	1,	'2017-05-03 11:33:08',	'2017-05-03 11:33:08'),
(286,	'acd_student_attendance',	'list_branch_id',	'MTO',	'list_branch',	'',	2,	'2017-05-03 11:33:08',	'2017-05-03 11:33:08'),
(287,	'acd_student_attendance',	'cur_branch_orientation_id',	'MTO',	'cur_branch_orientation',	'list_branch_id',	3,	'2017-05-03 11:33:08',	'2017-05-03 11:33:08'),
(288,	'acd_student_attendance',	'cur_branch_class_id',	'MTO',	'cur_branch_class',	'cur_list_academicyear_id|cur_branch_orientation_id',	4,	'2017-05-03 11:33:08',	'2017-05-03 11:33:08'),
(289,	'acd_student_attendance',	'cur_branch_class_section_id',	'MTO',	'cur_branch_class_section',	'cur_branch_class_id',	5,	'2017-05-03 11:33:08',	'2017-05-08 15:31:42'),
(290,	'acd_student_attendance_details',	'acd_student_attendance_id',	'MTO',	'acd_student_attendance',	'',	1,	'2017-05-03 11:33:08',	'2017-05-03 11:33:08'),
(291,	'acd_student_attendance_details',	'cur_list_academicyear_id',	'MTO',	'cur_list_academicyear',	'',	2,	'2017-05-03 11:33:08',	'2017-05-03 11:33:08'),
(292,	'acd_student_attendance_details',	'list_branch_id',	'MTO',	'list_branch',	'',	3,	'2017-05-03 11:33:08',	'2017-05-03 11:33:08'),
(293,	'acd_student_attendance_details',	'cur_branch_orientation_id',	'MTO',	'cur_branch_orientation',	'list_branch_id',	4,	'2017-05-03 11:33:08',	'2017-05-03 11:33:08'),
(294,	'acd_student_attendance_details',	'cur_branch_class_id',	'MTO',	'cur_branch_class',	'cur_list_academicyear_id|cur_branch_orientation_id',	5,	'2017-05-03 11:33:08',	'2017-05-03 11:33:08'),
(295,	'acd_student_attendance_details',	'cur_branch_class_section_id',	'MTO',	'cur_branch_class_section',	'cur_branch_class_id',	6,	'2017-05-03 11:33:08',	'2017-05-03 11:33:08'),
(296,	'acd_student_attendance_details',	'student_admission_id',	'MTO',	'student_admission',	'',	7,	'2017-05-03 11:33:09',	'2017-05-03 11:33:09'),
(297,	'acd_student_attendance_details',	'cur_list_attendancefrequency_id',	'MTO',	'cur_list_attendancefrequency',	'',	8,	'2017-05-03 11:33:09',	'2017-05-03 11:33:09'),
(298,	'acd_student_attendance_details',	'core_attendance_status_id',	'MTO',	'core_attendance_status',	'',	9,	'2017-05-03 11:33:09',	'2017-05-03 11:33:09'),
(299,	'lib_library_assignment',	'lib_status_id',	'MTO',	'lib_status',	'',	1,	'2017-05-04 12:23:46',	'2017-05-04 12:23:46'),
(300,	'lib_book_assignment',	'book_issued_person_id',	'MTO',	'student_admission',	'lib_issued_for_id',	4,	'2017-05-04 12:54:37',	'2017-05-04 12:54:37'),
(301,	'acd_student_attendance',	'cur_list_attendancefrequency_id',	'MTO',	'cur_list_attendancefrequency',	'',	6,	'2017-05-08 15:31:33',	'2017-05-08 15:31:33'),
(302,	'lm_leave_request',	'cur_list_academicyear_id',	'MTO',	'cur_list_academicyear',	'',	1,	'2017-05-08 16:17:47',	'2017-05-08 16:17:47'),
(303,	'lm_leave_request',	'list_branch_id',	'MTO',	'list_branch',	'',	2,	'2017-05-08 16:17:47',	'2017-05-08 16:17:47'),
(304,	'lm_leave_request',	'cur_branch_orientation_id',	'MTO',	'cur_branch_orientation',	'list_branch_id',	3,	'2017-05-08 16:17:47',	'2017-05-08 16:17:47'),
(305,	'lm_leave_request',	'cur_branch_class_id',	'MTO',	'cur_branch_class',	'cur_list_academicyear_id|cur_branch_orientation_id',	4,	'2017-05-08 16:17:47',	'2017-05-08 16:17:47'),
(306,	'lm_leave_request',	'cur_branch_class_section_id',	'MTO',	'cur_branch_class_section',	'cur_branch_class_id',	5,	'2017-05-08 16:17:48',	'2017-05-08 16:17:48'),
(307,	'lm_leave_request',	'lm_leave_status_id',	'MTO',	'lm_leave_status',	'',	6,	'2017-05-08 16:17:48',	'2017-05-08 16:17:48'),
(308,	'core_node_filetypes',	'core_cms_uploadfolders_id',	'MTO',	'core_cms_uploadfolders',	'',	4,	'2017-05-12 14:18:28',	'2017-05-12 14:18:28'),
(309,	'staff_staff_deatils',	'core_country_id',	'MTO',	'core_country',	'',	1,	'2017-05-17 17:40:13',	'2017-05-17 17:40:13'),
(310,	'staff_staff_deatils',	'core_list_state_id',	'MTO',	'core_list_state',	'',	2,	'2017-05-17 17:40:28',	'2017-05-17 17:40:28'),
(311,	'staff_staff_deatils',	'core_list_city_id',	'MTO',	'core_list_city',	'',	3,	'2017-05-17 17:40:40',	'2017-05-17 17:40:40'),
(312,	'acd_exam_group',	'core_report_template_id',	'MTO',	'core_report_template',	'',	1,	'2017-05-20 14:33:44',	'2017-05-20 14:33:44'),
(313,	'finalmarks',	'cur_list_academicyear_id',	'MTO',	'cur_list_academicyear',	'',	1,	'2017-05-20 14:43:36',	'2017-05-20 14:43:36'),
(314,	'finalmarks',	'list_branch_id',	'MTO',	'list_branch',	'',	2,	'2017-05-20 14:44:17',	'2017-05-20 14:44:17'),
(315,	'finalmarks',	'cur_branch_orientation_id',	'MTO',	'cur_branch_orientation',	'list_branch_id',	3,	'2017-05-20 14:44:41',	'2017-05-20 14:44:41'),
(316,	'finalmarks',	'cur_branch_class_id',	'MTO',	'cur_branch_class',	'cur_list_academicyear_id|cur_branch_orientation_id',	4,	'2017-05-20 14:45:09',	'2017-05-20 14:45:09'),
(317,	'finalmarks',	'cur_branch_class_section_id',	'MTO',	'cur_branch_class_section',	'cur_branch_class_id',	6,	'2017-05-20 14:45:37',	'2017-05-20 14:45:37'),
(318,	'finalmarks',	'acd_exam_group_id',	'MTO',	'acd_exam_group',	'',	8,	'2017-05-20 14:45:54',	'2017-05-20 14:45:54'),
(319,	'acdprogressreport',	'acd_overall_grade_id',	'MTO',	'acd_overall_grade',	'',	3,	'2017-05-20 14:46:32',	'2017-05-20 14:46:32');

DROP TABLE IF EXISTS `core_node_settings`;
CREATE TABLE `core_node_settings` (
  `id` int(11) NOT NULL AUTO_INCREMENT COMMENT 'Node Settings Id',
  `core_registernode_id` varchar(255) NOT NULL COMMENT 'Node Name',
  `tablename` varchar(255) DEFAULT NULL COMMENT 'Table Name',
  `autokey` varchar(255) DEFAULT NULL COMMENT 'Auto Key',
  `primkey` varchar(255) DEFAULT NULL COMMENT 'Primary Key',
  `descriptor` varchar(255) DEFAULT NULL COMMENT 'Descriptor Display',
  `mandotatory_add` longtext COMMENT 'Mandotatory Add',
  `mandotatory_edit` longtext COMMENT 'Mandotatory Edit',
  `uniquefields` longtext COMMENT 'Unique Fields',
  `hide_add` longtext COMMENT 'Hide Add',
  `hide_edit` longtext COMMENT 'Hide Edit',
  `hide_view` longtext COMMENT 'Hide View',
  `hide_admin` longtext COMMENT 'Hide Grid',
  `readonly_add` longtext COMMENT 'Readonly Add',
  `readonly_edit` longtext COMMENT 'Readonly Edit',
  `boolattributes` longtext COMMENT 'Bool Attributes',
  `file` longtext COMMENT 'File Attributes',
  `fck` longtext COMMENT 'Fck Attributes',
  `checkbox` longtext COMMENT 'Checkbox Attributes',
  `selectbox` longtext COMMENT 'Selectbox Attributes',
  `multivalues` longtext COMMENT 'Multi Value Attributes',
  `editlist` longtext COMMENT 'Edit List Attributes',
  `numberattribute` longtext COMMENT 'Number Attributes',
  `search` longtext COMMENT 'Search Attributes',
  `dependee` longtext COMMENT 'Dependee Attributes',
  `defaultvalues` longtext COMMENT 'Default Value Attributes',
  `exactsearch` longtext COMMENT 'Exact Search Attributes',
  `total` longtext COMMENT 'Total Attributes',
  `colorattributes` longtext COMMENT 'Color Attributes',
  `core_node_actions_id` longtext COMMENT 'Node Action',
  `actionrestriction` longtext COMMENT ' Action Restriction',
  `default_action` varchar(255) DEFAULT NULL COMMENT 'Default Action',
  `default_collection` tinyint(1) DEFAULT NULL COMMENT 'Is Default Collection',
  `is_archive` tinyint(1) DEFAULT NULL COMMENT 'Is Archive',
  `createdby` int(11) DEFAULT NULL COMMENT 'Created User Id',
  `createdat` datetime DEFAULT NULL COMMENT 'Created Datetime',
  `updatedby` int(11) DEFAULT NULL COMMENT 'Updated User Id',
  `updatedat` datetime DEFAULT NULL COMMENT 'Updated Datetime',
  PRIMARY KEY (`core_registernode_id`),
  UNIQUE KEY `id` (`id`)
) ENGINE=InnoDB DEFAULT CHARSET=utf8 COMMENT='Node Settings';

INSERT INTO `core_node_settings` (`id`, `core_registernode_id`, `tablename`, `autokey`, `primkey`, `descriptor`, `mandotatory_add`, `mandotatory_edit`, `uniquefields`, `hide_add`, `hide_edit`, `hide_view`, `hide_admin`, `readonly_add`, `readonly_edit`, `boolattributes`, `file`, `fck`, `checkbox`, `selectbox`, `multivalues`, `editlist`, `numberattribute`, `search`, `dependee`, `defaultvalues`, `exactsearch`, `total`, `colorattributes`, `core_node_actions_id`, `actionrestriction`, `default_action`, `default_collection`, `is_archive`, `createdby`, `createdat`, `updatedby`, `updatedat`) VALUES
(85,	'acdprogressreport',	'acd_final_marks',	'id',	'id',	'id',	'',	'',	'',	'',	'',	'',	'',	'',	'',	'',	'',	'',	'',	'',	'',	'',	'',	'',	'',	'',	'',	'',	'',	'admin',	'',	'admin',	1,	0,	NULL,	'2017-05-01 15:23:36',	NULL,	'2017-05-03 11:33:09'),
(71,	'acd_examination_marks',	'acd_examination_marks',	'id',	'id',	'acd_examination_schedule_id',	'cur_list_academicyear_id|list_branch_id|cur_branch_orientation_id|cur_branch_class_id|cur_branch_class_section_id|acd_modeofexam_id|acd_examination_schedule_id',	'cur_list_academicyear_id|list_branch_id|cur_branch_orientation_id|cur_branch_class_id|cur_branch_class_section_id|acd_modeofexam_id|acd_examination_schedule_id',	'',	'acd_exam_name_id|is_final|is_grade',	'is_final|is_grade',	'is_grade',	'acd_examination_schedule_id|is_grade',	'is_final|is_grade',	'cur_list_academicyear_id|list_branch_id|cur_branch_orientation_id|cur_branch_class_id|cur_branch_class_section_id|acd_modeofexam_id|acd_examination_schedule_id|acd_exam_name_id|is_final|is_grade',	'is_final|is_grade',	'',	'',	'',	'',	'',	'',	'',	'cur_list_academicyear_id|list_branch_id|acd_exam_name_id',	'',	'',	'',	'',	'',	'add|admin|delete|edit|final|unfinal|view',	'',	'admin',	1,	0,	NULL,	'2017-05-01 15:23:29',	NULL,	'2017-05-08 11:10:24'),
(72,	'acd_examination_schedule',	'acd_examination_schedule',	'id',	'id',	'name',	'cur_list_academicyear_id|cur_list_orientation_id|cur_list_class_id|acd_modeofexam_id|acd_exam_name_id|name|active_status',	'cur_list_academicyear_id|cur_list_orientation_id|cur_list_class_id|acd_modeofexam_id|acd_exam_name_id|name|active_status',	'',	'',	'',	'',	'',	'is_final',	'cur_list_academicyear_id|cur_list_orientation_id|cur_list_class_id|acd_modeofexam_id|acd_exam_name_id|is_final|active_status',	'is_final|active_status',	'',	'',	'',	'cur_list_academicyear_id|cur_list_orientation_id|cur_list_class_id|acd_modeofexam_id|acd_exam_name_id',	'',	'',	'',	'cur_list_academicyear_id|cur_list_orientation_id|cur_list_class_id|acd_modeofexam_id|acd_exam_name_id',	'',	'',	'',	'',	'',	'add|admin|delete|edit|final|UNFINAL|view',	'',	'admin',	1,	0,	NULL,	'2017-05-01 15:23:30',	NULL,	'2017-05-03 11:33:00'),
(73,	'acd_examination_schedule_details',	'acd_examination_schedule_details',	'id',	'id',	'cur_class_subject_id',	'acd_examination_schedule_id|cur_class_subject_id|subject_grade_id|max_marks|cutoff_marks|min_marks|active_status',	'acd_examination_schedule_id|cur_class_subject_id|subject_grade_id|max_marks|cutoff_marks|min_marks|active_status',	'',	'cur_academic_subject_id',	'cur_academic_subject_id',	'cur_academic_subject_id',	'cur_academic_subject_id',	'',	'acd_examination_schedule_id|cur_class_subject_id|subject_grade_id|active_status',	'is_optional|active_status',	'',	'',	'',	'acd_examination_schedule_id|cur_class_subject_id|subject_grade_id',	'',	'',	'',	'',	'',	'',	'',	'',	'',	'add|admin|delete|edit|view',	'',	'admin',	1,	0,	NULL,	'2017-05-01 15:23:31',	NULL,	'2017-05-03 11:33:01'),
(69,	'acd_exam_group',	'acd_exam_group',	'id',	'id',	'name',	'cur_list_academicyear_id|cur_list_orientation_id|cur_list_class_id|name|overall_grade_id',	'cur_list_academicyear_id|cur_list_orientation_id|cur_list_class_id|name|overall_grade_id',	'',	'cur_report_template_id|is_final',	'cur_report_template_id|is_final',	'cur_report_template_id',	'cur_report_template_id',	'is_final',	'cur_list_academicyear_id|cur_list_orientation_id|cur_list_class_id|is_final',	'is_final',	'',	'',	'',	'cur_list_academicyear_id|cur_list_orientation_id|cur_list_class_id',	'',	'',	'',	'cur_list_academicyear_id|cur_list_orientation_id|cur_list_class_id|name|overall_grade_id|cur_report_template_id|is_final',	'',	'',	'',	'',	'',	'add|admin|delete|edit|final|UNFINAL|view',	'',	'admin',	1,	0,	NULL,	'2017-05-01 15:23:28',	NULL,	'2017-05-03 11:32:58'),
(70,	'acd_exam_name',	'acd_exam_name',	'id',	'id',	'name',	'acd_modeofexam_id|name|active_status',	'acd_modeofexam_id|name',	'name',	'',	'',	'',	'',	'',	'name',	'is_analysis|active_status',	'',	'',	'',	'',	'',	'',	'',	'',	'',	'',	'',	'',	'',	'add|admin|delete|edit|view',	'',	'admin',	1,	0,	NULL,	'2017-05-01 15:23:29',	NULL,	'2017-05-03 11:32:59'),
(74,	'acd_final_marks',	'acd_final_marks',	'id',	'id',	'admission_no',	'',	'',	'',	'',	'acd_exam_group_id|cur_list_academicyear_id|list_branch_id|cur_branch_orientation_id|cur_branch_class_id',	'',	'acd_exam_group_id|cur_list_academicyear_id|list_branch_id|cur_branch_orientation_id|cur_branch_class_id',	'',	'',	'',	'',	'',	'',	'',	'',	'',	'',	'',	'',	'',	'admission_no|name|cur_attendance_status_id',	'',	'',	'add|admin|delete|edit|view',	'',	'admin',	1,	0,	NULL,	'2017-05-01 15:23:31',	NULL,	'2017-05-03 11:33:02'),
(75,	'acd_grade_master',	'acd_grade_master',	'id',	'id',	'acd_grade_method_id',	'acd_grade_method_id|acd_grade_method_details_id|max|min|grade|gradepoints|remarks',	'acd_grade_method_id|acd_grade_method_details_id|max|min|grade|gradepoints|remarks',	'',	'',	'',	'',	'',	'',	'acd_grade_method_id|acd_grade_method_details_id',	'',	'',	'',	'',	'acd_grade_method_id|acd_grade_method_details_id',	'',	'',	'',	'acd_grade_method_id|acd_grade_method_details_id|max|min|grade',	'',	'',	'',	'',	'',	'add|admin|delete|edit|view',	'',	'admin',	1,	0,	NULL,	'2017-05-01 15:23:32',	NULL,	'2017-05-03 11:33:03'),
(76,	'acd_grade_method',	'acd_grade_method',	'id',	'short_code',	'name',	'name|short_code|active_status',	'name|short_code',	'name|short_code',	'',	'',	'',	'',	'',	'short_code',	'active_status',	'',	'',	'',	'',	'',	'',	'',	'name|short_code|active_status',	'',	'',	'',	'',	'',	'add|admin|delete',	'',	'admin',	1,	0,	NULL,	'2017-05-01 15:23:32',	NULL,	'2017-05-03 11:33:03'),
(77,	'acd_grade_method_details',	'acd_grade_method_details',	'id',	'short_code',	'name',	'acd_grade_method_id|acd_grade_type_id|name|short_code',	'acd_grade_method_id|acd_grade_type_id|name|short_code',	'name|short_code',	'',	'',	'',	'',	'',	'acd_grade_method_id|acd_grade_type_id|short_code',	'',	'',	'',	'',	'acd_grade_method_id|acd_grade_type_id',	'',	'',	'',	'acd_grade_method_id|acd_grade_type_id|name|short_code',	'',	'',	'',	'',	'',	'add|admin|delete|edit|view',	'',	'admin',	1,	0,	NULL,	'2017-05-01 15:23:33',	NULL,	'2017-05-03 11:33:04'),
(78,	'acd_grade_type',	'acd_grade_type',	'id',	'short_code',	'name',	'name|short_code',	'name|short_code',	'name|short_code',	'',	'',	'',	'',	'',	'',	'',	'',	'',	'',	'',	'',	'',	'',	'name|short_code',	'',	'',	'',	'',	'',	'add|admin|delete|edit',	'',	'admin',	1,	0,	NULL,	'2017-05-01 15:23:33',	NULL,	'2017-05-03 11:33:04'),
(79,	'acd_link_exam',	'acd_link_exam',	'id',	'id',	'acd_link_examgroups',	'acd_exam_group_id|acd_link_examgroups',	'acd_exam_group_id|acd_link_examgroups',	'',	'',	'',	'',	'',	'',	'acd_exam_group_id',	'',	'',	'',	'',	'',	'',	'',	'',	'acd_link_examgroups',	'',	'',	'',	'',	'',	'add|admin|delete|edit',	'',	'admin',	1,	0,	NULL,	'2017-05-01 15:23:33',	NULL,	'2017-05-03 11:33:04'),
(80,	'acd_modeofexam',	'acd_modeofexam',	'id',	'short_code',	'name',	'name|short_code|active_status',	'name|short_code',	'',	'',	'',	'',	'',	'',	'short_code',	'active_status',	'',	'',	'',	'',	'',	'',	'',	'name|short_code|active_status',	'',	'',	'',	'',	'',	'add|admin|delete|edit|view',	'',	'admin',	1,	0,	NULL,	'2017-05-01 15:23:33',	NULL,	'2017-05-03 11:33:04'),
(81,	'acd_overall_grade',	'acd_overall_grade',	'id',	'id',	'acd_exam_group_id',	'cur_list_academicyear_id|list_branch_id|cur_branch_orientation_id|cur_branch_class_id|acd_exam_group_id',	'cur_list_academicyear_id|list_branch_id|cur_branch_orientation_id|cur_branch_class_id|acd_exam_group_id',	'',	'acd_exam_name_id|cur_list_class_id',	'acd_exam_name_id|cur_list_class_id',	'acd_exam_name_id|cur_list_class_id',	'acd_exam_name_id|cur_list_class_id',	'',	'cur_list_academicyear_id|list_branch_id|cur_branch_orientation_id|cur_branch_class_id|acd_exam_group_id|acd_exam_name_id|cur_list_class_id',	'',	'',	'',	'',	'cur_list_academicyear_id|list_branch_id|cur_branch_orientation_id|cur_branch_class_id|acd_exam_group_id|acd_exam_name_id|cur_list_class_id',	'',	'',	'',	'cur_list_academicyear_id|list_branch_id|cur_branch_orientation_id|cur_branch_class_id|acd_exam_group_id',	'',	'',	'',	'',	'',	'add|admin|delete|edit|view',	'',	'admin',	1,	0,	NULL,	'2017-05-01 15:23:33',	NULL,	'2017-05-03 11:33:04'),
(82,	'acd_studentmarks_details',	'acd_studentmarks_details',	'id',	'id',	'admission_no',	'',	'core_attendance_status_id',	'',	'',	'',	'cur_branch_orientation_id|cur_branch_class_id|cur_class_subject_id|acd_examination_schedule_id',	'acd_examination_marks_id|cur_list_academicyear_id|list_branch_id|cur_branch_orientation_id|cur_list_orientation_id|cur_branch_class_id|cur_list_class_id|cur_branch_class_section_id|cur_class_subject_id|remarks|acd_examination_schedule_id',	'',	'acd_examination_marks_id|cur_list_academicyear_id|list_branch_id|cur_branch_orientation_id|cur_list_orientation_id|cur_branch_class_id|cur_list_class_id|cur_branch_class_section_id|admission_no|name|cur_class_subject_id|cur_academic_subject_id|max_marks|cutoff_marks|min_marks|percentage|gradepoints|grade|remarks|acd_exam_name_id',	'',	'',	'',	'',	'acd_examination_marks_id|cur_list_academicyear_id|list_branch_id|cur_branch_orientation_id|cur_list_orientation_id|cur_branch_class_id|cur_list_class_id|cur_branch_class_section_id|cur_class_subject_id|cur_academic_subject_id|core_attendance_status_id|acd_examination_schedule_id|acd_exam_name_id',	'obtained_marks',	'obtained_marks|core_attendance_status_id',	'',	'admission_no|name|cur_academic_subject_id|core_attendance_status_id',	'',	'',	'',	'',	'',	'add|admin|delete|edit|view',	'',	'admin',	1,	0,	NULL,	'2017-05-01 15:23:34',	NULL,	'2017-05-03 11:33:05'),
(144,	'acd_student_attendance',	'acd_student_attendance',	'id',	'id',	'date',	'',	'',	'',	'',	'',	'',	'',	'',	'',	'is_final',	'',	'',	'',	'',	'',	'',	'',	'',	'',	'',	'',	'',	'',	'add|admin|delete|edit|view',	'',	'admin',	1,	0,	NULL,	'2017-05-03 11:33:07',	NULL,	'2017-05-08 14:41:49'),
(145,	'acd_student_attendance_details',	'acd_student_attendance_details',	'id',	'id',	'id',	'',	'',	'',	'',	'',	'',	'',	'',	'',	'',	'',	'',	'',	'',	'',	'',	'',	'',	'',	'',	'',	'',	'',	'add|admin|delete|edit|view',	'',	'admin',	1,	0,	NULL,	'2017-05-03 11:33:08',	NULL,	'2017-05-03 11:33:08'),
(83,	'acd_subgroupexams',	'acd_subgroupexams',	'id',	'id',	'acd_examination_schedule_id',	'acd_exam_group_id|acd_examination_schedule_id|percentage|code',	'acd_exam_group_id|acd_examination_schedule_id|percentage|code',	'',	'',	'',	'',	'',	'',	'acd_exam_group_id|acd_examination_schedule_id',	'',	'',	'',	'',	'',	'',	'',	'percentage',	'acd_examination_schedule_id|code',	'',	'',	'',	'',	'',	'add|admin|delete|edit',	'',	'admin',	1,	0,	NULL,	'2017-05-01 15:23:35',	NULL,	'2017-05-03 11:33:06'),
(86,	'cms_gallery',	'cms_gallery',	'id',	'id',	'title',	'',	'',	'',	'description',	'',	'',	'',	'',	'',	'',	'image',	'',	'',	'',	'',	'',	'',	'',	'',	'',	'',	'',	'',	'add|admin|delete|edit|view',	'',	'admin',	1,	0,	NULL,	'2017-05-01 15:23:38',	NULL,	'2017-05-01 15:23:38'),
(87,	'cms_notification',	'cms_notification',	'id',	'id',	'notification_code',	'cms_notification_type_id|cur_list_academicyear_id|title|description',	'cms_notification_type_id|cur_list_academicyear_id|title|description',	'',	'notification_code',	'',	'',	'',	'',	'notification_code|cms_notification_type_id|cur_list_academicyear_id|list_branch_id|cur_branch_orientation_id|cur_branch_class_id|cur_branch_class_section_id|student_admission_id',	'',	'',	'',	'',	'cms_notification_type_id|cur_list_academicyear_id|list_branch_id|cur_branch_orientation_id|cur_branch_class_id|cur_branch_class_section_id|student_admission_id',	'',	'',	'',	'notification_code',	'',	'',	'',	'',	'',	'add|admin|delete|edit|view',	'',	'admin',	1,	0,	NULL,	'2017-05-01 15:23:39',	NULL,	'2017-05-01 15:23:39'),
(88,	'cms_notification_comments',	'cms_notification_comments',	'id',	'id',	'cms_notification_id',	'cms_notification_id|comment_source|description',	'cms_notification_id|comment_source|description',	'',	'',	'',	'',	'',	'',	'',	'',	'',	'',	'',	'',	'',	'',	'',	'comment_source|description',	'',	'',	'',	'',	'',	'add|admin|delete|edit',	'',	'admin',	1,	0,	NULL,	'2017-05-01 15:23:39',	NULL,	'2017-05-01 15:23:39'),
(120,	'cms_notification_type',	'cms_notification_type',	'id',	'short_code',	'name',	'name|short_code',	'name|short_code',	'name|short_code',	'',	'',	'',	'',	'',	'',	'',	'',	'',	'',	'',	'',	'',	'',	'name|short_code',	'',	'',	'',	'',	'',	'add|admin|delete|edit',	'',	'admin',	1,	0,	NULL,	'2017-05-01 15:24:05',	NULL,	'2017-05-01 15:24:05'),
(64,	'core_access',	'core_access',	'id',	'id',	'id',	'',	'',	'',	'',	'',	'',	'',	'',	'',	'',	'',	'',	'',	'',	'',	'',	'',	'',	'',	'',	'',	'',	'',	'admin',	'',	'admin',	1,	0,	NULL,	'2017-05-01 15:23:20',	NULL,	'2017-05-01 15:23:20'),
(3,	'core_action_type',	'core_action_type',	'id',	'short_code',	'name',	'name|short_code',	'name|short_code',	'name|short_code',	'',	'',	'',	'',	'',	'',	'',	'',	'',	'',	'',	'',	'',	'',	'name|short_code',	'',	'',	'',	'',	'',	'add|admin|delete|edit',	'',	'admin',	1,	0,	NULL,	'2017-05-01 15:22:53',	NULL,	'2017-05-01 15:22:53'),
(62,	'core_address_type',	'core_address_type',	'id',	'short_code',	'name',	'name|short_code',	'name|short_code',	'name|short_code',	'',	'',	'',	'',	'',	'',	'',	'',	'',	'',	'',	'',	'',	'',	'name|short_code',	'',	'',	'',	'',	'',	'add|admin|delete|edit',	'',	'admin',	1,	0,	NULL,	'2017-05-01 15:23:15',	NULL,	'2017-05-01 15:23:15'),
(4,	'core_adminthemesettings',	'core_adminthemesettings',	'id',	'id',	'id',	'',	'',	'',	'',	'',	'',	'',	'',	'',	'',	'loading_image',	'',	'',	'',	'',	'',	'',	'loading_image',	'',	'',	'',	'',	'sidemunebgcolor|sidemenucolor|menuitembgcolor|totalbgcolor',	'add|admin|delete|edit|view',	'',	'admin',	1,	0,	NULL,	'2017-05-01 15:22:55',	NULL,	'2017-05-01 15:22:55'),
(11,	'core_aggregate_function',	'core_aggregate_function',	'id',	'short_code',	'name',	'name|short_code',	'name|short_code',	'name|short_code',	'',	'',	'',	'',	'',	'',	'',	'',	'',	'',	'',	'',	'',	'',	'name|short_code',	'',	'',	'',	'',	'',	'add|admin|edit',	'',	'admin',	1,	0,	NULL,	'2017-05-01 15:23:00',	NULL,	'2017-05-01 15:23:00'),
(37,	'core_app_settings',	'core_app_settings',	'id',	'id',	'app_key',	'core_user_id|app_key|app_password',	'core_user_id|app_key|app_password',	'core_user_id',	'',	'',	'',	'',	'',	'core_user_id',	'active_status',	'',	'',	'',	'',	'',	'',	'active_status',	'active_status',	'',	'',	'',	'',	'',	'add|admin|delete|edit',	'',	'admin',	1,	0,	NULL,	'2017-05-01 15:23:07',	NULL,	'2017-05-01 15:23:07'),
(42,	'core_archive_data',	'core_archive_data',	'id',	'id',	'id',	'',	'',	'',	'',	'',	'',	'',	'',	'',	'',	'logo',	'',	'',	'',	'',	'',	'',	'',	'',	'',	'',	'',	'',	'admin|export',	'',	'admin',	1,	0,	NULL,	'2017-05-01 15:23:09',	NULL,	'2017-05-01 15:23:09'),
(52,	'core_attendance_status',	'core_attendance_status',	'id',	'short_code',	'name',	'name|short_code',	'name|short_code',	'name|short_code',	'',	'',	'',	'',	'',	'',	'active_status',	'',	'',	'',	'',	'',	'',	'active_status',	'name|short_code',	'',	'',	'',	'',	'',	'add|admin|delete|edit',	'',	'admin',	1,	0,	NULL,	'2017-05-01 15:23:12',	NULL,	'2017-05-01 15:23:12'),
(56,	'core_attribute_option',	'core_attribute_option',	'id',	'attribute_code',	'name',	'',	'',	'attribute_code',	'',	'',	'',	'',	'',	'',	'',	'',	'',	'',	'',	'',	'',	'',	'name|attribute_code',	'',	'',	'',	'',	'',	'add|admin|delete|edit',	'',	'admin',	1,	0,	NULL,	'2017-05-01 15:23:13',	NULL,	'2017-05-01 15:23:13'),
(47,	'core_backupdetails',	'core_backupdetails',	'id',	'id',	'core_backup_type_id',	'core_backup_type_id',	'',	'',	'filepath|dateandtime',	'',	'',	'',	'',	'',	'active_status',	'filepath',	'',	'',	'core_backup_type_id',	'',	'',	'',	'core_backup_type_id|filepath',	'',	'',	'core_backup_type_id',	'',	'',	'admin|delete',	'',	'admin',	1,	0,	NULL,	'2017-05-01 15:23:11',	NULL,	'2017-05-01 15:23:11'),
(16,	'core_backup_type',	'core_backup_type',	'id',	'short_code',	'name',	'name|short_code',	'name|short_code',	'name|short_code',	'',	'',	'',	'',	'',	'',	'',	'',	'',	'',	'',	'',	'',	'',	'name|short_code',	'',	'',	'',	'',	'',	'add|admin|delete|edit|view',	'',	'admin',	1,	0,	NULL,	'2017-05-01 15:23:01',	NULL,	'2017-05-01 15:23:01'),
(63,	'core_cachemanagement',	'core_cachemanagement',	'id',	'id',	'cache_type',	'',	'',	'',	'',	'',	'',	'',	'',	'',	'',	'',	'',	'',	'',	'',	'',	'',	'cache_type|status',	'',	'',	'',	'',	'',	'add|admin|delete|edit',	'',	'admin',	1,	0,	NULL,	'2017-05-01 15:23:15',	NULL,	'2017-05-01 15:23:15'),
(22,	'core_cms_image_settings',	'core_cms_image_settings',	'id',	'id',	'name',	'node_settings_id|name|witdthvalue|heightvalue',	'node_settings_id|name|witdthvalue|heightvalue',	'',	'',	'',	'',	'',	'',	'node_settings_id|name',	'',	'',	'',	'',	'',	'',	'',	'witdthvalue|heightvalue',	'node_settings_id|name',	'',	'',	'',	'',	'',	'add|admin|delete|edit',	'',	'admin',	1,	0,	NULL,	'2017-05-01 15:23:03',	NULL,	'2017-05-01 15:23:03'),
(23,	'core_cms_mediatype',	'core_cms_mediatype',	'id',	'short_code',	'name',	'name|short_code',	'name|short_code',	'name|short_code',	'',	'',	'',	'',	'',	'',	'',	'',	'',	'',	'',	'',	'',	'',	'name|short_code',	'',	'',	'',	'',	'',	'add|admin|delete|edit',	'',	'admin',	1,	0,	NULL,	'2017-05-01 15:23:03',	NULL,	'2017-05-01 15:23:03'),
(5,	'core_cms_uploadfolders',	'core_cms_uploadfolders',	'id',	'name',	'name',	'name',	'name',	'name',	'',	'',	'',	'',	'',	'',	'',	'',	'',	'',	'',	'',	'',	'',	'name',	'',	'',	'',	'',	'',	'add|admin|delete|edit',	'',	'admin',	1,	0,	NULL,	'2017-05-01 15:22:55',	NULL,	'2017-05-01 15:22:55'),
(48,	'core_codebackup',	'core_backupdetails',	'id',	'id',	'core_backup_type_id',	'',	'',	'',	'',	'',	'',	'',	'',	'',	'',	'',	'',	'',	'',	'',	'',	'',	'core_backup_type_id',	'',	'',	'',	'',	'',	'admin',	'',	'admin',	1,	0,	NULL,	'2017-05-01 15:23:11',	NULL,	'2017-05-01 15:23:11'),
(53,	'core_country',	'core_country',	'id',	'short_code',	'name',	'name|short_code|isd_code|phno_size',	'name|short_code|isd_code|phno_size',	'name|short_code',	'',	'',	'',	'',	'',	'',	'',	'',	'',	'',	'',	'',	'',	'phno_size',	'name|short_code',	'',	'',	'',	'',	'',	'add|admin|delete|edit',	'',	'admin',	1,	0,	NULL,	'2017-05-01 15:23:12',	NULL,	'2017-05-01 15:23:12'),
(149,	'core_cron_schedule',	'core_cron_schedule',	'job_id',	'job_id',	'job_id',	'job_code|schedule_type|start_time|last_render_time|status|modal|method',	'job_code|schedule_type|start_time|last_render_time|status|modal|method',	'',	'job_id',	'job_id',	'job_id',	'job_id',	'',	'',	'is_active',	'',	'',	'',	'',	'',	'',	'',	'',	'',	'',	'',	'',	'',	'add|admin|delete|edit',	'',	'admin',	1,	0,	NULL,	'2018-03-11 17:03:32',	NULL,	'2018-03-11 17:03:32'),
(20,	'core_defaultvalues',	'core_defaultvalues',	'id',	'id',	'fieldname',	'core_node_settings_id|fieldname|value',	'core_node_settings_id|fieldname|value',	'',	'',	'',	'',	'',	'',	'',	'',	'',	'',	'',	'',	'',	'',	'',	'fieldname',	'',	'',	'',	'',	'',	'add|admin|delete|edit|view',	'',	'admin',	1,	0,	NULL,	'2017-05-01 15:23:03',	NULL,	'2017-05-01 15:23:03'),
(14,	'core_element_displaytype',	'core_element_displaytype',	'id',	'short_code',	'name',	'name|short_code',	'name|short_code',	'name|short_code',	'',	'',	'',	'',	'',	'',	'',	'',	'',	'',	'',	'',	'',	'',	'name|short_code',	'',	'',	'',	'',	'',	'add|admin|delete|edit',	'',	'admin',	1,	0,	NULL,	'2017-05-01 15:23:00',	NULL,	'2017-05-01 15:23:00'),
(32,	'core_email_notifications',	'core_email_notifications',	'id',	'id',	'core_registernode_id',	'core_registernode_id|core_node_actions_id|subject|colname',	'core_registernode_id|core_node_actions_id|subject|template|colname',	'',	'',	'',	'',	'template|defaultemails|defaulttemplate|colname',	'',	'core_registernode_id|core_node_actions_id',	'',	'',	'',	'',	'',	'',	'',	'',	'core_registernode_id|core_node_actions_id|active_status',	'',	'',	'',	'',	'',	'add|admin|delete|edit',	'',	'admin',	1,	0,	NULL,	'2017-05-01 15:23:06',	NULL,	'2017-05-01 15:23:06'),
(31,	'core_email_settings',	'core_email_settings',	'id',	'id',	'host_name',	'host_securetype|host_port|host_name|host_username|host_password|fromemail|fromname',	'host_securetype|host_port|host_name|host_username|host_password|fromemail|fromname',	'',	'',	'',	'',	'',	'',	'',	'active_status',	'',	'',	'',	'',	'',	'',	'host_port',	'host_securetype|host_name',	'',	'',	'',	'',	'',	'add|admin|delete|edit',	'',	'admin',	1,	0,	NULL,	'2017-05-01 15:23:06',	NULL,	'2017-05-01 15:23:06'),
(33,	'core_email_verify',	'core_email_verify',	'id',	'id',	'id',	'',	'',	'',	'',	'',	'',	'',	'',	'',	'',	'',	'',	'',	'',	'',	'',	'',	'',	'',	'',	'',	'',	'',	'add|admin|delete|edit',	'',	'admin',	1,	0,	NULL,	'2017-05-01 15:23:06',	NULL,	'2017-05-01 15:23:06'),
(24,	'core_file_types',	'core_file_types',	'id',	'short_code',	'name',	'name|short_code|cms_mediatype_id',	'name|short_code|cms_mediatype_id',	'name|short_code',	'',	'',	'',	'',	'',	'',	'resize',	'',	'',	'',	'',	'',	'',	'resize',	'name|short_code|cms_mediatype_id',	'',	'',	'',	'',	'',	'add|admin|delete|edit',	'',	'admin',	1,	0,	NULL,	'2017-05-01 15:23:04',	NULL,	'2017-05-01 15:23:04'),
(19,	'core_form_layout',	'core_form_layout',	'id',	'id',	'filedname',	'core_form_settings_id|filedname|sort_value',	'core_form_settings_id|filedname|sort_value',	'',	'',	'',	'',	'',	'',	'',	'',	'',	'',	'',	'',	'',	'',	'',	'core_form_settings_id|filedname|sort_value',	'',	'',	'',	'',	'',	'add|admin|delete|edit',	'',	'admin',	1,	0,	NULL,	'2017-05-01 15:23:02',	NULL,	'2017-05-01 15:23:02'),
(15,	'core_form_settings',	'core_form_settings',	'id',	'id',	'name',	'core_node_settings_id|core_element_displaytype_id|name|code|sortorder',	'core_node_settings_id|core_element_displaytype_id|name|code|sortorder',	'',	'parent_level',	'parent_level',	'parent_level',	'parent_level',	'',	'core_node_settings_id',	'',	'',	'',	'',	'parent',	'',	'',	'parent_level|sortorder',	'name',	'',	'',	'',	'',	'',	'add|admin|delete|edit|view',	'',	'admin',	1,	0,	NULL,	'2017-05-01 15:23:01',	NULL,	'2017-05-01 15:23:01'),
(25,	'core_label_details',	'core_label_details',	'id',	'id',	'display_name',	'original_name|display_name',	'original_name|display_name',	'original_name',	'',	'',	'',	'',	'',	'',	'',	'',	'',	'',	'',	'',	'',	'',	'original_name|display_name',	'',	'',	'',	'',	'',	'add|admin|delete|edit',	'',	'admin',	1,	0,	NULL,	'2017-05-01 15:23:04',	NULL,	'2017-05-01 15:23:04'),
(50,	'core_list_city',	'core_list_city',	'id',	'id',	'name',	'core_country_id|core_list_state_id|name',	'core_country_id|core_list_state_id|name',	'',	'',	'',	'',	'',	'',	'core_country_id|core_list_state_id|active_status',	'active_status',	'',	'',	'',	'',	'',	'',	'',	'core_country_id|core_list_state_id|active_status',	'',	'',	'',	'',	'',	'add|admin|delete|edit|view',	'',	'admin',	1,	0,	NULL,	'2017-05-01 15:23:12',	NULL,	'2017-05-01 15:23:12'),
(40,	'core_list_location',	'core_list_location',	'id',	'id',	'name',	'name|code|active_status',	'name|code',	'name|code',	'',	'active_status',	'',	'',	'',	'',	'active_status',	'logo',	'',	'',	'',	'',	'',	'active_status',	'name|code',	'',	'',	'',	'',	'',	'add|admin|delete|edit',	'',	'admin',	1,	0,	NULL,	'2017-05-01 15:23:09',	NULL,	'2017-05-01 15:23:09'),
(51,	'core_list_state',	'core_list_state',	'id',	'id',	'name',	'core_country_id|name|code|active_status',	'core_country_id|name|code',	'',	'',	'',	'',	'',	'',	'',	'active_status',	'',	'',	'',	'',	'',	'',	'active_status',	'core_country_id|name',	'',	'',	'',	'',	'',	'add|admin|delete|edit|view',	'',	'admin',	1,	0,	NULL,	'2017-05-01 15:23:12',	NULL,	'2017-05-01 15:23:12'),
(65,	'core_loginhistory',	'core_loginhistory',	'id',	'id',	'name',	'',	'',	'',	'',	'',	'',	'user_id|sesssionid',	'',	'',	'',	'',	'',	'',	'',	'',	'',	'user_id',	'name|status',	'',	'',	'',	'',	'',	'admin',	'',	'admin',	1,	0,	NULL,	'2017-05-01 15:23:20',	NULL,	'2017-05-01 15:23:20'),
(6,	'core_node_actions',	'core_node_actions',	'id',	'short_code',	'name',	'name|short_code',	'name|short_code',	'name|short_code',	'',	'',	'',	'',	'',	'',	'is_layout',	'',	'',	'core_action_type_id',	'',	'core_action_type_id',	'',	'sort_no',	'name|short_code',	'registernode_id',	'',	'',	'',	'',	'add|admin|delete|edit',	'',	'admin',	1,	0,	NULL,	'2017-05-01 15:22:55',	NULL,	'2017-05-01 15:22:55'),
(26,	'core_node_attributes',	'core_node_attributes',	'id',	'id',	'colname',	'root_attributes_id|colname',	'root_attributes_id|colname',	'colname',	'',	'',	'',	'',	'',	'',	'',	'',	'',	'',	'',	'',	'',	'',	'root_attributes_id|colname',	'',	'',	'',	'',	'',	'add|admin|delete|edit',	'',	'admin',	1,	0,	NULL,	'2017-05-01 15:23:04',	NULL,	'2017-05-01 15:23:04'),
(57,	'core_node_attributeset',	'core_node_attributeset',	'id',	'id',	'name',	'',	'',	'',	'',	'',	'',	'',	'',	'core_node_settings_id',	'',	'',	'',	'',	'',	'',	'',	'',	'core_node_settings_id|name',	'',	'',	'',	'',	'',	'add|admin|delete|edit',	'',	'admin',	1,	0,	NULL,	'2017-05-01 15:23:13',	NULL,	'2017-05-01 15:23:13'),
(58,	'core_node_attribute_option',	'core_node_attribute_option',	'id',	'id',	'core_attribute_name',	'',	'',	'',	'',	'',	'',	'',	'',	'core_node_settings_id|core_attribute_option_id',	'is_filter|is_readonly',	'',	'',	'',	'',	'',	'',	'',	'core_node_settings_id|core_attribute_name|core_attribute_option_id|core_node_attributeset_id',	'',	'',	'',	'',	'',	'add|admin|delete|edit',	'',	'admin',	1,	0,	NULL,	'2017-05-01 15:23:13',	NULL,	'2017-05-01 15:23:13'),
(59,	'core_node_attribute_option_list',	'core_node_attribute_option_list',	'id',	'id',	'value',	'',	'',	'',	'',	'',	'',	'',	'',	'',	'is_default',	'',	'',	'',	'',	'',	'',	'',	'short_code|value',	'',	'',	'',	'',	'',	'add|admin|delete|edit',	'',	'admin',	1,	0,	NULL,	'2017-05-01 15:23:14',	NULL,	'2017-05-01 15:23:14'),
(60,	'core_node_attribute_option_value',	'core_node_attribute_option_value',	'id',	'id',	'id',	'',	'',	'',	'',	'',	'',	'',	'',	'',	'',	'',	'',	'',	'',	'',	'',	'',	'',	'',	'',	'',	'',	'',	'add|admin|delete|edit',	'',	'admin',	1,	0,	NULL,	'2017-05-01 15:23:14',	NULL,	'2017-05-01 15:23:14'),
(21,	'core_node_fieldattributes',	'core_node_fieldattributes',	'id',	'id',	'fieldname',	'core_node_settings_id|fieldname|core_root_attribute_id',	'core_node_settings_id|fieldname|core_root_attribute_id',	'',	'',	'',	'',	'',	'',	'',	'is_encrypt',	'',	'',	'',	'',	'',	'',	'',	'fieldname',	'',	'',	'',	'',	'',	'add|admin|delete|edit|view',	'',	'admin',	1,	0,	NULL,	'2017-05-01 15:23:03',	NULL,	'2017-05-01 15:23:03'),
(27,	'core_node_filetypes',	'core_node_filetypes',	'id',	'id',	'id',	'core_node_settings_id|core_cms_uploadfolders_id|colmanname',	'core_node_settings_id|core_cms_uploadfolders_id|colmanname',	'',	'',	'',	'',	'',	'',	'core_node_settings_id|core_cms_uploadfolders_id|colmanname',	'',	'',	'',	'core_cms_image_settings_id|core_file_types_id',	'',	'core_cms_image_settings_id|core_file_types_id',	'',	'',	'colmanname',	'node_settings_id',	'',	'',	'',	'',	'add|admin|delete|edit',	'',	'admin',	1,	0,	NULL,	'2017-05-01 15:23:04',	NULL,	'2017-05-01 15:23:04'),
(13,	'core_node_history',	'core_node_history',	'id',	'id',	'node_id',	'',	'',	'',	'',	'',	'',	'',	'',	'',	'',	'',	'',	'',	'',	'',	'',	'',	'node_id|pk_value',	'',	'',	'',	'',	'',	'admin|export',	'',	'admin',	1,	0,	NULL,	'2017-05-01 15:23:00',	NULL,	'2017-05-01 15:23:00'),
(18,	'core_node_relations',	'core_node_relations',	'id',	'id',	'id',	'core_node_settings_id|core_node_colname|core_relation_type_id|core_node_parent',	'core_node_settings_id|core_node_colname|core_relation_type_id|core_node_parent',	'',	'',	'',	'',	'',	'',	'',	'',	'',	'',	'',	'',	'',	'',	'',	'core_node_colname|core_relation_type_id|core_node_parent',	'',	'',	'',	'',	'',	'add|admin|delete|edit|view',	'',	'admin',	1,	0,	NULL,	'2017-05-01 15:23:02',	NULL,	'2017-05-01 15:23:02'),
(2,	'core_node_settings',	'core_node_settings',	'id',	'core_registernode_id',	'core_registernode_id',	'core_registernode_id|tablename|primkey|descriptor',	'core_registernode_id|tablename|primkey|descriptor',	'core_registernode_id',	'dependee|defaultvalues|actionrestriction',	'dependee|defaultvalues|actionrestriction',	'dependee|defaultvalues|actionrestriction',	'mandotatory_add|mandotatory_edit|uniquefields|hide_add|hide_edit|hide_view|hide_admin|readonly_add|readonly_edit|boolattributes|file|fck|checkbox|selectbox|multivalues|editlist|numberattribute|search|dependee|defaultvalues|exactsearch|total|colorattributes|core_node_actions_id|actionrestriction',	'autokey',	'core_registernode_id|tablename|autokey|primkey',	'default_collection|is_archive',	'',	'',	'mandotatory_add|mandotatory_edit|uniquefields|hide_add|hide_edit|hide_view|hide_admin|readonly_add|readonly_edit|boolattributes|file|fck|checkbox|selectbox|multivalues|editlist|numberattribute|search|exactsearch|total|colorattributes|core_node_actions_id',	'core_registernode_id|default_action',	'mandotatory_add|mandotatory_edit|uniquefields|hide_add|hide_edit|hide_view|hide_admin|readonly_add|readonly_edit|boolattributes|file|fck|checkbox|selectbox|multivalues|editlist|numberattribute|search|exactsearch|total|colorattributes|core_node_actions_id',	'',	'',	'core_registernode_id|tablename',	'',	'',	'',	'',	'',	'add|admin|delete|edit|view',	'',	'admin',	1,	0,	NULL,	'2017-05-01 15:22:52',	NULL,	'2017-05-01 15:22:52'),
(10,	'core_orderclausetype',	'core_orderclausetype',	'id',	'short_code',	'name',	'name|short_code',	'name|short_code',	'name|short_code',	'',	'',	'',	'',	'',	'',	'',	'',	'',	'',	'',	'',	'',	'',	'name|short_code',	'',	'',	'',	'',	'',	'add|admin|delete|edit',	'',	'admin',	1,	0,	NULL,	'2017-05-01 15:22:59',	NULL,	'2017-05-01 15:22:59'),
(39,	'core_organization',	'core_organization',	'id',	'id',	'name',	'name|code|email|phone_no|logo|address1|zipcode|active_status',	'name|code|email|phone_no|logo|address1|zipcode|active_status',	'name|code',	'',	'',	'',	'email|phone_no|alternate_phone_no|address2|zipcode|description',	'',	'',	'active_status',	'logo',	'',	'',	'',	'',	'',	'phone_no|zipcode|active_status',	'name|code',	'',	'',	'',	'',	'',	'add|admin|delete|edit|view',	'',	'admin',	1,	0,	NULL,	'2017-05-01 15:23:07',	NULL,	'2017-05-01 15:23:07'),
(41,	'core_organization_socialnetworkingsites',	'core_organization_socialnetworkingsites',	'id',	'id',	'socialnetworkingsites_id.name',	'organization_id|socialnetworkingsites_id|url|sortvalue',	'organization_id|socialnetworkingsites_id|url|sortvalue',	'',	'',	'',	'',	'',	'',	'',	'',	'logo',	'',	'',	'',	'',	'',	'organization_id|sortvalue',	'socialnetworkingsites_id',	'',	'',	'socialnetworkingsites_id',	'',	'',	'add|admin|delete|edit',	'',	'admin',	1,	0,	NULL,	'2017-05-01 15:23:09',	NULL,	'2017-05-01 15:23:09'),
(12,	'core_output_type',	'core_output_type',	'id',	'short_code',	'name',	'name|short_code',	'name|short_code',	'name|short_code',	'',	'',	'',	'',	'',	'',	'is_chart|is_export|active_status',	'',	'',	'',	'',	'',	'is_export|active_status',	'is_chart|is_export|active_status',	'name|short_code',	'',	'',	'',	'',	'',	'add|admin|delete|edit',	'',	'admin',	1,	0,	NULL,	'2017-05-01 15:23:00',	NULL,	'2017-05-01 15:23:00'),
(38,	'core_payment_type',	'core_payment_type',	'id',	'short_code',	'name',	'name|short_code',	'name|short_code',	'name|short_code',	'',	'',	'',	'',	'',	'short_code',	'is_reference',	'',	'',	'',	'',	'',	'',	'',	'name|short_code|is_reference',	'',	'',	'',	'',	'',	'add|admin|delete|edit',	'',	'admin',	1,	0,	NULL,	'2017-05-01 15:23:07',	NULL,	'2017-05-01 15:23:07'),
(66,	'core_profile',	'core_profile',	'id',	'short_code',	'name',	'name|short_code|core_profile_level_id',	'name|short_code|core_profile_level_id',	'name|short_code',	'',	'',	'',	'',	'',	'short_code|core_profile_level_id',	'api',	'',	'',	'',	'',	'',	'',	'',	'name|short_code|core_profile_level_id',	'',	'',	'',	'',	'',	'add|admin|delete|edit|view',	'',	'admin',	1,	0,	NULL,	'2017-05-01 15:23:20',	NULL,	'2017-05-01 15:23:20'),
(67,	'core_profile_level',	'core_profile_level',	'id',	'sortvalue',	'sortvalue',	'sortvalue',	'sortvalue',	'sortvalue',	'',	'',	'',	'',	'',	'',	'',	'',	'',	'',	'',	'',	'',	'sortvalue',	'sortvalue',	'',	'',	'',	'',	'',	'add|admin|delete|edit',	'',	'admin',	1,	0,	NULL,	'2017-05-01 15:23:21',	NULL,	'2017-05-01 15:23:21'),
(9,	'core_queryclause',	'core_queryclause',	'id',	'short_code',	'name',	'name|short_code',	'name|short_code',	'name|short_code',	'',	'',	'',	'',	'',	'short_code',	'',	'',	'',	'',	'',	'',	'',	'',	'name|short_code',	'',	'',	'',	'',	'',	'add|admin|delete|edit',	'',	'admin',	1,	0,	NULL,	'2017-05-01 15:22:59',	NULL,	'2017-05-01 15:22:59'),
(1,	'core_registernode',	'core_registernode',	'id',	'nodename',	'displayvalue',	'nodefile|nodename|displayvalue|sort_value',	'nodefile|nodename|displayvalue|sort_value',	'nodefile|nodename',	'',	'',	'',	'nodefile',	'',	'nodename|core_module_id',	'is_module|menu|is_notification',	'',	'',	'',	'core_root_module_id|core_module_id|core_module_display_id',	'',	'core_root_module_id|sort_value|icon|menu|is_notification',	'is_module|sort_value|menu|is_notification',	'nodename|displayvalue|is_module|core_root_module_id|core_module_id|is_notification',	'',	'',	'',	'',	'',	'add|admin|delete|edit|export|import|mra|view',	'',	'admin',	1,	0,	NULL,	'2017-05-01 15:22:52',	NULL,	'2017-05-01 15:22:52'),
(17,	'core_relation_type',	'core_relation_type',	'id',	'short_code',	'name',	'name|short_code',	'name|short_code',	'name|short_code',	'',	'',	'',	'',	'',	'',	'',	'',	'',	'',	'',	'',	'',	'',	'',	'',	'',	'',	'',	'',	'add|admin|delete|edit',	'',	'admin',	1,	0,	NULL,	'2017-05-01 15:23:01',	NULL,	'2017-05-01 15:23:01'),
(46,	'core_reportsdetails',	'core_reportsdetails',	'id',	'id',	'id',	'reportsdetails_id|output_type_id',	'reportsdetails_id|output_type_id',	'',	'',	'',	'',	'qry',	'',	'reportsdetails_id',	'',	'',	'',	'',	'',	'',	'',	'reportsdetails_id',	'output_type_id',	'',	'',	'output_type_id',	'',	'',	'add|admin|delete|edit',	'',	'admin',	1,	0,	NULL,	'2017-05-01 15:23:10',	NULL,	'2017-05-01 15:23:11'),
(43,	'core_reportsdetails_settings',	'core_reportsdetails_settings',	'id',	'id',	'core_reportsdetails_id',	'core_reportsdetails_id|node_id|core_queryclause_id',	'core_reportsdetails_id|node_id|core_queryclause_id',	'',	'',	'',	'',	'',	'',	'',	'',	'logo',	'',	'',	'fieldsdata',	'fieldsdata',	'sortno',	'sortno',	'',	'',	'',	'',	'',	'',	'add|admin|delete|edit|view',	'',	'admin',	1,	0,	NULL,	'2017-05-01 15:23:09',	NULL,	'2017-05-01 15:23:09'),
(45,	'core_reportsengine',	'core_reportsdetails',	'id',	'id',	'id',	'',	'',	'',	'',	'',	'',	'',	'',	'',	'',	'',	'',	'',	'',	'',	'',	'',	'',	'',	'',	'',	'',	'',	'admin',	'',	'admin',	1,	0,	NULL,	'2017-05-01 15:23:10',	NULL,	'2017-05-01 15:23:10'),
(28,	'core_report_template',	'core_report_template',	'id',	'short_code',	'name',	'name|short_code|template',	'name|short_code|template',	'name|short_code',	'is_progressreport',	'is_progressreport',	'is_progressreport',	'is_progressreport|template',	'',	'short_code',	'is_progressreport',	'',	'',	'',	'',	'',	'',	'is_progressreport',	'name|short_code',	'',	'',	'',	'',	'',	'add|admin|delete|edit',	'',	'admin',	1,	0,	NULL,	'2017-05-01 15:23:05',	NULL,	'2017-05-01 15:23:05'),
(7,	'core_root_attributes',	'core_root_attributes',	'id',	'short_code',	'name',	'name|short_code',	'name|short_code',	'name|short_code',	'',	'',	'',	'',	'',	'',	'',	'',	'',	'',	'',	'',	'',	'',	'name|short_code',	'',	'',	'',	'',	'',	'add|admin|delete|edit',	'',	'admin',	1,	0,	NULL,	'2017-05-01 15:22:57',	NULL,	'2017-05-01 15:22:57'),
(29,	'core_settings_sequence',	'core_settings_sequence',	'id',	'id',	'id',	'identity|current_sequence',	'identity|current_sequence',	'identity',	'',	'',	'',	'',	'',	'',	'',	'',	'',	'',	'',	'',	'',	'sequence_from|left_padding|current_sequence',	'prefix',	'',	'',	'',	'',	'',	'add|admin|delete|edit',	'',	'admin',	1,	0,	NULL,	'2017-05-01 15:23:05',	NULL,	'2017-05-01 15:23:05'),
(44,	'core_sms_log',	'core_sms_log',	'id',	'id',	'senderid',	'',	'',	'',	'',	'',	'smstrackerid',	'smstrackerid',	'',	'',	'',	'logo',	'',	'',	'',	'',	'',	'',	'mobile_no|senderid|date',	'',	'',	'',	'',	'',	'admin',	'',	'admin',	1,	0,	NULL,	'2017-05-01 15:23:10',	NULL,	'2017-05-01 15:23:10'),
(35,	'core_sms_notifications',	'core_sms_notifications',	'id',	'id',	'registernode_id.displayvalue',	'registernode_id|node_actions_id|template|colname|active',	'registernode_id|node_actions_id|template|colname',	'',	'',	'',	'',	'',	'',	'',	'active',	'',	'',	'',	'',	'',	'',	'active',	'registernode_id|node_actions_id|active',	'',	'',	'',	'',	'',	'add|admin|delete|edit',	'',	'admin',	1,	0,	NULL,	'2017-05-01 15:23:07',	NULL,	'2017-05-01 15:23:07'),
(34,	'core_sms_settings',	'core_sms_settings',	'id',	'id',	'id',	'gateway|username|password|senderid|active_status',	'gateway|username|password|senderid',	'',	'',	'',	'',	'',	'',	'',	'active_status',	'',	'',	'',	'',	'',	'',	'active_status',	'username|senderid',	'',	'',	'',	'',	'',	'add|admin|delete|edit',	'',	'admin',	1,	0,	NULL,	'2017-05-01 15:23:06',	NULL,	'2017-05-01 15:23:06'),
(36,	'core_sms_verify',	'core_sms_verify',	'id',	'id',	'id',	'',	'',	'',	'',	'',	'',	'',	'',	'',	'',	'',	'',	'',	'',	'',	'',	'',	'',	'',	'',	'',	'',	'',	'add|admin|delete|edit',	'',	'admin',	1,	0,	NULL,	'2017-05-01 15:23:07',	NULL,	'2017-05-01 15:23:07'),
(30,	'core_socialnetworkingsites',	'core_socialnetworkingsites',	'id',	'short_code',	'name',	'name|short_code',	'name|short_code',	'name|short_code',	'',	'',	'',	'',	'',	'',	'',	'',	'',	'',	'',	'',	'',	'',	'name|short_code',	'',	'',	'',	'',	'',	'add|admin|delete|edit',	'',	'admin',	1,	0,	NULL,	'2017-05-01 15:23:05',	NULL,	'2017-05-01 15:23:05'),
(8,	'core_uniquefieldset',	'core_uniquefieldset',	'id',	'id',	'id',	'core_node_settings_id|uniquefieldset',	'core_node_settings_id|uniquefieldset',	'',	'',	'',	'',	'',	'',	'',	'',	'',	'',	'',	'',	'',	'',	'',	'uniquefieldset',	'',	'',	'',	'',	'',	'add|admin|delete|edit',	'',	'admin',	1,	0,	NULL,	'2017-05-01 15:22:59',	NULL,	'2017-05-01 15:22:59'),
(54,	'core_url_rewrite',	'core_url_rewrite',	'id',	'id',	'request_path',	'request_path',	'request_path',	'request_path',	'',	'',	'',	'',	'',	'',	'',	'',	'',	'',	'',	'',	'',	'',	'',	'',	'',	'',	'',	'',	'add|admin|delete|edit',	'',	'admin',	1,	0,	NULL,	'2017-05-01 15:23:12',	NULL,	'2017-05-01 15:23:12'),
(49,	'core_usedashboard',	'core_reportsdetails',	'id',	'id',	'name',	'',	'',	'',	'',	'',	'',	'qry',	'',	'',	'',	'',	'',	'',	'',	'',	'',	'is_publish',	'name',	'',	'',	'',	'',	'',	'admin',	'',	'admin',	1,	0,	NULL,	'2017-05-01 15:23:11',	NULL,	'2017-05-01 15:23:11'),
(68,	'core_users',	'core_users',	'id',	'id',	'name',	'name|username|password|core_profile_id',	'name|username|password|core_profile_id',	'username',	'',	'',	'',	'',	'',	'',	'active_status',	'user_image',	'',	'',	'',	'',	'',	'active_status',	'name|username|active_status',	'',	'',	'',	'',	'',	'add|admin|delete|edit|export|view',	'',	'admin',	1,	0,	NULL,	'2017-05-01 15:23:21',	NULL,	'2017-05-01 15:23:21'),
(61,	'core_week_details',	'core_week_details',	'id',	'short_code',	'name',	'',	'',	'',	'',	'',	'',	'',	'',	'',	'active_status',	'',	'',	'',	'',	'',	'',	'',	'',	'',	'',	'',	'',	'',	'add|admin|delete|edit|view',	'',	'admin',	1,	0,	NULL,	'2017-05-01 15:23:14',	NULL,	'2017-05-01 15:23:14'),
(55,	'core_whatsapp_settings',	'core_whatsapp_settings',	'id',	'id',	'id',	'username|password|identity|active_status',	'username|password|identity',	'',	'',	'',	'',	'',	'',	'',	'active_status',	'',	'',	'',	'',	'',	'',	'active_status',	'username|identity',	'',	'',	'',	'',	'',	'add|admin|delete|edit',	'',	'admin',	1,	0,	NULL,	'2017-05-01 15:23:13',	NULL,	'2017-05-01 15:23:13'),
(89,	'cur_academic_subject',	'cur_academic_subject',	'id',	'id',	'name ',	'cur_subject_type_id|name|code',	'cur_subject_type_id|name|code',	'',	'',	'',	'',	'',	'',	'',	'is_elective|is_optional|is_examination|active_status',	'',	'',	'',	'',	'',	'',	'',	'cur_subject_type_id|name|code|active_status',	'',	'',	'',	'',	'',	'add|admin|delete|edit|view',	'',	'admin',	1,	0,	NULL,	'2017-05-01 15:23:43',	NULL,	'2017-05-01 15:23:43'),
(90,	'cur_branch_class',	'cur_branch_class',	'id',	'id',	'cur_list_class_id',	'cur_list_academicyear_id|list_branch_id|cur_branch_orientation_id|cur_list_class_id|active_status',	'cur_list_academicyear_id|list_branch_id|cur_branch_orientation_id|cur_list_class_id',	'',	'',	'',	'',	'',	'',	'cur_list_academicyear_id|list_branch_id|cur_branch_orientation_id|cur_list_class_id',	'active_status',	'',	'',	'',	'',	'',	'',	'',	'cur_list_academicyear_id|list_branch_id|cur_branch_orientation_id|cur_list_class_id|active_status',	'',	'',	'',	'',	'',	'add|admin|delete|edit|view',	'',	'admin',	1,	0,	NULL,	'2017-05-01 15:23:44',	NULL,	'2017-05-01 15:23:44'),
(91,	'cur_branch_class_section',	'cur_branch_class_section',	'id',	'id',	'name',	'cur_branch_class_id|name|active_status',	'cur_branch_class_id|name|active_status',	'',	'',	'',	'',	'',	'',	'',	'active_status',	'',	'',	'',	'cur_branch_class_id',	'',	'',	'',	'',	'',	'',	'',	'',	'',	'add|admin|delete|edit|view',	'',	'admin',	1,	0,	NULL,	'2017-05-01 15:23:44',	NULL,	'2017-05-01 15:23:44'),
(92,	'cur_branch_orientation',	'cur_branch_orientation',	'id',	'id',	'cur_list_orientation_id',	'list_branch_id|cur_list_orientation_id|active_status',	'list_branch_id|cur_list_orientation_id',	'',	'',	'',	'',	'',	'',	'list_branch_id|cur_list_orientation_id',	'active_status',	'',	'',	'',	'list_branch_id|cur_list_orientation_id',	'',	'',	'',	'',	'',	'',	'',	'',	'',	'add|admin|delete|edit|view',	'',	'admin',	1,	0,	NULL,	'2017-05-01 15:23:45',	NULL,	'2017-05-01 15:23:45'),
(93,	'cur_class_subject',	'cur_class_subject',	'id',	'id',	'cur_academic_subject_id',	'cur_list_class_id|cur_subject_type_id|cur_academic_subject_id|active_status',	'cur_list_class_id|cur_subject_type_id|cur_academic_subject_id',	'',	'',	'',	'',	'',	'',	'cur_list_class_id|cur_subject_type_id|cur_academic_subject_id',	'active_status',	'',	'',	'',	'',	'',	'',	'',	'',	'',	'',	'',	'',	'',	'add|admin|delete|edit|view',	'',	'admin',	1,	0,	NULL,	'2017-05-01 15:23:45',	NULL,	'2017-05-01 15:23:45'),
(94,	'cur_list_academicyear',	'cur_list_academicyear',	'id',	'short_code',	'academicyear',	'start_date|end_date|short_code|academicyear|is_current|sort_value|active_status',	'start_date|end_date|short_code|academicyear|sort_value',	'short_code',	'',	'',	'',	'start_date|end_date',	'',	'',	'is_current|active_status',	'',	'',	'',	'',	'',	'',	'',	'short_code|academicyear|is_current|active_status',	'',	'',	'',	'',	'',	'add|admin|delete|edit|view',	'',	'admin',	1,	0,	NULL,	'2017-05-01 15:23:46',	NULL,	'2017-05-01 15:23:46'),
(95,	'cur_list_attendancefrequency',	'cur_list_attendancefrequency',	'id',	'id',	'name',	'name',	'name',	'name',	'',	'',	'',	'',	'',	'',	'',	'',	'',	'',	'',	'',	'',	'',	'name',	'',	'',	'',	'',	'',	'add|admin|delete',	'',	'admin',	1,	0,	NULL,	'2017-05-01 15:23:47',	NULL,	'2017-05-01 15:23:47'),
(96,	'cur_list_class',	'cur_list_class',	'id',	'id',	'name',	'name|code|sort_no|active_status',	'name|code|sort_no',	'',	'',	'',	'',	'',	'',	'cur_list_orientation_id',	'active_status',	'',	'',	'',	'',	'',	'',	'sort_no',	'name|code|sort_no|active_status',	'',	'',	'',	'',	'',	'add|admin|delete|edit|view',	'',	'admin',	1,	0,	NULL,	'2017-05-01 15:23:47',	NULL,	'2017-05-01 15:23:47'),
(97,	'cur_list_orientation',	'cur_list_orientation',	'id',	'id',	'name',	'cur_orientation_level_id|name|code|active_status',	'cur_orientation_level_id|name|code',	'name|code',	'',	'',	'',	'',	'',	'',	'active_status',	'',	'',	'',	'',	'',	'',	'',	'cur_orientation_level_id|name|code|active_status',	'',	'',	'',	'',	'',	'add|admin|delete|edit|view',	'',	'admin',	1,	0,	NULL,	'2017-05-01 15:23:47',	NULL,	'2017-05-01 15:23:47'),
(98,	'cur_orientation_level',	'cur_orientation_level',	'id',	'short_code',	'name',	'name|short_code|active_status',	'name|short_code',	'name|short_code',	'',	'',	'',	'',	'',	'',	'active_status',	'',	'',	'',	'',	'',	'',	'',	'name|short_code',	'',	'',	'',	'',	'',	'add|admin|delete|edit|view',	'',	'admin',	1,	0,	NULL,	'2017-05-01 15:23:47',	NULL,	'2017-05-01 15:23:47'),
(99,	'cur_subject_type',	'cur_subject_type',	'id',	'short_code',	'name',	'name|short_code|active_status',	'name|short_code',	'name|short_code',	'',	'',	'',	'',	'',	'',	'active_status',	'',	'',	'',	'',	'',	'',	'',	'',	'',	'',	'',	'',	'',	'add|admin|delete|edit|view',	'',	'admin',	1,	0,	NULL,	'2017-05-01 15:23:47',	NULL,	'2017-05-01 15:23:47'),
(100,	'fee_concession_type',	'fee_concession_type',	'id',	'id',	'name',	'code|name|description',	'code|name|description',	'code|name',	'',	'',	'',	'',	'',	'',	'',	'',	'',	'',	'',	'',	'',	'',	'',	'',	'',	'code|name',	'',	'',	'add|admin|delete|edit|view',	'',	'admin',	1,	0,	NULL,	'2017-05-01 15:23:50',	NULL,	'2017-05-01 15:23:50'),
(101,	'fee_list_feegroup',	'fee_list_feegroup',	'id',	'short_code',	'name',	'name|short_code|active_status',	'name|short_code',	'name|short_code',	'',	'',	'',	'',	'',	'short_code',	'active_status',	'',	'',	'',	'',	'',	'',	'',	'name|short_code|active_status',	'',	'',	'',	'',	'',	'add|admin|delete|edit|view',	'',	'admin',	1,	0,	NULL,	'2017-05-01 15:23:50',	NULL,	'2017-05-01 15:23:50'),
(102,	'fee_list_feeplan',	'fee_list_feeplan',	'id',	'id',	'name',	'cur_list_academicyear_id|student_quota_id|list_branch_id|cur_branch_orientation_id|cur_branch_class_id|fee_list_feegroup_id|name',	'cur_list_academicyear_id|student_quota_id|list_branch_id|cur_branch_orientation_id|cur_branch_class_id|fee_list_feegroup_id|name',	'name',	'',	'',	'',	'',	'',	'cur_list_academicyear_id|student_quota_id|list_branch_id|cur_branch_orientation_id|cur_branch_class_id|fee_list_feegroup_id',	'',	'',	'',	'',	'',	'',	'',	'',	'cur_list_academicyear_id|student_quota_id|list_branch_id|cur_branch_orientation_id|cur_branch_class_id|fee_list_feegroup_id',	'',	'',	'',	'',	'',	'add|admin|delete|edit|view',	'',	'admin',	1,	0,	NULL,	'2017-05-01 15:23:50',	NULL,	'2017-05-01 15:23:50'),
(103,	'fee_list_feeplan_details',	'fee_list_feeplan_details',	'id',	'id',	'fee_list_feetype_id',	'fee_list_feeplan_id|fee_list_feetype_id|fee_list_frequency_id|amount|serial_no|active_status',	'fee_list_feeplan_id|fee_list_feetype_id|fee_list_frequency_id|amount|serial_no',	'',	'',	'',	'',	'max_concession|max_refund|tax_master_id',	'',	'fee_list_feeplan_id|fee_list_feetype_id|fee_list_frequency_id|active_status',	'concession_allowed|refund_allowed|tax_allowed|active_status',	'',	'',	'tax_master_id',	'fee_list_feeplan_id|fee_list_feetype_id|fee_list_frequency_id',	'tax_master_id',	'',	'amount|max_concession|tax_allowed|serial_no',	'fee_list_feetype_id|fee_list_frequency_id|concession_allowed|serial_no',	'',	'',	'',	'',	'',	'add|admin|delete|edit|view',	'',	'admin',	1,	0,	NULL,	'2017-05-01 15:23:51',	NULL,	'2017-05-01 15:23:51'),
(104,	'fee_list_feetype',	'fee_list_feetype',	'id',	'short_code',	'name',	'name|short_code|fee_list_feegroup_id|active_status',	'name|short_code|fee_list_feegroup_id|active_status',	'name|short_code',	'',	'',	'',	'',	'',	'short_code|fee_list_feegroup_id',	'active_status',	'',	'',	'',	'fee_list_feegroup_id',	'',	'',	'',	'name|short_code|fee_list_feegroup_id|active_status',	'',	'',	'',	'',	'',	'add|admin|delete|edit|view',	'',	'admin',	1,	0,	NULL,	'2017-05-01 15:23:52',	NULL,	'2017-05-01 15:23:52'),
(105,	'fee_list_frequency',	'fee_list_frequency',	'id',	'short_code',	'name',	'name|short_code|active_status',	'name|short_code|active_status',	'',	'',	'',	'',	'',	'',	'short_code',	'active_status',	'',	'',	'',	'',	'',	'',	'',	'',	'',	'',	'',	'',	'',	'add|admin|delete|edit|view',	'',	'admin',	1,	0,	NULL,	'2017-05-01 15:23:52',	NULL,	'2017-05-01 15:23:52'),
(106,	'fee_list_transactiontype',	'fee_list_transactiontype',	'id',	'short_code',	'name',	'name|short_code',	'name|short_code',	'name|short_code',	'',	'',	'',	'',	'',	'short_code',	'',	'',	'',	'',	'',	'',	'',	'',	'name|short_code',	'',	'',	'',	'',	'',	'add|admin|delete|edit|view',	'',	'admin',	1,	0,	NULL,	'2017-05-01 15:23:54',	NULL,	'2017-05-01 15:23:54'),
(108,	'financeconcession',	'transaction_logs',	'id',	'id',	'transactionno',	'',	'',	'',	'',	'',	'',	'',	'',	'',	'',	'',	'',	'',	'',	'',	'',	'',	'',	'',	'',	'',	'',	'',	'admin',	'',	'admin',	1,	0,	NULL,	'2017-05-01 15:23:55',	NULL,	'2017-05-01 15:23:55'),
(107,	'financefeereceipt',	'transaction_logs',	'id',	'id',	'transactionno',	'',	'',	'',	'',	'',	'',	'',	'',	'',	'',	'',	'',	'',	'',	'',	'',	'',	'',	'',	'',	'',	'',	'',	'admin',	'',	'admin',	1,	0,	NULL,	'2017-05-01 15:23:55',	NULL,	'2017-05-01 15:23:55'),
(112,	'lib_book_assignment',	'lib_book_assignment',	'id',	'id',	'lib_book_deatils_id',	'',	'',	'',	'',	'',	'',	'',	'',	'',	'',	'',	'',	'',	'',	'',	'',	'',	'',	'',	'',	'',	'',	'',	'add|admin|delete|edit',	'',	'admin',	1,	0,	NULL,	'2017-05-01 15:24:02',	NULL,	'2017-05-01 15:24:02'),
(113,	'lib_book_deatils',	'lib_book_deatils',	'id',	'id',	'name',	'name|code',	'name',	'code',	'',	'',	'',	'',	'',	'',	'',	'image',	'',	'',	'',	'',	'',	'',	'name|code',	'',	'',	'',	'',	'',	'add|admin|delete|edit',	'',	'admin',	1,	0,	NULL,	'2017-05-01 15:24:03',	NULL,	'2017-05-04 12:16:02'),
(114,	'lib_book_requires',	'lib_book_requires',	'id',	'id',	'id',	'',	'',	'',	'',	'',	'',	'',	'',	'',	'',	'',	'',	'',	'',	'',	'',	'',	'',	'',	'',	'',	'',	'',	'add|admin|delete|edit',	'',	'admin',	1,	0,	NULL,	'2017-05-01 15:24:03',	NULL,	'2017-05-01 15:24:03'),
(119,	'lib_issued_for',	'lib_issued_for',	'id',	'id',	'name',	'name',	'name',	'',	'',	'',	'',	'',	'',	'',	'',	'',	'',	'',	'',	'',	'',	'',	'name|short_code',	'',	'',	'',	'',	'',	'add|admin|delete|edit',	'',	'admin',	1,	0,	NULL,	'2017-05-01 15:24:05',	NULL,	'2017-05-01 15:24:05'),
(116,	'lib_library_assignment',	'lib_library_assignment',	'id',	'id',	'lib_book_deatils_id',	'',	'',	'',	'',	'',	'',	'',	'',	'',	'',	'',	'',	'',	'',	'',	'',	'',	'',	'',	'',	'',	'',	'',	'add|admin|delete|edit',	'',	'admin',	1,	0,	NULL,	'2017-05-01 15:24:04',	NULL,	'2017-05-01 15:24:04'),
(115,	'lib_library_deatils',	'lib_library_deatils',	'id',	'id',	'name',	'name',	'name',	'',	'',	'',	'',	'',	'',	'',	'',	'',	'',	'',	'',	'',	'',	'',	'name',	'',	'',	'',	'',	'',	'add|admin|delete|edit',	'',	'admin',	1,	0,	NULL,	'2017-05-01 15:24:04',	NULL,	'2017-05-01 15:24:04'),
(117,	'lib_publisher',	'lib_publisher',	'id',	'id',	'name',	'name',	'name',	'',	'',	'',	'',	'',	'',	'',	'',	'',	'',	'',	'',	'',	'',	'',	'name',	'',	'',	'',	'',	'',	'add|admin|delete|edit',	'',	'admin',	1,	0,	NULL,	'2017-05-01 15:24:04',	NULL,	'2017-05-01 15:24:04'),
(118,	'lib_status',	'lib_status',	'id',	'id',	'status',	'',	'',	'',	'',	'',	'',	'',	'',	'',	'',	'',	'',	'',	'',	'',	'',	'',	'',	'',	'',	'',	'',	'',	'add|admin|delete|edit',	'',	'admin',	1,	0,	NULL,	'2017-05-01 15:24:04',	NULL,	'2017-05-01 15:24:04'),
(84,	'list_branch',	'list_branch',	'id',	'id',	'name',	'core_organization_id|name|short_name|email|phone_no|core_list_location_id|core_country_id|core_list_state_id|core_list_city_id|address2|active_status',	'core_organization_id|name|short_name|email|phone_no|core_list_location_id|core_country_id|core_list_state_id|core_list_city_id',	'',	'',	'',	'',	'email|phone_no|logo|core_country_id|core_list_state_id|core_list_city_id|address2|zipcode|locationiframe|active_status',	'',	'core_organization_id',	'active_status',	'logo',	'',	'',	'',	'',	'',	'',	'',	'',	'',	'',	'',	'',	'add|admin|delete|edit|view',	'',	'admin',	1,	0,	NULL,	'2017-05-01 15:23:36',	NULL,	'2017-05-03 11:33:07'),
(148,	'lm_leave_request',	'lm_leave_request',	'id',	'id',	'id',	'',	'',	'',	'',	'',	'',	'',	'',	'',	'',	'',	'',	'',	'',	'',	'',	'',	'name',	'',	'',	'',	'',	'',	'add|admin|delete|edit|view',	'',	'admin',	1,	0,	NULL,	'2017-05-08 16:17:47',	NULL,	'2017-05-08 16:17:47'),
(147,	'lm_leave_status',	'lm_leave_status',	'id',	'short_code',	'name',	'name|short_code',	'name|short_code',	'name|short_code',	'',	'',	'',	'',	'',	'',	'',	'',	'',	'',	'',	'',	'',	'',	'name|short_code',	'',	'',	'',	'',	'',	'add|admin|delete|edit|view',	'',	'admin',	1,	0,	NULL,	'2017-05-08 16:17:47',	NULL,	'2017-05-08 16:17:47'),
(123,	'staff_department',	'staff_department',	'id',	'code',	'name',	'name|code',	'name|code',	'',	'',	'',	'',	'',	'',	'',	'',	'',	'',	'',	'',	'',	'',	'',	'name|code',	'',	'',	'',	'',	'',	'add|admin|delete|edit',	'',	'admin',	1,	0,	NULL,	'2017-05-01 15:24:10',	NULL,	'2017-05-01 15:24:10'),
(122,	'staff_designation',	'staff_designation',	'id',	'code',	'name',	'name|code',	'name|code',	'',	'',	'',	'',	'',	'',	'',	'',	'',	'',	'',	'',	'',	'',	'',	'name|code',	'',	'',	'',	'',	'',	'add|admin|delete|edit',	'',	'admin',	1,	0,	NULL,	'2017-05-01 15:24:10',	NULL,	'2017-05-01 15:24:10'),
(121,	'staff_division',	'staff_division',	'id',	'code',	'name',	'name|code',	'name|code',	'',	'',	'',	'',	'',	'',	'',	'',	'',	'',	'',	'',	'',	'',	'',	'name|code',	'',	'',	'',	'',	'',	'add|admin|delete|edit',	'',	'admin',	1,	0,	NULL,	'2017-05-01 15:24:09',	NULL,	'2017-05-01 15:24:09'),
(130,	'staff_shift',	'staff_shift',	'id',	'id',	'name',	'name|code',	'name|code',	'',	'',	'',	'',	'',	'',	'',	'',	'',	'',	'',	'',	'',	'',	'',	'name|code',	'',	'',	'',	'',	'',	'add|admin|delete|edit',	'',	'admin',	1,	0,	NULL,	'2017-05-01 15:24:13',	NULL,	'2017-05-01 15:24:13'),
(124,	'staff_staff_attendance',	'staff_staff_attendance',	'id',	'id',	'id',	'core_organization_id|list_branch_id',	'core_organization_id|list_branch_id',	'',	'',	'',	'',	'',	'',	'',	'',	'',	'',	'',	'',	'',	'',	'',	'core_organization_id|list_branch_id',	'',	'',	'',	'',	'',	'add|admin|delete|edit',	'',	'admin',	1,	0,	NULL,	'2017-05-01 15:24:10',	NULL,	'2017-05-01 15:24:10'),
(125,	'staff_staff_attendance_details',	'staff_staff_attendance_details',	'id',	'id',	'staff_code',	'staff_code|status',	'staff_code|status',	'',	'',	'',	'',	'',	'',	'',	'',	'',	'',	'',	'',	'',	'',	'',	'name|code',	'',	'',	'',	'',	'',	'add|admin|delete|edit',	'',	'admin',	1,	0,	NULL,	'2017-05-01 15:24:11',	NULL,	'2017-05-01 15:24:11'),
(126,	'staff_staff_deatils',	'staff_staff_deatils',	'id',	'id',	'staff_code',	'staff_code',	'staff_code',	'',	'staff_id',	'',	'',	'',	'',	'staff_id',	'',	'image',	'',	'',	'',	'',	'',	'',	'staff_id|staff_code',	'',	'',	'',	'',	'',	'add|admin|delete|edit',	'',	'admin',	1,	0,	NULL,	'2017-05-01 15:24:11',	NULL,	'2017-05-17 13:02:48'),
(127,	'staff_staff_education',	'staff_staff_education',	'id',	'id',	'id',	'college|university',	'college|university',	'',	'',	'',	'',	'',	'',	'',	'',	'',	'',	'',	'',	'',	'',	'',	'name|short_code',	'',	'',	'',	'',	'',	'add|admin|delete|edit',	'',	'admin',	1,	0,	NULL,	'2017-05-01 15:24:11',	NULL,	'2017-05-01 15:24:11'),
(128,	'staff_staff_history',	'staff_staff_history',	'id',	'staff_id',	'staff_code',	'organization|branch',	'organization|branch',	'',	'',	'',	'',	'',	'',	'',	'',	'',	'',	'',	'',	'',	'',	'',	'staff_code|staff_id',	'',	'',	'',	'',	'',	'add|admin|delete|edit',	'',	'admin',	1,	0,	NULL,	'2017-05-01 15:24:12',	NULL,	'2017-05-01 15:24:12'),
(129,	'staff_staff_info',	'staff_staff_info',	'id',	'staff_id',	'staff_id',	'branch|organization',	'branch|organization',	'',	'',	'',	'',	'',	'',	'',	'',	'',	'',	'',	'',	'',	'',	'',	'branch|organization',	'',	'',	'',	'',	'',	'add|admin|delete|edit',	'',	'admin',	1,	0,	NULL,	'2017-05-01 15:24:12',	NULL,	'2017-05-01 15:24:12'),
(131,	'staff_staff_skills',	'staff_staff_skills',	'id',	'id',	'id',	'',	'',	'',	'',	'',	'',	'',	'',	'',	'',	'',	'',	'',	'',	'',	'',	'',	'staff_id|skills_id',	'',	'',	'',	'',	'',	'add|admin|delete|edit',	'',	'admin',	1,	0,	NULL,	'2017-05-01 15:24:13',	NULL,	'2017-05-01 15:24:13'),
(132,	'staff_staff_subjects',	'staff_staff_subjects',	'id',	'id',	'id',	'academic_year|branch',	'academic_year|branch',	'',	'',	'',	'',	'',	'',	'',	'',	'',	'',	'',	'',	'',	'',	'',	'academic_year|branch',	'',	'',	'',	'',	'',	'add|admin|delete|edit',	'',	'admin',	1,	0,	NULL,	'2017-05-01 15:24:14',	NULL,	'2017-05-01 15:24:14'),
(140,	'studentshift',	'student_admission',	'id',	'id',	'admission_no',	'',	'',	'',	'',	'',	'',	'cur_list_orientation_id|cur_list_class_id|admission_date|first_name|last_name|dob|image|father_name|mother_name|primary_phno|email_id|password|present_address',	'',	'',	'',	'',	'',	'',	'',	'',	'',	'',	'admission_no|cur_list_academicyear_id|list_branch_id|student_quota_id|cur_branch_orientation_id|name',	'',	'',	'',	'',	'',	'admin|SHF',	'',	'admin',	1,	0,	NULL,	'2017-05-01 15:24:23',	NULL,	'2017-05-10 10:42:28'),
(138,	'student_action',	'student_action',	'id',	'short_code',	'name',	'name|short_code|active_status',	'name|short_code',	'name|short_code',	'',	'',	'',	'',	'',	'short_code',	'active_status',	'',	'',	'',	'',	'',	'',	'',	'name|short_code|active_status',	'',	'',	'',	'',	'',	'add|admin|delete|edit',	'',	'admin',	1,	0,	NULL,	'2017-05-01 15:24:21',	NULL,	'2017-05-01 15:24:21'),
(137,	'student_admission',	'student_admission',	'id',	'id',	'admission_no',	'cur_list_academicyear_id|list_branch_id|student_quota_id|cur_branch_orientation_id|cur_branch_class_id|cur_branch_class_section_id|student_status_id|first_name|last_name|core_country_id|core_list_state_id|core_list_city_id',	'cur_list_academicyear_id|list_branch_id|cur_branch_orientation_id|cur_branch_class_id|cur_branch_class_section_id|student_status_id|admission_date|first_name|last_name|image|father_name|email_id|core_country_id|core_list_state_id|core_list_city_id|present_address',	'admission_no',	'admission_no|cur_list_orientation_id|cur_list_class_id|name',	'cur_list_orientation_id|cur_list_class_id|name',	'cur_list_orientation_id|cur_list_class_id|name|password',	'cur_list_orientation_id|cur_list_class_id|name|dob|image|father_name|mother_name|primary_phno|email_id|password|present_address',	'',	'admission_no|cur_list_academicyear_id|list_branch_id|student_quota_id|cur_branch_orientation_id|cur_branch_class_id|cur_branch_class_section_id|student_status_id|admission_date',	'',	'image',	'',	'',	'cur_list_academicyear_id|list_branch_id|cur_list_orientation_id|cur_branch_orientation_id|cur_list_class_id|cur_branch_class_id|cur_branch_class_section_id|student_status_id',	'',	'',	'',	'admission_no|roll_no|cur_list_academicyear_id|list_branch_id|first_name|last_name',	'',	'',	'',	'',	'',	'add|admin|delete|edit|view',	'',	'admin',	1,	0,	NULL,	'2017-05-01 15:24:20',	NULL,	'2017-05-01 16:49:41'),
(139,	'student_feeplan_details',	'student_feeplan_details',	'id',	'id',	'adminssion_no',	'',	'',	'',	'',	'',	'adminssion_no',	'adminssion_no',	'',	'',	'active_status|archive',	'',	'',	'',	'student_admission_id|fee_list_feegroup_id|student_quota_id|cur_list_academicyear_id|list_branch_id|cur_branch_orientation_id|cur_branch_class_id|fee_list_feeplan_id|fee_list_feetype_id|fee_list_frequency_id',	'',	'',	'',	'fee_list_feegroup_id|fee_list_feetype_id|fee_list_frequency_id',	'',	'',	'',	'',	'',	'admin',	'',	'admin',	1,	0,	NULL,	'2017-05-01 15:24:22',	NULL,	'2017-05-01 15:24:22'),
(136,	'student_history',	'student_history',	'id',	'id',	'admission_no',	'',	'',	'',	'',	'',	'',	'cur_list_class_id',	'',	'',	'',	'',	'',	'',	'',	'',	'',	'',	'fee_list_feegroup_id|cur_list_academicyear_id',	'',	'',	'',	'',	'',	'admin|view',	'',	'admin',	1,	0,	NULL,	'2017-05-01 15:24:19',	NULL,	'2017-05-01 15:24:19'),
(135,	'student_log',	'student_log',	'id',	'id',	'admission_no',	'',	'',	'',	'',	'',	'',	'',	'',	'',	'',	'',	'',	'',	'',	'',	'',	'',	'',	'',	'',	'',	'',	'',	'admin',	'',	'admin',	1,	0,	NULL,	'2017-05-01 15:24:18',	NULL,	'2017-05-01 15:24:18'),
(134,	'student_quota',	'student_quota',	'id',	'short_code',	'name',	'name|short_code|active_status',	'name|short_code|active_status',	'name|short_code',	'',	'',	'',	'',	'',	'short_code',	'active_status',	'',	'',	'',	'',	'',	'',	'',	'name|short_code|active_status',	'',	'',	'',	'',	'',	'add|admin|delete|edit',	'',	'admin',	1,	0,	NULL,	'2017-05-01 15:24:18',	NULL,	'2017-05-01 15:24:18'),
(133,	'student_status',	'student_status',	'id',	'short_code',	'name',	'name|short_code|active_status',	'name|short_code',	'name|short_code',	'',	'',	'',	'',	'',	'short_code',	'active_status',	'',	'',	'',	'',	'',	'',	'',	'name|short_code|active_status',	'',	'',	'',	'',	'',	'add|admin|delete|edit',	'',	'admin',	1,	0,	NULL,	'2017-05-01 15:24:18',	NULL,	'2017-05-01 15:24:18'),
(146,	'student_update_info',	'student_update_info',	'id',	'id',	'id',	'',	'',	'',	'',	'',	'',	'',	'',	'',	'',	'image',	'',	'',	'',	'',	'',	'',	'',	'',	'',	'',	'',	'',	'add|admin|delete|edit|view',	'',	'admin',	1,	0,	NULL,	'2017-05-03 15:12:31',	NULL,	'2017-05-03 15:15:57'),
(111,	'transaction_logs',	'transaction_logs',	'id',	'id',	'transactionno',	'',	'',	'',	'',	'',	'student_admission_id',	'reference_no|student_quota_id|cur_branch_orientation_id|cur_branch_class_id|cur_branch_class_section_id|student_admission_id|transaction_reference|fee_concession_type',	'',	'',	'',	'',	'',	'',	'',	'',	'',	'',	'transactionno|feereceiptno|admission_no|name',	'',	'',	'',	'',	'',	'admin|print|view',	'',	'admin',	1,	0,	NULL,	'2017-05-01 15:23:57',	NULL,	'2017-05-01 15:23:57'),
(110,	'transaction_logs_details',	'transaction_logs_details',	'id',	'id',	'fee_list_feetype_id',	'',	'',	'',	'',	'',	'',	'',	'',	'',	'',	'',	'',	'',	'',	'',	'',	'amount',	'fee_list_feetype_id|fee_list_frequency_id',	'',	'',	'',	'',	'',	'admin',	'',	'admin',	1,	0,	NULL,	'2017-05-01 15:23:56',	NULL,	'2017-05-01 15:23:56'),
(109,	'transaction_status',	'transaction_status',	'id',	'short_code',	'name',	'name|short_code',	'name|short_code',	'name|short_code',	'',	'',	'',	'',	'',	'short_code',	'',	'',	'',	'',	'',	'',	'',	'',	'name|short_code',	'',	'',	'',	'',	'',	'add|admin|delete|edit',	'',	'admin',	1,	0,	NULL,	'2017-05-01 15:23:56',	NULL,	'2017-05-01 15:23:56'),
(142,	'tr_route_assign',	'tr_route_assign',	'id',	'id',	'route_name',	'',	'',	'',	'',	'',	'',	'',	'',	'',	'',	'',	'',	'',	'',	'',	'',	'',	'',	'',	'',	'',	'',	'',	'add|admin|delete|edit|view',	'',	'admin',	1,	0,	NULL,	'2017-05-03 11:29:27',	NULL,	'2017-05-05 11:16:32'),
(141,	'tr_route_list',	'tr_route_list',	'id',	'id',	'name',	'name',	'',	'',	'',	'',	'',	'',	'',	'',	'',	'',	'',	'',	'',	'',	'',	'',	'',	'',	'',	'',	'',	'',	'add|admin|delete|edit|view',	'',	'admin',	1,	0,	NULL,	'2017-05-03 11:29:27',	NULL,	'2017-05-03 11:29:27'),
(143,	'tr_student_route_details',	'tr_student_route_details',	'id',	'id',	'id',	'',	'',	'',	'',	'',	'',	'',	'',	'',	'',	'',	'',	'',	'',	'',	'',	'',	'comment_source|description',	'',	'',	'',	'',	'',	'add|admin|delete|edit',	'',	'admin',	1,	0,	NULL,	'2017-05-03 11:29:28',	NULL,	'2017-05-03 11:29:28');

DROP TABLE IF EXISTS `core_orderclausetype`;
CREATE TABLE `core_orderclausetype` (
  `id` int(11) NOT NULL AUTO_INCREMENT COMMENT 'User Id',
  `name` varchar(255) DEFAULT NULL COMMENT 'User Name',
  `short_code` varchar(255) DEFAULT NULL COMMENT 'Short Code',
  `createdby` int(11) DEFAULT NULL COMMENT 'Created Id',
  `createdat` datetime DEFAULT NULL COMMENT 'Created Datetime',
  `updatedby` int(11) DEFAULT NULL COMMENT 'Updated Id',
  `updatedat` datetime DEFAULT NULL COMMENT 'Updated Datetime',
  PRIMARY KEY (`id`),
  UNIQUE KEY `id` (`id`)
) ENGINE=InnoDB DEFAULT CHARSET=utf8 COMMENT='Order Clause Type';


DROP TABLE IF EXISTS `core_organization`;
CREATE TABLE `core_organization` (
  `id` int(11) NOT NULL AUTO_INCREMENT COMMENT 'User Id',
  `name` varchar(255) DEFAULT NULL COMMENT 'User Name',
  `code` varchar(50) DEFAULT NULL COMMENT 'Code',
  `email` varchar(200) DEFAULT NULL COMMENT 'Email',
  `phone_no` bigint(12) DEFAULT NULL COMMENT 'Phone No',
  `alternate_phone_no` varchar(255) DEFAULT NULL COMMENT 'Alternate Phone No',
  `logo` longtext COMMENT 'Logo',
  `core_country_id` varchar(50) DEFAULT NULL COMMENT 'Country Id',
  `core_list_state_id` bigint(11) DEFAULT NULL COMMENT 'List State Id',
  `address1` varchar(255) DEFAULT NULL COMMENT 'Address 1',
  `address2` varchar(255) DEFAULT NULL COMMENT 'Address 2',
  `zipcode` int(8) DEFAULT NULL COMMENT 'Zip Code',
  `description` longtext COMMENT 'Description',
  `locationiframe` text COMMENT 'location Frame',
  `active_status` tinyint(1) DEFAULT NULL COMMENT 'Active Status',
  `createdby` int(11) DEFAULT NULL COMMENT 'Created Id',
  `createdat` datetime DEFAULT NULL COMMENT 'Created Datetime',
  `updatedby` int(11) DEFAULT NULL COMMENT 'Updated Id',
  `updatedat` datetime DEFAULT NULL COMMENT 'Updated Datetime',
  PRIMARY KEY (`id`)
) ENGINE=InnoDB DEFAULT CHARSET=utf8 COMMENT='Core Organization';

INSERT INTO `core_organization` (`id`, `name`, `code`, `email`, `phone_no`, `alternate_phone_no`, `logo`, `core_country_id`, `core_list_state_id`, `address1`, `address2`, `zipcode`, `description`, `locationiframe`, `active_status`, `createdby`, `createdat`, `updatedby`, `updatedat`) VALUES
(1,	'Indu Play School',	'IPS',	'info@induplayschool.com',	9441011978,	'',	'indu.jpg',	'IND',	1,	'H.no.19/431,Road no.6. Madhavapuri hills colony',	'Chandanagar, Hyderabad.',	500050,	'',	'',	1,	NULL,	'2017-05-01 15:31:48',	NULL,	'2017-05-01 15:31:48'),
(2,	'Global Kids International School ',	'GKIS',	'globalkids@gmail.com',	98545854525,	'9550518214',	'globalkids.jpg',	'IND',	1,	'Back of state Home, Near Value mark',	'Yellareddy Guda',	500013,	'',	'',	1,	NULL,	'2017-05-17 10:11:33',	NULL,	'2017-05-17 10:11:33'),
(3,	'Smart Global',	'SG',	'sample@gmail.com',	9030745148,	'',	'logo.png',	'IND',	1,	'3-6-190, srinagar colony',	'',	50029,	'',	'',	1,	NULL,	'2017-05-18 19:00:45',	NULL,	'2017-05-18 19:00:45');

DROP TABLE IF EXISTS `core_organization_history`;
CREATE TABLE `core_organization_history` (
  `id` int(11) NOT NULL AUTO_INCREMENT COMMENT 'User Id',
  `core_organization_id` int(11) DEFAULT NULL COMMENT 'Organization Id',
  `title` varchar(255) DEFAULT NULL COMMENT 'Title',
  `image` text COMMENT 'Image',
  `description` longtext COMMENT 'Description',
  `createdby` int(11) DEFAULT NULL COMMENT 'Created Id',
  `createdat` datetime DEFAULT NULL COMMENT 'Created Datetime',
  `updatedby` int(11) DEFAULT NULL COMMENT 'Updated Id',
  `updatedat` datetime DEFAULT NULL COMMENT 'Updated Datetime',
  PRIMARY KEY (`id`)
) ENGINE=InnoDB DEFAULT CHARSET=utf8 COMMENT='Organization History';


DROP TABLE IF EXISTS `core_organization_socialnetworkingsites`;
CREATE TABLE `core_organization_socialnetworkingsites` (
  `id` int(11) NOT NULL AUTO_INCREMENT COMMENT 'User Id',
  `core_organization_id` int(11) DEFAULT NULL COMMENT 'Organization Id',
  `core_socialnetworkingsites_id` varchar(255) DEFAULT NULL COMMENT 'Social Networkingsites Id',
  `url` text COMMENT 'URLS',
  `sortvalue` int(11) DEFAULT NULL COMMENT 'Description',
  `createdby` int(11) DEFAULT NULL COMMENT 'Created Id',
  `createdat` datetime DEFAULT NULL COMMENT 'Created Datetime',
  `updatedby` int(11) DEFAULT NULL COMMENT 'Updated Id',
  `updatedat` datetime DEFAULT NULL COMMENT 'Updated Datetime',
  PRIMARY KEY (`id`)
) ENGINE=InnoDB DEFAULT CHARSET=utf8 COMMENT='Organization Socialnetworkingsites';


DROP TABLE IF EXISTS `core_output_type`;
CREATE TABLE `core_output_type` (
  `id` int(11) NOT NULL AUTO_INCREMENT COMMENT 'Action Type Id',
  `name` varchar(255) DEFAULT NULL COMMENT 'Name',
  `short_code` varchar(255) NOT NULL COMMENT 'Short Code',
  `is_chart` tinyint(1) DEFAULT NULL COMMENT 'Is Chart',
  `is_export` tinyint(1) DEFAULT NULL COMMENT 'Is Export',
  `active_status` tinyint(1) DEFAULT NULL COMMENT 'Is Active',
  `createdby` int(11) DEFAULT NULL COMMENT 'Created User Id',
  `createdat` datetime DEFAULT NULL COMMENT 'Created Datetime',
  `updatedby` int(11) DEFAULT NULL COMMENT 'Updated User Id',
  `updatedat` datetime DEFAULT NULL COMMENT 'Updated Datetime',
  PRIMARY KEY (`short_code`),
  UNIQUE KEY `id` (`id`)
) ENGINE=InnoDB DEFAULT CHARSET=utf8 COMMENT='Output Type';


DROP TABLE IF EXISTS `core_payment_type`;
CREATE TABLE `core_payment_type` (
  `id` int(11) NOT NULL AUTO_INCREMENT COMMENT 'Payment Type Id',
  `name` varchar(255) DEFAULT NULL COMMENT 'Name',
  `short_code` varchar(255) NOT NULL COMMENT 'Short Code',
  `is_reference` tinyint(1) DEFAULT NULL COMMENT 'Reference',
  `createdby` int(11) DEFAULT NULL COMMENT 'Created Id',
  `createdat` datetime DEFAULT NULL COMMENT 'Created Datetime',
  `updatedby` int(11) DEFAULT NULL COMMENT 'Updated Id',
  `updatedat` datetime DEFAULT NULL COMMENT 'Updated Datetime',
  PRIMARY KEY (`short_code`),
  UNIQUE KEY `id` (`id`)
) ENGINE=InnoDB DEFAULT CHARSET=utf8 COMMENT='Payment Type';

INSERT INTO `core_payment_type` (`id`, `name`, `short_code`, `is_reference`, `createdby`, `createdat`, `updatedby`, `updatedat`) VALUES
(2,	'Card',	'CARD',	0,	NULL,	'2017-05-16 11:15:51',	NULL,	'2017-05-16 11:15:51'),
(3,	'Cash',	'CSH',	0,	NULL,	'2017-05-16 11:59:49',	NULL,	'2017-05-16 11:59:49');

DROP TABLE IF EXISTS `core_profile`;
CREATE TABLE `core_profile` (
  `id` int(11) NOT NULL AUTO_INCREMENT COMMENT 'Profile Id',
  `name` varchar(255) DEFAULT NULL COMMENT 'Name',
  `short_code` varchar(255) NOT NULL COMMENT 'Short Code',
  `core_profile_level_id` varchar(255) DEFAULT NULL COMMENT 'Profile Level',
  `api` tinyint(1) DEFAULT NULL COMMENT 'Is Api',
  `createdby` int(11) DEFAULT NULL COMMENT 'Created User Id',
  `createdat` datetime DEFAULT NULL COMMENT 'Created Datetime',
  `updatedby` int(11) DEFAULT NULL COMMENT 'Updated User Id',
  `updatedat` datetime DEFAULT NULL COMMENT 'Updated Datetime',
  PRIMARY KEY (`short_code`),
  UNIQUE KEY `id` (`id`)
) ENGINE=InnoDB DEFAULT CHARSET=utf8 COMMENT='Profile Details';

INSERT INTO `core_profile` (`id`, `name`, `short_code`, `core_profile_level_id`, `api`, `createdby`, `createdat`, `updatedby`, `updatedat`) VALUES
(1,	'Super Admin',	'SA',	'1',	0,	NULL,	'2017-05-01 18:52:18',	NULL,	'2017-05-01 18:52:18'),
(2,	'schooladmin',	'SHA',	'2',	0,	NULL,	'2017-05-05 09:59:19',	NULL,	'2017-05-05 09:59:19');

DROP TABLE IF EXISTS `core_profile_level`;
CREATE TABLE `core_profile_level` (
  `id` bigint(11) NOT NULL AUTO_INCREMENT COMMENT 'Access Id',
  `sortvalue` int(11) NOT NULL COMMENT 'Sort Value',
  `createdby` int(11) DEFAULT NULL COMMENT 'Created User Id',
  `createdat` datetime DEFAULT NULL COMMENT 'Created Datetime',
  `updatedby` int(11) DEFAULT NULL COMMENT 'Updated User Id',
  `updatedat` datetime DEFAULT NULL COMMENT 'Updated Datetime',
  PRIMARY KEY (`sortvalue`),
  UNIQUE KEY `id` (`id`)
) ENGINE=InnoDB DEFAULT CHARSET=utf8 COMMENT='Profile Level Details';

INSERT INTO `core_profile_level` (`id`, `sortvalue`, `createdby`, `createdat`, `updatedby`, `updatedat`) VALUES
(1,	1,	NULL,	'2017-05-01 18:51:58',	NULL,	'2017-05-01 18:51:58'),
(2,	2,	NULL,	'2017-05-05 09:58:47',	NULL,	'2017-05-05 09:58:47');

DROP TABLE IF EXISTS `core_queryclause`;
CREATE TABLE `core_queryclause` (
  `id` int(11) NOT NULL AUTO_INCREMENT COMMENT 'Query Clause Id',
  `name` varchar(255) DEFAULT NULL COMMENT 'Name',
  `short_code` varchar(255) NOT NULL COMMENT 'Short Code',
  `createdby` int(11) DEFAULT NULL COMMENT 'Created User Id',
  `createdat` datetime DEFAULT NULL COMMENT 'Created Datetime',
  `updatedby` int(11) DEFAULT NULL COMMENT 'Updated User Id',
  `updatedat` datetime DEFAULT NULL COMMENT 'Updated Datetime',
  PRIMARY KEY (`short_code`),
  UNIQUE KEY `id` (`id`)
) ENGINE=InnoDB DEFAULT CHARSET=utf8 COMMENT='Query Clause ';


DROP TABLE IF EXISTS `core_registernode`;
CREATE TABLE `core_registernode` (
  `id` int(11) NOT NULL AUTO_INCREMENT COMMENT 'Id',
  `nodefile` varchar(255) DEFAULT NULL COMMENT 'Node File',
  `nodename` varchar(255) NOT NULL COMMENT 'Node Name',
  `displayvalue` varchar(255) DEFAULT NULL COMMENT 'Display Value',
  `is_module` tinyint(1) DEFAULT NULL COMMENT 'Is Module',
  `core_root_module_id` varchar(255) DEFAULT NULL COMMENT 'Root Module',
  `core_module_id` varchar(255) DEFAULT NULL COMMENT 'Code Module',
  `core_module_display_id` varchar(255) DEFAULT NULL COMMENT 'Module Display ',
  `sort_value` int(11) DEFAULT NULL COMMENT 'Sort Value',
  `icon` varchar(255) DEFAULT NULL COMMENT 'Icon',
  `menu` tinyint(1) DEFAULT NULL COMMENT 'Is Menu',
  `is_notification` tinyint(1) DEFAULT NULL COMMENT 'Is Notification',
  `createdby` int(11) DEFAULT NULL COMMENT 'Created User Id',
  `createdat` datetime DEFAULT NULL COMMENT 'Created Datetime',
  `updatedby` int(11) DEFAULT NULL COMMENT 'Updated User Id',
  `updatedat` datetime DEFAULT NULL COMMENT 'Updated Datetime',
  PRIMARY KEY (`nodename`),
  UNIQUE KEY `id` (`id`)
) ENGINE=InnoDB DEFAULT CHARSET=utf8 COMMENT='Node Details';

INSERT INTO `core_registernode` (`id`, `nodefile`, `nodename`, `displayvalue`, `is_module`, `core_root_module_id`, `core_module_id`, `core_module_display_id`, `sort_value`, `icon`, `menu`, `is_notification`, `createdby`, `createdat`, `updatedby`, `updatedat`) VALUES
(83,	'academics',	'academics',	'Academics',	1,	'',	'',	'',	10,	'icon-cog',	1,	0,	NULL,	'2017-05-01 15:23:28',	NULL,	'2017-05-03 11:32:57'),
(81,	'academicsgradesetup',	'academicsgradesetup',	'Grade Setup',	1,	'academics',	'',	'',	1,	'',	1,	0,	NULL,	'2017-05-01 15:23:27',	NULL,	'2017-05-03 11:32:57'),
(85,	'acdprogressreport',	'acdprogressreport',	'Progress Report',	0,	'academics',	'academics',	'academics',	12,	'',	1,	0,	NULL,	'2017-05-01 15:23:28',	NULL,	'2017-05-03 11:32:58'),
(82,	'acdsettings',	'acdsettings',	'Academics Settings',	1,	'curriculum',	'',	'',	1,	'',	1,	0,	NULL,	'2017-05-01 15:23:27',	NULL,	'2017-05-03 11:32:57'),
(88,	'acd_examination_marks',	'acd_examination_marks',	'Examination Marks',	2,	'academics',	'academics',	'academics',	3,	'',	1,	0,	NULL,	'2017-05-01 15:23:29',	NULL,	'2017-05-03 11:32:59'),
(89,	'acd_examination_schedule',	'acd_examination_schedule',	'Examination Shedule',	0,	'academics',	'academics',	'academics',	1,	'',	1,	0,	NULL,	'2017-05-01 15:23:30',	NULL,	'2017-05-03 11:33:00'),
(90,	'acd_examination_schedule_details',	'acd_examination_schedule_details',	'Examination Schedule Details',	2,	'academics',	'academics',	'academics',	2,	'',	2,	0,	NULL,	'2017-05-01 15:23:31',	NULL,	'2017-05-03 11:33:01'),
(86,	'acd_exam_group',	'acd_exam_group',	'Exam Group',	0,	'academics',	'academics',	'academics',	5,	'',	1,	0,	NULL,	'2017-05-01 15:23:28',	NULL,	'2017-05-03 11:32:58'),
(87,	'acd_exam_name',	'acd_exam_name',	'Exam Name',	0,	'academics',	'acdsettings',	'acdsettings',	2,	'',	1,	0,	NULL,	'2017-05-01 15:23:28',	NULL,	'2017-05-03 11:32:59'),
(91,	'acd_final_marks',	'acd_final_marks',	'Final Marks',	0,	'academics',	'academics',	'academics',	11,	'',	2,	0,	NULL,	'2017-05-01 15:23:31',	NULL,	'2017-05-03 11:33:02'),
(92,	'acd_grade_master',	'acd_grade_master',	'Exam Name',	0,	'academics',	'academicsgradesetup',	'academicsgradesetup',	9,	'',	1,	0,	NULL,	'2017-05-01 15:23:32',	NULL,	'2017-05-03 11:33:03'),
(93,	'acd_grade_method',	'acd_grade_method',	'Grade Method',	0,	'academics',	'academicsgradesetup',	'academicsgradesetup',	6,	'',	1,	0,	NULL,	'2017-05-01 15:23:32',	NULL,	'2017-05-03 11:33:03'),
(94,	'acd_grade_method_details',	'acd_grade_method_details',	'Grade Method Details',	0,	'academics',	'academicsgradesetup',	'academicsgradesetup',	7,	'',	1,	0,	NULL,	'2017-05-01 15:23:33',	NULL,	'2017-05-03 11:33:03'),
(95,	'acd_grade_type',	'acd_grade_type',	'Grade Type',	0,	'academics',	'academicsgradesetup',	'academicsgradesetup',	5,	'',	1,	0,	NULL,	'2017-05-01 15:23:33',	NULL,	'2017-05-03 11:33:04'),
(96,	'acd_link_exam',	'acd_link_exam',	'Link Exam',	0,	'academics',	'academics',	'academics',	6,	'',	2,	0,	NULL,	'2017-05-01 15:23:33',	NULL,	'2017-05-03 11:33:04'),
(97,	'acd_modeofexam',	'acd_modeofexam',	'Mode Of Exam',	0,	'academics',	'acdsettings',	'acdsettings',	1,	'',	1,	0,	NULL,	'2017-05-01 15:23:33',	NULL,	'2017-05-03 11:33:04'),
(98,	'acd_overall_grade',	'acd_overall_grade',	'Overall Performance',	0,	'academics',	'academics',	'academics',	10,	'',	1,	0,	NULL,	'2017-05-01 15:23:33',	NULL,	'2017-05-03 11:33:04'),
(99,	'acd_studentmarks_details',	'acd_studentmarks_details',	'Student Marks Details',	0,	'academics',	'academics',	'academics',	4,	'',	2,	0,	NULL,	'2017-05-01 15:23:34',	NULL,	'2017-05-03 11:33:05'),
(173,	'acd_student_attendance',	'acd_student_attendance',	'Student Attendence',	0,	'academics',	'attendencereport',	'attendencereport',	1,	'',	1,	0,	NULL,	'2017-05-03 11:33:07',	NULL,	'2017-05-03 11:33:07'),
(174,	'acd_student_attendance_details',	'acd_student_attendance_details',	'Student Attendence Details',	0,	'academics',	'attendencereport',	'attendencereport',	2,	'',	1,	0,	NULL,	'2017-05-03 11:33:08',	NULL,	'2017-05-03 11:33:08'),
(100,	'acd_subgroupexams',	'acd_subgroupexams',	'Subgroup Exams',	0,	'academics',	'academics',	'academics',	7,	'',	1,	0,	NULL,	'2017-05-01 15:23:35',	NULL,	'2017-05-03 11:33:06'),
(84,	'admissionsettings',	'admissionsettings',	'Admission Settings',	1,	'admissionsettings',	'',	'',	12,	'',	1,	0,	NULL,	'2017-05-01 15:23:28',	NULL,	'2017-05-03 11:32:57'),
(172,	'attendencereport',	'attendencereport',	'Attendence',	1,	'academics',	'',	'',	4,	'',	1,	0,	NULL,	'2017-05-03 11:32:58',	NULL,	'2017-05-03 11:32:58'),
(10,	'attribute_settings',	'attribute_settings',	'Attribute Settings',	1,	'core_developmentsettings',	'',	'',	4,	'icon-dashboard',	1,	0,	NULL,	'2017-05-01 15:22:52',	NULL,	'2017-05-01 15:22:52'),
(103,	'cms_gallery',	'cms_gallery',	'Gallery',	0,	'contentmanagementsystem',	'contentmanagementsystem',	'contentmanagementsystem',	1,	'',	1,	0,	NULL,	'2017-05-01 15:23:38',	NULL,	'2017-05-01 15:23:38'),
(104,	'cms_notification',	'cms_notification',	'Notification',	0,	'notificationmanagement',	'contentmanagementsystem',	'contentmanagementsystem',	1,	'',	1,	0,	NULL,	'2017-05-01 15:23:38',	NULL,	'2017-05-01 15:23:38'),
(105,	'cms_notification_comments',	'cms_notification_comments',	'Notification Comments',	0,	'notificationmanagement',	'contentmanagementsystem',	'contentmanagementsystem',	2,	'',	2,	0,	NULL,	'2017-05-01 15:23:39',	NULL,	'2017-05-01 15:23:39'),
(145,	'cms_notification_type',	'cms_notification_type',	'Notification Type',	0,	'notificationmanagement',	'notification_settings',	'notification_settings',	1,	'',	1,	0,	NULL,	'2017-05-01 15:24:05',	NULL,	'2017-05-01 15:24:05'),
(102,	'contentmanagementsystem',	'contentmanagementsystem',	'CMS',	1,	'',	'',	'',	12,	'icon-picture',	0,	0,	NULL,	'2017-05-01 15:23:38',	NULL,	'2017-05-01 15:23:38'),
(76,	'core_access',	'core_access',	'Access Details',	0,	'core_usermanagement',	'core_usermanagement',	'core_usermanagement',	4,	'',	2,	0,	NULL,	'2017-05-01 15:23:20',	NULL,	'2017-05-01 15:23:20'),
(13,	'core_action_type',	'core_action_type',	'Action Type',	0,	'core_developmentsettings',	'core_developmentsettings',	'core_developmentsettings',	3,	'',	0,	0,	NULL,	'2017-05-01 15:22:53',	NULL,	'2017-05-01 15:22:53'),
(74,	'core_address_type',	'core_address_type',	'Address Type',	0,	'core_settings',	'core_settings',	'core_general',	5,	'',	1,	0,	NULL,	'2017-05-01 15:23:14',	NULL,	'2017-05-01 15:23:14'),
(14,	'core_adminthemesettings',	'core_adminthemesettings',	'Admin theme Settings',	0,	'core_developmentsettings',	'core_codebasedsettings',	'core_developmentsettings',	2,	'',	1,	0,	NULL,	'2017-05-01 15:22:54',	NULL,	'2017-05-01 15:22:54'),
(21,	'core_aggregate_function',	'core_aggregate_function',	'Aggregate Function',	0,	'core_developmentsettings',	'core_developmentsettings',	'core_developmentsettings',	9,	'',	1,	0,	NULL,	'2017-05-01 15:23:00',	NULL,	'2017-05-01 15:23:00'),
(47,	'core_app_settings',	'core_app_settings',	'App Settings',	0,	'core_codebasedsettings',	'core_codebasedsettings',	'core_codebasedsettings',	10,	'',	1,	0,	NULL,	'2017-05-01 15:23:07',	NULL,	'2017-05-01 15:23:07'),
(52,	'core_archive_data',	'core_archive_data',	'Archive Data',	0,	'core_reports',	'core_reports',	'core_reports',	9,	'',	0,	1,	NULL,	'2017-05-01 15:23:09',	NULL,	'2017-05-01 15:23:09'),
(64,	'core_attendance_status',	'core_attendance_status',	'Attendance  Status',	0,	'core_settings',	'core_settings',	'core_settings',	7,	'',	1,	0,	NULL,	'2017-05-01 15:23:12',	NULL,	'2017-05-01 15:23:12'),
(68,	'core_attribute_option',	'core_attribute_option',	'Attributes',	0,	'core_developmentsettings',	'attribute_settings',	'attribute_settings',	1,	'',	1,	0,	NULL,	'2017-05-01 15:23:13',	NULL,	'2017-05-01 15:23:13'),
(3,	'core_backup',	'core_backup',	'Backup',	1,	'',	'',	'',	1,	'icon-download',	1,	0,	NULL,	'2017-05-01 15:22:51',	NULL,	'2017-05-01 15:22:51'),
(57,	'core_backupdetails',	'core_backupdetails',	'Backup History',	0,	'core_backup',	'core_backup',	'core_backup',	11,	'',	1,	0,	NULL,	'2017-05-01 15:23:11',	NULL,	'2017-05-01 15:23:11'),
(26,	'core_backup_type',	'core_backup_type',	'Backup Type',	0,	'core_developmentsettings',	'core_codebasedsettings',	'core_codebasedsettings',	12,	'',	1,	0,	NULL,	'2017-05-01 15:23:01',	NULL,	'2017-05-01 15:23:01'),
(75,	'core_cachemanagement',	'core_cachemanagement',	'Cache Management',	0,	'core_codebasedsettings',	'core_codebasedsettings',	'core_developmentsettings',	2,	'',	1,	0,	NULL,	'2017-05-01 15:23:15',	NULL,	'2017-05-01 15:23:15'),
(32,	'core_cms_image_settings',	'core_cms_image_settings',	'Image Settings',	0,	'core_codebasedsettings',	'core_codebasedsettings',	'core_developmentsettings',	7,	'',	1,	0,	NULL,	'2017-05-01 15:23:03',	NULL,	'2017-05-01 15:23:03'),
(33,	'core_cms_mediatype',	'core_cms_mediatype',	'Media Type',	0,	'core_codebasedsettings',	'core_codebasedsettings',	'core_developmentsettings',	1,	'',	1,	0,	NULL,	'2017-05-01 15:23:03',	NULL,	'2017-05-01 15:23:03'),
(15,	'core_cms_uploadfolders',	'core_cms_uploadfolders',	'Upload Folders',	0,	'core_developmentsettings',	'core_codebasedsettings',	'core_codebasedsettings',	6,	'',	1,	0,	NULL,	'2017-05-01 15:22:55',	NULL,	'2017-05-01 15:22:55'),
(58,	'core_codebackup',	'core_codebackup',	'Code Backup',	0,	'core_backup',	'core_backup',	'core_backup',	2,	'',	1,	0,	NULL,	'2017-05-01 15:23:11',	NULL,	'2017-05-01 15:23:11'),
(2,	'core_codebasedsettings',	'core_codebasedsettings',	'Code Based Settings',	1,	'',	'',	'',	2,	'icon-cogs',	1,	0,	NULL,	'2017-05-01 15:22:51',	NULL,	'2017-05-01 15:22:51'),
(65,	'core_country',	'core_country',	'Country Details',	0,	'core_settings',	'core_settings',	'core_general',	1,	'',	1,	0,	NULL,	'2017-05-01 15:23:12',	NULL,	'2017-05-01 15:23:12'),
(181,	'core_cron_schedule',	'core_cron_schedule',	'Cron Job Schedule',	0,	'core_codebasedsettings',	'core_codebasedsettings',	'core_codebasedsettings',	7,	'',	1,	0,	NULL,	'2018-03-11 17:03:32',	NULL,	'2018-03-11 17:03:32'),
(9,	'core_dashboard',	'core_dashboard',	'Dash Board',	1,	'',	'',	'',	1,	'icon-dashboard',	1,	0,	NULL,	'2017-05-01 15:22:52',	NULL,	'2017-05-01 15:22:52'),
(59,	'core_dbbackfile',	'core_dbbackfile',	'DB BackUp',	0,	'core_backup',	'core_backup',	'core_backup',	1,	'',	1,	0,	NULL,	'2017-05-01 15:23:11',	NULL,	'2017-05-01 15:23:11'),
(30,	'core_defaultvalues',	'core_defaultvalues',	'Default Values',	0,	'core_developmentsettings',	'core_developmentsettings',	'core_developmentsettings',	13,	'',	2,	0,	NULL,	'2017-05-01 15:23:02',	NULL,	'2017-05-01 15:23:02'),
(1,	'core_developmentsettings',	'core_developmentsettings',	'Development Settings',	1,	'',	'',	'',	1,	'icon-cogs',	1,	0,	NULL,	'2017-05-01 15:22:51',	NULL,	'2017-05-01 15:22:51'),
(24,	'core_element_displaytype',	'core_element_displaytype',	'Element Display Type',	0,	'core_developmentsettings',	'core_developmentsettings',	'core_developmentsettings',	8,	'',	1,	0,	NULL,	'2017-05-01 15:23:00',	NULL,	'2017-05-01 15:23:00'),
(42,	'core_email_notifications',	'core_email_notifications',	'Email Notifications',	0,	'core_codebasedsettings',	'core_codebasedsettings',	'core_codebasedsettings',	1,	'',	1,	0,	NULL,	'2017-05-01 15:23:06',	NULL,	'2017-05-01 15:23:06'),
(41,	'core_email_settings',	'core_email_settings',	'Email Settings',	0,	'core_codebasedsettings',	'core_codebasedsettings',	'core_codebasedsettings',	6,	'',	1,	0,	NULL,	'2017-05-01 15:23:05',	NULL,	'2017-05-01 15:23:05'),
(43,	'core_email_verify',	'core_email_verify',	'Email Verify',	0,	'core_codebasedsettings',	'core_codebasedsettings',	'core_codebasedsettings',	6,	'',	1,	0,	NULL,	'2017-05-01 15:23:06',	NULL,	'2017-05-01 15:23:06'),
(34,	'core_file_types',	'core_file_types',	'File Types',	0,	'core_codebasedsettings',	'core_codebasedsettings',	'core_developmentsettings',	2,	'',	1,	0,	NULL,	'2017-05-01 15:23:04',	NULL,	'2017-05-01 15:23:04'),
(29,	'core_form_layout',	'core_form_layout',	'Form Layout',	0,	'core_developmentsettings',	'core_developmentsettings',	'core_developmentsettings',	13,	'',	2,	1,	NULL,	'2017-05-01 15:23:02',	NULL,	'2017-05-01 15:23:02'),
(25,	'core_form_settings',	'core_form_settings',	'Form Settings',	0,	'core_developmentsettings',	'core_developmentsettings',	'core_developmentsettings',	11,	'',	1,	0,	NULL,	'2017-05-01 15:23:01',	NULL,	'2017-05-01 15:23:01'),
(4,	'core_general',	'core_general',	'General',	1,	'Settings',	'',	'',	1,	'',	1,	0,	NULL,	'2017-05-01 15:22:51',	NULL,	'2017-05-01 15:22:51'),
(35,	'core_label_details',	'core_label_details',	'Label Details',	0,	'core_codebasedsettings',	'core_codebasedsettings',	'core_codebasedsettings',	2,	'',	1,	0,	NULL,	'2017-05-01 15:23:04',	NULL,	'2017-05-01 15:23:04'),
(62,	'core_list_city',	'core_list_city',	'City Details',	0,	'core_settings',	'core_settings',	'core_general',	3,	'',	1,	0,	NULL,	'2017-05-01 15:23:12',	NULL,	'2017-05-01 15:23:12'),
(50,	'core_list_location',	'core_list_location',	'Location Details',	0,	'core_organizationsetup',	'core_organizationsetup',	'core_organizationsetup',	2,	'',	1,	0,	NULL,	'2017-05-01 15:23:08',	NULL,	'2017-05-01 15:23:08'),
(63,	'core_list_state',	'core_list_state',	'State Details',	0,	'core_settings',	'core_settings',	'core_general',	2,	'',	1,	0,	NULL,	'2017-05-01 15:23:12',	NULL,	'2017-05-01 15:23:12'),
(77,	'core_loginhistory',	'core_loginhistory',	'Login History',	0,	'core_usermanagement',	'core_usermanagement',	'core_usermanagement',	6,	'',	1,	0,	NULL,	'2017-05-01 15:23:20',	NULL,	'2017-05-01 15:23:20'),
(16,	'core_node_actions',	'core_node_actions',	'Node Actions',	0,	'core_developmentsettings',	'core_developmentsettings',	'core_developmentsettings',	4,	'',	1,	0,	NULL,	'2017-05-01 15:22:55',	NULL,	'2017-05-01 15:22:55'),
(36,	'core_node_attributes',	'core_node_attributes',	'Node Attributes',	0,	'core_codebasedsettings',	'core_codebasedsettings',	'core_developmentsettings',	3,	'',	1,	0,	NULL,	'2017-05-01 15:23:04',	NULL,	'2017-05-01 15:23:04'),
(69,	'core_node_attributeset',	'core_node_attributeset',	'Attribute Set',	0,	'core_developmentsettings',	'attribute_settings',	'attribute_settings',	2,	'',	1,	0,	NULL,	'2017-05-01 15:23:13',	NULL,	'2017-05-01 15:23:13'),
(70,	'core_node_attribute_option',	'core_node_attribute_option',	'Node Attribute Option',	0,	'core_developmentsettings',	'attribute_settings',	'attribute_settings',	3,	'',	1,	0,	NULL,	'2017-05-01 15:23:13',	NULL,	'2017-05-01 15:23:13'),
(71,	'core_node_attribute_option_list',	'core_node_attribute_option_list',	'Node Attribute Option List',	0,	'core_developmentsettings',	'attribute_settings',	'attribute_settings',	6,	'',	0,	0,	NULL,	'2017-05-01 15:23:14',	NULL,	'2017-05-01 15:23:14'),
(72,	'core_node_attribute_option_value',	'core_node_attribute_option_value',	'Node Attribute Option Value',	0,	'core_developmentsettings',	'attribute_settings',	'attribute_settings',	10,	'',	0,	0,	NULL,	'2017-05-01 15:23:14',	NULL,	'2017-05-01 15:23:14'),
(31,	'core_node_fieldattributes',	'core_node_fieldattributes',	'Field Attributes',	0,	'core_developmentsettings',	'core_developmentsettings',	'core_developmentsettings',	16,	'',	2,	0,	NULL,	'2017-05-01 15:23:03',	NULL,	'2017-05-01 15:23:03'),
(37,	'core_node_filetypes',	'core_node_filetypes',	'Node File Types',	0,	'core_codebasedsettings',	'core_codebasedsettings',	'core_developmentsettings',	8,	'',	1,	0,	NULL,	'2017-05-01 15:23:04',	NULL,	'2017-05-01 15:23:04'),
(23,	'core_node_history',	'core_node_history',	'Node History',	0,	'core_developmentsettings',	'core_developmentsettings',	'core_reports',	1,	'',	1,	0,	NULL,	'2017-05-01 15:23:00',	NULL,	'2017-05-01 15:23:00'),
(28,	'core_node_relations',	'core_node_relations',	'Node Relations',	0,	'core_developmentsettings',	'core_developmentsettings',	'core_developmentsettings',	10,	'',	1,	1,	NULL,	'2017-05-01 15:23:02',	NULL,	'2017-05-01 15:23:02'),
(12,	'core_node_settings',	'core_node_settings',	'Node Settings',	0,	'core_developmentsettings',	'core_developmentsettings',	'core_developmentsettings',	2,	'',	1,	0,	NULL,	'2017-05-01 15:22:52',	NULL,	'2017-05-01 15:22:52'),
(20,	'core_orderclausetype',	'core_orderclausetype',	'Order Clause Type',	0,	'core_developmentsettings',	'core_developmentsettings',	'core_developmentsettings',	8,	'',	1,	0,	NULL,	'2017-05-01 15:22:59',	NULL,	'2017-05-01 15:22:59'),
(49,	'core_organization',	'core_organization',	'Organization',	0,	'core_organizationsetup',	'core_organizationsetup',	'core_organizationsetup',	1,	'',	1,	0,	NULL,	'2017-05-01 15:23:07',	NULL,	'2017-05-01 15:23:07'),
(8,	'core_organizationsetup',	'core_organizationsetup',	'Organization Setup',	1,	'',	'',	'',	6,	'icon-sitemap',	1,	0,	NULL,	'2017-05-01 15:22:51',	NULL,	'2017-05-01 15:22:51'),
(51,	'core_organization_socialnetworkingsites',	'core_organization_socialnetworkingsites',	'Org Social Networking Sites',	0,	'core_organizationsetup',	'core_organizationsetup',	'core_organizationsetup',	4,	'',	2,	0,	NULL,	'2017-05-01 15:23:09',	NULL,	'2017-05-01 15:23:09'),
(22,	'core_output_type',	'core_output_type',	'Output Type',	0,	'core_developmentsettings',	'core_developmentsettings',	'core_codebasedsettings',	8,	'',	1,	0,	NULL,	'2017-05-01 15:23:00',	NULL,	'2017-05-01 15:23:00'),
(48,	'core_payment_type',	'core_payment_type',	'Payment Type',	0,	'core_codebasedsettings',	'core_codebasedsettings',	'core_codebasedsettings',	10,	'',	1,	0,	NULL,	'2017-05-01 15:23:07',	NULL,	'2017-05-01 15:23:07'),
(78,	'core_profile',	'core_profile',	'Profile Details',	0,	'core_usermanagement',	'core_usermanagement',	'core_usermanagement',	2,	'',	1,	0,	NULL,	'2017-05-01 15:23:20',	NULL,	'2017-05-01 15:23:20'),
(79,	'core_profile_level',	'core_profile_level',	'Profile Level',	0,	'core_usermanagement',	'core_usermanagement',	'core_usermanagement',	1,	'',	1,	0,	NULL,	'2017-05-01 15:23:21',	NULL,	'2017-05-01 15:23:21'),
(19,	'core_queryclause',	'core_queryclause',	'Query Clause',	0,	'core_developmentsettings',	'core_developmentsettings',	'core_developmentsettings',	7,	'',	1,	0,	NULL,	'2017-05-01 15:22:59',	NULL,	'2017-05-01 15:22:59'),
(11,	'core_registernode',	'core_registernode',	'Register Nodes',	0,	'core_developmentsettings',	'core_developmentsettings',	'core_developmentsettings',	2,	'icon-cogs',	1,	0,	NULL,	'2017-05-01 15:22:52',	NULL,	'2017-05-01 15:22:52'),
(27,	'core_relation_type',	'core_relation_type',	'Relation Type',	0,	'core_developmentsettings',	'core_codebasedsettings',	'core_developmentsettings',	10,	'',	1,	0,	NULL,	'2017-05-01 15:23:01',	NULL,	'2017-05-01 15:23:01'),
(5,	'core_reports',	'core_reports',	'Reports',	1,	'',	'',	'',	5,	'icon-bar-chart',	1,	0,	NULL,	'2017-05-01 15:22:51',	NULL,	'2017-05-01 15:22:51'),
(56,	'core_reportsdetails',	'core_reportsdetails',	'Reports Details',	0,	'core_reports',	'core_reports',	'core_codebasedsettings',	1,	'',	1,	0,	NULL,	'2017-05-01 15:23:10',	NULL,	'2017-05-01 15:23:10'),
(53,	'core_reportsdetails_settings',	'core_reportsdetails_settings',	'Report Settings',	0,	'core_reports',	'core_reports',	'core_reports',	2,	'',	0,	2,	NULL,	'2017-05-01 15:23:09',	NULL,	'2017-05-01 15:23:09'),
(55,	'core_reportsengine',	'core_reportsengine',	'Reports Engine',	0,	'core_reports',	'core_reports',	'core_reports',	1,	'',	1,	0,	NULL,	'2017-05-01 15:23:10',	NULL,	'2017-05-01 15:23:10'),
(60,	'core_report_outputtypes',	'core_report_outputtypes',	'Output Types',	0,	'core_reports',	'core_reports',	'core_reports',	3,	'',	2,	0,	NULL,	'2017-05-01 15:23:11',	NULL,	'2017-05-01 15:23:11'),
(38,	'core_report_template',	'core_report_template',	'Report Template',	0,	'core_codebasedsettings',	'core_codebasedsettings',	'core_developmentsettings',	10,	'',	1,	0,	NULL,	'2017-05-01 15:23:05',	NULL,	'2017-05-01 15:23:05'),
(17,	'core_root_attributes',	'core_root_attributes',	'Root Attributes',	0,	'core_developmentsettings',	'core_developmentsettings',	'core_developmentsettings',	5,	'',	1,	0,	NULL,	'2017-05-01 15:22:56',	NULL,	'2017-05-01 15:22:56'),
(6,	'core_settings',	'core_settings',	'Settings',	1,	'',	'',	'',	3,	'icon-cog',	1,	0,	NULL,	'2017-05-01 15:22:51',	NULL,	'2017-05-01 15:22:51'),
(39,	'core_settings_sequence',	'core_settings_sequence',	'Settings Sequence',	0,	'core_codebasedsettings',	'core_codebasedsettings',	'core_developmentsettings',	9,	'',	1,	0,	NULL,	'2017-05-01 15:23:05',	NULL,	'2017-05-01 15:23:05'),
(54,	'core_sms_log',	'core_sms_log',	'Sent SMS Details',	0,	'core_reports',	'core_reports',	'core_reports',	3,	'',	1,	0,	NULL,	'2017-05-01 15:23:10',	NULL,	'2017-05-01 15:23:10'),
(45,	'core_sms_notifications',	'core_sms_notifications',	'SMS Notifications',	0,	'core_codebasedsettings',	'core_codebasedsettings',	'core_codebasedsettings',	7,	'',	1,	0,	NULL,	'2017-05-01 15:23:06',	NULL,	'2017-05-01 15:23:06'),
(44,	'core_sms_settings',	'core_sms_settings',	'SMS Settings',	0,	'core_codebasedsettings',	'core_codebasedsettings',	'core_codebasedsettings',	6,	'',	1,	1,	NULL,	'2017-05-01 15:23:06',	NULL,	'2017-05-01 15:23:06'),
(46,	'core_sms_verify',	'core_sms_verify',	'SMS Verify',	0,	'core_codebasedsettings',	'core_codebasedsettings',	'core_codebasedsettings',	6,	'',	1,	0,	NULL,	'2017-05-01 15:23:07',	NULL,	'2017-05-01 15:23:07'),
(40,	'core_socialnetworkingsites',	'core_socialnetworkingsites',	'Social Networking Sites',	0,	'core_codebasedsettings',	'core_codebasedsettings',	'core_developmentsettings',	5,	'',	1,	0,	NULL,	'2017-05-01 15:23:05',	NULL,	'2017-05-01 15:23:05'),
(18,	'core_uniquefieldset',	'core_uniquefieldset',	'Unique Field Set',	0,	'core_developmentsettings',	'core_developmentsettings',	'core_developmentsettings',	3,	'',	2,	0,	NULL,	'2017-05-01 15:22:58',	NULL,	'2017-05-01 15:22:58'),
(66,	'core_url_rewrite',	'core_url_rewrite',	'Url Rewrite',	0,	'core_codebasedsettings',	'core_codebasedsettings',	'core_developmentsettings',	10,	'',	1,	0,	NULL,	'2017-05-01 15:23:12',	NULL,	'2017-05-01 15:23:12'),
(61,	'core_usedashboard',	'core_usedashboard',	'Dash Board',	0,	'',	'core_reports',	'core_codebasedsettings',	1,	'',	1,	0,	NULL,	'2017-05-01 15:23:11',	NULL,	'2017-05-01 15:23:11'),
(7,	'core_usermanagement',	'core_usermanagement',	'User Management',	1,	'',	'',	'',	3,	'icon-group',	1,	0,	NULL,	'2017-05-01 15:22:51',	NULL,	'2017-05-01 15:23:20'),
(80,	'core_users',	'core_users',	'User Details',	0,	'core_usermanagement',	'core_usermanagement',	'core_usermanagement',	5,	'',	1,	0,	NULL,	'2017-05-01 15:23:21',	NULL,	'2017-05-01 15:23:21'),
(73,	'core_week_details',	'core_week_details',	'Week Details',	0,	'core_settings',	'core_settings',	'core_general',	5,	'',	1,	0,	NULL,	'2017-05-01 15:23:14',	NULL,	'2017-05-01 15:23:14'),
(67,	'core_whatsapp_settings',	'core_whatsapp_settings',	'Whatsapp Settings',	0,	'core_codebasedsettings',	'core_codebasedsettings',	'core_codebasedsettings',	6,	'',	1,	1,	NULL,	'2017-05-01 15:23:12',	NULL,	'2017-05-01 15:23:12'),
(106,	'curriculum',	'curriculum',	'Curriculum',	1,	'',	'',	'',	12,	'icon-book',	1,	0,	NULL,	'2017-05-01 15:23:43',	NULL,	'2017-05-01 15:23:43'),
(107,	'cur_academic_subject',	'cur_academic_subject',	'Academic Subject',	0,	'curriculum',	'curriculum',	'core_settings',	2,	'',	1,	0,	NULL,	'2017-05-01 15:23:43',	NULL,	'2017-05-01 15:23:43'),
(108,	'cur_branch_class',	'cur_branch_class',	'Branch Class',	0,	'curriculum',	'curriculum',	'curriculum',	7,	'',	1,	0,	NULL,	'2017-05-01 15:23:44',	NULL,	'2017-05-01 15:23:44'),
(109,	'cur_branch_class_section',	'cur_branch_class_section',	'Branch Class Section',	0,	'curriculum',	'curriculum',	'curriculum',	10,	'',	2,	0,	NULL,	'2017-05-01 15:23:44',	NULL,	'2017-05-01 15:23:44'),
(110,	'cur_branch_orientation',	'cur_branch_orientation',	'Branch Course Details',	0,	'curriculum',	'curriculum',	'curriculum',	6,	'',	1,	0,	NULL,	'2017-05-01 15:23:45',	NULL,	'2017-05-01 15:23:45'),
(111,	'cur_class_subject',	'cur_class_subject',	'Class Subject',	0,	'curriculum',	'curriculum',	'curriculum',	7,	'',	2,	0,	NULL,	'2017-05-01 15:23:45',	NULL,	'2017-05-01 15:23:45'),
(112,	'cur_list_academicyear',	'cur_list_academicyear',	'Academic Year',	0,	'curriculum',	'curriculum',	'core_settings',	1,	'',	1,	0,	NULL,	'2017-05-01 15:23:46',	NULL,	'2017-05-01 15:23:46'),
(113,	'cur_list_attendancefrequency',	'cur_list_attendancefrequency',	'Attendance Frequency',	0,	'curriculum',	'curriculum',	'core_settings',	4,	'',	1,	0,	NULL,	'2017-05-01 15:23:46',	NULL,	'2017-05-01 15:23:46'),
(114,	'cur_list_class',	'cur_list_class',	'Class Details',	0,	'curriculum',	'curriculum',	'curriculum',	5,	'',	1,	0,	NULL,	'2017-05-01 15:23:47',	NULL,	'2017-05-01 15:23:47'),
(115,	'cur_list_orientation',	'cur_list_orientation',	'Course Details',	0,	'curriculum',	'curriculum',	'curriculum',	4,	'',	1,	0,	NULL,	'2017-05-01 15:23:47',	NULL,	'2017-05-01 15:23:47'),
(116,	'cur_orientation_level',	'cur_orientation_level',	'Course Level',	0,	'curriculum',	'curriculum',	'curriculum',	2,	'',	1,	0,	NULL,	'2017-05-01 15:23:47',	NULL,	'2017-05-01 15:23:47'),
(117,	'cur_subject_type',	'cur_subject_type',	'Subject Type',	0,	'curriculum',	'curriculum',	'core_settings',	1,	'',	1,	0,	NULL,	'2017-05-01 15:23:47',	NULL,	'2017-05-01 15:23:47'),
(118,	'feeplansetup',	'feeplansetup',	'Fee Plan Setup',	1,	'',	'',	'',	16,	'',	1,	0,	NULL,	'2017-05-01 15:23:50',	NULL,	'2017-05-01 15:23:50'),
(119,	'feesettings',	'feesettings',	'Fee Settings',	1,	'feesetup',	'',	'',	1,	'icon-cog',	1,	0,	NULL,	'2017-05-01 15:23:50',	NULL,	'2017-05-01 15:23:50'),
(120,	'feesetup',	'feesetup',	'Fee Setup',	1,	'',	'',	'',	15,	'',	1,	0,	NULL,	'2017-05-01 15:23:50',	NULL,	'2017-05-01 15:23:50'),
(121,	'fee_concession_type',	'fee_concession_type',	'Concession Type',	0,	'feesetup',	'feesettings',	'feesettings',	7,	'',	1,	0,	NULL,	'2017-05-01 15:23:50',	NULL,	'2017-05-01 15:23:50'),
(122,	'fee_list_feegroup',	'fee_list_feegroup',	'Fee Group',	0,	'feesetup',	'feesettings',	'feesettings',	1,	'',	1,	0,	NULL,	'2017-05-01 15:23:50',	NULL,	'2017-05-01 15:23:50'),
(123,	'fee_list_feeplan',	'fee_list_feeplan',	'Fee Plan',	0,	'feesetup',	'feeplansetup',	'feeplansetup',	1,	'',	1,	0,	NULL,	'2017-05-01 15:23:50',	NULL,	'2017-05-01 15:23:50'),
(124,	'fee_list_feeplan_details',	'fee_list_feeplan_details',	'Feeplan Details',	0,	'feesetup',	'feeplansetup',	'feeplansetup',	2,	'',	2,	0,	NULL,	'2017-05-01 15:23:51',	NULL,	'2017-05-01 15:23:51'),
(125,	'fee_list_feetype',	'fee_list_feetype',	'Fee Type',	0,	'feesetup',	'feesettings',	'feesettings',	2,	'',	1,	0,	NULL,	'2017-05-01 15:23:52',	NULL,	'2017-05-01 15:23:52'),
(126,	'fee_list_frequency',	'fee_list_frequency',	'Frequency',	0,	'feesetup',	'feesettings',	'feesettings',	3,	'',	1,	0,	NULL,	'2017-05-01 15:23:52',	NULL,	'2017-05-01 15:23:52'),
(129,	'fee_list_transactiontype',	'fee_list_transactiontype',	'Transaction Type',	0,	'financemanagement',	'financesettings',	'financesettings',	2,	'',	1,	0,	NULL,	'2017-05-01 15:23:54',	NULL,	'2017-05-01 15:23:54'),
(131,	'financeconcession',	'financeconcession',	'Concession',	0,	'financemanagement',	'financemanagement',	'financemanagement',	2,	'',	1,	0,	NULL,	'2017-05-01 15:23:55',	NULL,	'2017-05-01 15:23:55'),
(180,	'financefeereceipt',	'financefeereceipt',	'Financefeereceipt',	0,	'financemanagement',	'financemanagement',	'financemanagement',	3,	'',	1,	0,	NULL,	'2017-05-15 16:25:05',	NULL,	'2017-05-15 16:27:05'),
(128,	'financemanagement',	'financemanagement',	'Finance',	1,	'',	'',	'',	15,	'',	2,	0,	NULL,	'2017-05-01 15:23:54',	NULL,	'2017-05-01 15:23:54'),
(127,	'financesettings',	'financesettings',	'Finance Settings',	1,	'financemanagement',	'',	'',	1,	'',	1,	0,	NULL,	'2017-05-01 15:23:54',	NULL,	'2017-05-01 15:23:54'),
(177,	'leavemanagement',	'leavemanagement',	'Leave Management',	1,	'',	'',	'',	91,	'icon-picture',	0,	0,	NULL,	'2017-05-08 16:17:47',	NULL,	'2017-05-08 16:17:47'),
(134,	'librarymanagement',	'librarymanagement',	'Librarymanagement Details',	1,	'',	'',	'',	90,	'',	1,	0,	NULL,	'2017-05-01 15:24:01',	NULL,	'2017-05-01 15:24:01'),
(135,	'lib_book_assignment',	'lib_book_assignment',	'Book Assignment',	0,	'librarymanagement',	'librarymanagement',	'librarymanagement',	8,	'',	1,	0,	NULL,	'2017-05-01 15:24:02',	NULL,	'2017-05-01 15:24:02'),
(136,	'lib_book_deatils',	'lib_book_deatils',	'Book Details',	0,	'librarymanagement',	'librarymanagement',	'librarymanagement',	3,	'',	1,	0,	NULL,	'2017-05-01 15:24:03',	NULL,	'2017-05-01 15:24:03'),
(137,	'lib_book_requires',	'lib_book_requires',	'Book Requires',	0,	'librarymanagement',	'librarymanagement',	'librarymanagement',	6,	'',	1,	0,	NULL,	'2017-05-01 15:24:03',	NULL,	'2017-05-01 15:24:03'),
(142,	'lib_issued_for',	'lib_issued_for',	'Book Issued For',	0,	'librarymanagement',	'librarymanagement',	'librarymanagement',	1,	'',	1,	0,	NULL,	'2017-05-01 15:24:04',	NULL,	'2017-05-01 15:24:04'),
(139,	'lib_library_assignment',	'lib_library_assignment',	'Library Assignment',	0,	'librarymanagement',	'librarymanagement',	'librarymanagement',	7,	'',	1,	0,	NULL,	'2017-05-01 15:24:04',	NULL,	'2017-05-01 15:24:04'),
(138,	'lib_library_deatils',	'lib_library_deatils',	'Library Details',	0,	'librarymanagement',	'librarymanagement',	'librarymanagement',	5,	'',	1,	0,	NULL,	'2017-05-01 15:24:04',	NULL,	'2017-05-01 15:24:04'),
(140,	'lib_publisher',	'lib_publisher',	'Publishers Details',	0,	'librarymanagement',	'librarymanagement',	'librarymanagement',	4,	'',	1,	0,	NULL,	'2017-05-01 15:24:04',	NULL,	'2017-05-01 15:24:04'),
(141,	'lib_status',	'lib_status',	'Status Details',	0,	'librarymanagement',	'librarymanagement',	'librarymanagement',	10,	'',	1,	0,	NULL,	'2017-05-01 15:24:04',	NULL,	'2017-05-01 15:24:04'),
(101,	'list_branch',	'list_branch',	'Branch Details',	0,	'core_organizationsetup',	'core_organizationsetup',	'core_organizationsetup',	4,	'',	1,	0,	NULL,	'2017-05-01 15:23:36',	NULL,	'2017-05-03 11:33:07'),
(179,	'lm_leave_request',	'lm_leave_request',	'Leave Request',	0,	'leavemanagement',	'leavemanagement',	'leavemanagement',	2,	'',	1,	0,	NULL,	'2017-05-08 16:17:47',	NULL,	'2017-05-08 16:21:34'),
(178,	'lm_leave_status',	'lm_leave_status',	'Leave Status',	0,	'leavemanagement',	'leavemanagement',	'leavemanagement',	1,	'',	1,	0,	NULL,	'2017-05-08 16:17:47',	NULL,	'2017-05-08 16:17:47'),
(144,	'notificationmanagement',	'notificationmanagement',	'Notification Management',	1,	'',	'',	'',	14,	'',	1,	0,	NULL,	'2017-05-01 15:24:05',	NULL,	'2017-05-01 15:24:05'),
(143,	'notification_settings',	'notification_settings',	'Notification Settings',	1,	'notificationmanagement',	'',	'',	1,	'',	2,	0,	NULL,	'2017-05-01 15:24:05',	NULL,	'2017-05-01 15:24:05'),
(146,	'staffmanagement',	'staffmanagement',	'Staff Management',	1,	'',	'',	'',	90,	'',	1,	0,	NULL,	'2017-05-01 15:24:09',	NULL,	'2017-05-01 15:24:09'),
(149,	'staff_department',	'staff_department',	'Staff Department',	0,	'staffmanagement',	'staffmanagement',	'staffmanagement',	2,	'',	1,	0,	NULL,	'2017-05-01 15:24:10',	NULL,	'2017-05-01 15:24:10'),
(148,	'staff_designation',	'staff_designation',	'Staff Designation',	0,	'staffmanagement',	'staffmanagement',	'staffmanagement',	3,	'',	1,	0,	NULL,	'2017-05-01 15:24:09',	NULL,	'2017-05-01 15:24:09'),
(147,	'staff_division',	'staff_division',	'Staff Division',	0,	'staffmanagement',	'staffmanagement',	'staffmanagement',	1,	'',	1,	0,	NULL,	'2017-05-01 15:24:09',	NULL,	'2017-05-01 15:24:09'),
(156,	'staff_shift',	'staff_shift',	'Staff Shift',	0,	'staffmanagement',	'staffmanagement',	'staffmanagement',	10,	'',	1,	0,	NULL,	'2017-05-01 15:24:13',	NULL,	'2017-05-01 15:24:13'),
(150,	'staff_staff_attendance',	'staff_staff_attendance',	'Staff Attendance',	0,	'staffmanagement',	'staffmanagement',	'staffmanagement',	11,	'',	1,	0,	NULL,	'2017-05-01 15:24:10',	NULL,	'2017-05-01 15:24:10'),
(151,	'staff_staff_attendance_details',	'staff_staff_attendance_details',	'Staff Attendance Details',	0,	'staffmanagement',	'staffmanagement',	'staffmanagement',	12,	'',	1,	0,	NULL,	'2017-05-01 15:24:11',	NULL,	'2017-05-01 15:24:11'),
(152,	'staff_staff_deatils',	'staff_staff_deatils',	'Staff Details',	0,	'staffmanagement',	'staffmanagement',	'staffmanagement',	4,	'',	1,	0,	NULL,	'2017-05-01 15:24:11',	NULL,	'2017-05-01 15:24:11'),
(153,	'staff_staff_education',	'staff_staff_education',	'Staff Education',	0,	'staffmanagement',	'staffmanagement',	'staffmanagement',	6,	'',	1,	0,	NULL,	'2017-05-01 15:24:11',	NULL,	'2017-05-01 15:24:11'),
(154,	'staff_staff_history',	'staff_staff_history',	'Staff History',	0,	'staffmanagement',	'staffmanagement',	'staffmanagement',	1,	'',	13,	0,	NULL,	'2017-05-01 15:24:12',	NULL,	'2017-05-01 15:24:12'),
(155,	'staff_staff_info',	'staff_staff_info',	'Staff Info',	0,	'staffmanagement',	'staffmanagement',	'staffmanagement',	5,	'',	1,	0,	NULL,	'2017-05-01 15:24:12',	NULL,	'2017-05-01 15:24:12'),
(157,	'staff_staff_skills',	'staff_staff_skills',	'StaffSkills',	0,	'staffmanagement',	'staffmanagement',	'staffmanagement',	7,	'',	1,	0,	NULL,	'2017-05-01 15:24:13',	NULL,	'2017-05-01 15:24:13'),
(158,	'staff_staff_subjects',	'staff_staff_subjects',	'Staff Subjects',	0,	'staffmanagement',	'staffmanagement',	'staffmanagement',	8,	'',	1,	0,	NULL,	'2017-05-01 15:24:13',	NULL,	'2017-05-01 15:24:13'),
(159,	'studentmanagement',	'studentmanagement',	'Student Management',	1,	'',	'',	'',	16,	'icon-user-md',	1,	0,	NULL,	'2017-05-01 15:24:18',	NULL,	'2017-05-01 15:24:18'),
(160,	'studentshift',	'studentshift',	'Student Shift',	2,	'studentmanagement',	'studentmanagement',	'studentmanagement',	5,	'',	1,	0,	NULL,	'2017-05-01 15:24:18',	NULL,	'2017-05-01 15:24:18'),
(166,	'student_action',	'student_action',	'Student Action',	0,	'studentmanagement',	'studentmanagement',	'admissionsettings',	4,	'',	1,	0,	NULL,	'2017-05-01 15:24:21',	NULL,	'2017-05-01 15:24:21'),
(165,	'student_admission',	'student_admission',	'Student Admission',	0,	'studentmanagement',	'studentmanagement',	'studentmanagement',	1,	'',	1,	0,	NULL,	'2017-05-01 15:24:20',	NULL,	'2017-05-01 15:24:20'),
(167,	'student_feeplan_details',	'student_feeplan_details',	'Student Feeplan Details',	0,	'studentmanagement',	'studentmanagement',	'studentmanagement',	3,	'',	0,	0,	NULL,	'2017-05-01 15:24:21',	NULL,	'2017-05-01 15:24:21'),
(164,	'student_history',	'student_history',	'Student History',	0,	'studentmanagement',	'studentmanagement',	'studentmanagement',	2,	'',	0,	0,	NULL,	'2017-05-01 15:24:19',	NULL,	'2017-05-01 15:24:19'),
(163,	'student_log',	'student_log',	'Student Log',	0,	'studentmanagement',	'studentmanagement',	'studentmanagement',	7,	'',	0,	0,	NULL,	'2017-05-01 15:24:18',	NULL,	'2017-05-01 15:24:18'),
(162,	'student_quota',	'student_quota',	'Student Quota',	0,	'studentmanagement',	'studentmanagement',	'admissionsettings',	2,	'',	1,	0,	NULL,	'2017-05-01 15:24:18',	NULL,	'2017-05-01 15:24:18'),
(161,	'student_status',	'student_status',	'Student Status',	0,	'studentmanagement',	'studentmanagement',	'admissionsettings',	1,	'',	1,	0,	NULL,	'2017-05-01 15:24:18',	NULL,	'2017-05-01 15:24:18'),
(176,	'student_update_info',	'student_update_info',	'Student Update Info',	0,	'updateinfo',	'updateinfo',	'updateinfo',	1,	'',	1,	0,	NULL,	'2017-05-03 15:12:31',	NULL,	'2017-05-03 15:12:31'),
(130,	'transaction_logs',	'transaction_logs',	'Transaction Logs',	0,	'financemanagement',	'financemanagement',	'financemanagement',	6,	'',	1,	0,	NULL,	'2017-05-01 15:23:55',	NULL,	'2017-05-01 15:23:57'),
(133,	'transaction_logs_details',	'transaction_logs_details',	'Transaction Logs Details',	0,	'financemanagement',	'financemanagement',	'financemanagement',	7,	'',	2,	0,	NULL,	'2017-05-01 15:23:56',	NULL,	'2017-05-01 15:23:56'),
(132,	'transaction_status',	'transaction_status',	'Transaction Status',	0,	'financemanagement',	'financesettings',	'financesettings',	1,	'',	1,	0,	NULL,	'2017-05-01 15:23:56',	NULL,	'2017-05-01 15:23:56'),
(168,	'transportmanagement',	'transportmanagement',	'Transport Management',	1,	'',	'',	'',	19,	'icon-picture',	0,	0,	NULL,	'2017-05-03 11:29:27',	NULL,	'2017-05-03 11:29:27'),
(170,	'tr_route_assign',	'tr_route_assign',	'Route Assign',	0,	'transportmanagement',	'transportmanagement',	'transportmanagement',	2,	'',	1,	0,	NULL,	'2017-05-03 11:29:27',	NULL,	'2017-05-03 11:29:27'),
(169,	'tr_route_list',	'tr_route_list',	'Route List',	0,	'transportmanagement',	'transportmanagement',	'transportmanagement',	1,	'',	1,	0,	NULL,	'2017-05-03 11:29:27',	NULL,	'2017-05-03 11:29:27'),
(171,	'tr_student_route_details',	'tr_student_route_details',	'Student Route Details',	0,	'transportmanagement',	'transportmanagement',	'transportmanagement',	3,	'',	1,	0,	NULL,	'2017-05-03 11:29:27',	NULL,	'2017-05-03 11:29:27'),
(175,	'updateinfo',	'updateinfo',	'Update Info',	1,	'',	'',	'',	90,	'icon-picture',	0,	0,	NULL,	'2017-05-03 15:12:31',	NULL,	'2017-05-03 15:12:31');

DROP TABLE IF EXISTS `core_relation_type`;
CREATE TABLE `core_relation_type` (
  `id` int(11) NOT NULL AUTO_INCREMENT COMMENT 'Profile Id',
  `name` varchar(255) DEFAULT NULL COMMENT 'Name',
  `short_code` varchar(255) NOT NULL COMMENT 'Short Code',
  `createdat` datetime DEFAULT NULL COMMENT 'Created Datetime',
  `updatedat` datetime DEFAULT NULL COMMENT 'Updated Datetime',
  PRIMARY KEY (`short_code`),
  UNIQUE KEY `id` (`id`)
) ENGINE=InnoDB DEFAULT CHARSET=utf8 COMMENT='Relation Type';

INSERT INTO `core_relation_type` (`id`, `name`, `short_code`, `createdat`, `updatedat`) VALUES
(1,	'MANY TO ONE',	'MTO',	'2017-05-01 15:23:02',	'2017-05-01 15:23:02'),
(2,	'ONE TO MANY',	'OTM',	'2017-05-01 15:23:02',	'2017-05-01 15:23:02'),
(3,	'ONE TO ONE',	'OTO',	'2017-05-01 15:23:02',	'2017-05-01 15:23:02');

DROP TABLE IF EXISTS `core_reportsdetails`;
CREATE TABLE `core_reportsdetails` (
  `id` int(11) NOT NULL AUTO_INCREMENT COMMENT 'Report Id',
  `node_id` varchar(255) DEFAULT NULL COMMENT 'Node Name',
  `name` varchar(255) DEFAULT NULL COMMENT 'Name',
  `core_output_type_id` varchar(255) DEFAULT NULL COMMENT 'Output Type',
  `db_output_type_id` varchar(255) DEFAULT NULL COMMENT 'Dashboad Output Type',
  `qry` longtext COMMENT 'Qry',
  `show_dashboard` tinyint(1) DEFAULT NULL COMMENT 'Is Show In Dashboard',
  `is_custom` tinyint(1) DEFAULT NULL COMMENT 'Is Custom',
  `is_publish` tinyint(1) DEFAULT NULL COMMENT 'Is Publish',
  `sortvalue` int(11) DEFAULT NULL COMMENT 'Sort Value',
  `createdby` int(11) DEFAULT NULL COMMENT 'Created User Id',
  `createdat` datetime DEFAULT NULL COMMENT 'Created Datetime',
  `updatedby` int(11) DEFAULT NULL COMMENT 'Updated User Id',
  `updatedat` datetime DEFAULT NULL COMMENT 'Updated Datetime',
  PRIMARY KEY (`id`),
  UNIQUE KEY `id` (`id`)
) ENGINE=InnoDB DEFAULT CHARSET=utf8 COMMENT='Report Details';


DROP TABLE IF EXISTS `core_reportsdetails_settings`;
CREATE TABLE `core_reportsdetails_settings` (
  `id` int(11) NOT NULL AUTO_INCREMENT COMMENT 'Report Settings Id',
  `core_reportsdetails_id` varchar(255) DEFAULT NULL COMMENT 'Reprot Id',
  `node_id` varchar(255) DEFAULT NULL COMMENT 'Node Name',
  `core_queryclause_id` varchar(255) DEFAULT NULL COMMENT 'Query Clause',
  `core_orderclausetype_id` varchar(255) DEFAULT NULL COMMENT 'Query Type Clause',
  `core_aggregate_function_id` varchar(255) DEFAULT NULL COMMENT 'Aggregate Function',
  `fieldsdata` varchar(255) DEFAULT NULL COMMENT 'Fields Data',
  `displayname` varchar(255) DEFAULT NULL COMMENT 'Display Name',
  `sortno` int(11) DEFAULT NULL COMMENT 'Sort Value',
  `createdby` int(11) DEFAULT NULL COMMENT 'Created User Id',
  `createdat` datetime DEFAULT NULL COMMENT 'Created Datetime',
  `updatedby` int(11) DEFAULT NULL COMMENT 'Updated User Id',
  `updatedat` datetime DEFAULT NULL COMMENT 'Updated Datetime',
  PRIMARY KEY (`id`),
  UNIQUE KEY `id` (`id`)
) ENGINE=InnoDB DEFAULT CHARSET=utf8 COMMENT='Report Settings Details';


DROP TABLE IF EXISTS `core_report_outputtypes`;
CREATE TABLE `core_report_outputtypes` (
  `id` int(11) NOT NULL AUTO_INCREMENT COMMENT 'Profile Id',
  `core_reportsdetails_id` int(11) DEFAULT NULL COMMENT 'Report details Id',
  `score_output_type_id` varchar(255) DEFAULT NULL COMMENT 'Output Type Id',
  `createdby` int(11) DEFAULT NULL COMMENT 'Created User Id',
  `createdat` datetime DEFAULT NULL COMMENT 'Created Datetime',
  `updatedby` int(11) DEFAULT NULL COMMENT 'Updated User Id',
  `updatedat` datetime DEFAULT NULL COMMENT 'Updated Datetime',
  PRIMARY KEY (`id`)
) ENGINE=InnoDB DEFAULT CHARSET=utf8 COMMENT='Report Output Type';


DROP TABLE IF EXISTS `core_report_template`;
CREATE TABLE `core_report_template` (
  `id` int(11) NOT NULL AUTO_INCREMENT COMMENT 'Profile Id',
  `name` varchar(255) DEFAULT NULL COMMENT 'Name',
  `short_code` varchar(100) NOT NULL COMMENT 'Short Code',
  `is_progressreport` tinyint(1) DEFAULT NULL COMMENT 'Progress Report',
  `template` text COMMENT 'Template',
  `createdby` int(11) DEFAULT NULL COMMENT 'Created User Id',
  `createdat` datetime DEFAULT NULL COMMENT 'Created Datetime',
  `updatedby` int(11) DEFAULT NULL COMMENT 'Updated User Id',
  `updatedat` datetime DEFAULT NULL COMMENT 'Updated Datetime',
  PRIMARY KEY (`short_code`),
  UNIQUE KEY `id` (`id`)
) ENGINE=InnoDB DEFAULT CHARSET=utf8 COMMENT='Report Template';

INSERT INTO `core_report_template` (`id`, `name`, `short_code`, `is_progressreport`, `template`, `createdby`, `createdat`, `updatedby`, `updatedat`) VALUES
(1,	'progressreport',	'PGR',	NULL,	'<div style=\"\r\n    border-bottom-color: black;\r\n    margin: 15px;\r\n    border-radius:25px;\r\n    border: 2px;\r\n    display: table;\r\n    border: 2px solid #a1a1a1;  \r\n\">\r\n<div id=\"progressreport\" style=\"width: 650px; padding-top: 10px; margin-left: 50px; margin-top: 30px; font-family: serif;\">\r\n<div class=\"heading\">\r\n<div id=\"organization_details\"><span style=\"font-family:georgia,serif\">{ORGANIZATIONLOGO} <span style=\"color:#0000FF\">{ORGANIZATIONNAME} </span> </span></div>\r\n</div>\r\n\r\n<div>&nbsp;</div>\r\n\r\n<div style=\"padding-top: 15px;\">\r\n<table style=\"margin-top:15px; width:100%\">\r\n	<tbody>\r\n		<tr>\r\n			<td>Admission No</td>\r\n			<td>:</td>\r\n			<td>{ADMISSIONNO}</td>\r\n			<td>Name</td>\r\n			<td>:</td>\r\n			<td>{NAME}</td>\r\n		</tr>\r\n		<tr>\r\n			<td>Branch</td>\r\n			<td>:</td>\r\n			<td>{BRANCH}</td>\r\n			<td>Course</td>\r\n			<td>:</td>\r\n			<td>{COURSE}</td>\r\n		</tr>\r\n		<tr>\r\n			<td>Class</td>\r\n			<td>:</td>\r\n			<td>{CLASS}</td>\r\n			<td>Section</td>\r\n			<td>:</td>\r\n			<td>{SECTION}</td>\r\n		</tr>\r\n	</tbody>\r\n</table>\r\n</div>\r\n\r\n<div class=\"examnamediv\" style=\"text-align: center;\"><strong><span style=\"color:#ff3300\">{EXAMNAME} </span></strong></div>\r\n\r\n<div id=\"marksdetails\" style=\"text-align: center; width:600px;\">\r\n<div>\r\n<table align=\"center\" border=\"2px;\" style=\"border-collapse:collapse; margin-top:20px; text-align:center; width:600px\">\r\n	<tbody><!--<rhead>-->\r\n		<tr>\r\n			<th>Subject</th>\r\n			<th>Max Marks</th>\r\n			<!--<exnamelist>-->\r\n			<th>{ENAME}</th>\r\n			<!--</exnamelist>-->\r\n			<th>Grade</th>\r\n			<th>Grade Points</th>\r\n			<th>Remarks</th>\r\n		</tr>\r\n		<!--</rhead>--><!--<data>-->\r\n		<tr>\r\n			<td style=\"text-align:left\"><strong>{SUBJECTNAME}</strong></td>\r\n			<td>{MM}</td>\r\n			<!--<exrs>-->\r\n			<td>{OBTAINEDMARKS}</td>\r\n			<!--</exrs>-->\r\n			<td>{GRADE}</td>\r\n			<td>{GRADEPOINTS}</td>\r\n			<td>{REMARKS}</td>\r\n		</tr>\r\n		<!--</data>-->\r\n	</tbody>\r\n</table>\r\n</div>\r\n\r\n<div>\r\n<table align=\"center\" style=\"margin-top:20px; text-align:center; width:600px\">\r\n	<tbody>\r\n		<tr>\r\n			<td>GRADE TOTAL</td>\r\n			<td>:</td>\r\n			<td>{GRANDTOTAL}</td>\r\n			<td>Final Grade</td>\r\n			<td>:</td>\r\n			<td>{FINALGRADE}</td>\r\n			<td>GPA</td>\r\n			<td>:</td>\r\n			<td>{GPA}</td>\r\n		</tr>\r\n	</tbody>\r\n</table>\r\n</div>\r\n\r\n<div style=\"display: table; padding-top: 15px;\">Overall Remarks:<strong>{OVERALLREMARKS}</strong></div>\r\n</div>\r\n\r\n<div style=\"text-align: right; margin-top: 20px; padding-right: 18px;padding-bottom: 13px;\">\r\n<div style=\"height:30px;\">&nbsp;</div>\r\n\r\n<div style=\"font-weight: bold;\">Authorised Signature</div>\r\n</div>\r\n</div>\r\n</div>\r\n',	NULL,	'2017-05-19 11:36:05',	NULL,	'2017-05-19 11:36:05');

DROP TABLE IF EXISTS `core_root_attributes`;
CREATE TABLE `core_root_attributes` (
  `id` int(11) NOT NULL AUTO_INCREMENT COMMENT 'Root Attribute Id',
  `name` varchar(255) DEFAULT NULL COMMENT 'Name',
  `short_code` varchar(255) NOT NULL COMMENT 'Short Code',
  `createdby` int(11) DEFAULT NULL COMMENT 'Created User Id',
  `createdat` datetime DEFAULT NULL COMMENT 'Created Datetime',
  `updatedby` int(11) DEFAULT NULL COMMENT 'Updated User Id',
  `updatedat` datetime DEFAULT NULL COMMENT 'Updated Datetime',
  PRIMARY KEY (`short_code`),
  UNIQUE KEY `id` (`id`)
) ENGINE=InnoDB DEFAULT CHARSET=utf8 COMMENT='Root Attributes';

INSERT INTO `core_root_attributes` (`id`, `name`, `short_code`, `createdby`, `createdat`, `updatedby`, `updatedat`) VALUES
(2,	'Boolean',	'checkbox',	NULL,	'2017-05-01 15:22:57',	NULL,	NULL),
(15,	'Color',	'color',	NULL,	'2017-05-01 15:22:58',	NULL,	NULL),
(9,	'Date',	'date',	NULL,	'2017-05-01 15:22:57',	NULL,	NULL),
(11,	'Date and Time',	'datetime',	NULL,	'2017-05-01 15:22:58',	NULL,	NULL),
(18,	'Email',	'email',	NULL,	'2017-05-01 15:22:58',	NULL,	NULL),
(3,	'File',	'file',	NULL,	'2017-05-01 15:22:57',	NULL,	NULL),
(14,	'HTML Editor',	'htmleditor',	NULL,	'2017-05-01 15:22:58',	NULL,	NULL),
(4,	'Image',	'image',	NULL,	'2017-05-01 15:22:57',	NULL,	NULL),
(17,	'Integer',	'integer',	NULL,	'2017-05-01 15:22:58',	NULL,	NULL),
(13,	'IP Address',	'ipaddress',	NULL,	'2017-05-01 15:22:58',	NULL,	NULL),
(16,	'Number',	'number',	NULL,	'2017-05-01 15:22:58',	NULL,	NULL),
(19,	'Password',	'password',	NULL,	'2017-05-01 15:22:58',	NULL,	NULL),
(8,	'Radio',	'radio',	NULL,	'2017-05-01 15:22:57',	NULL,	NULL),
(20,	'Range',	'range',	NULL,	'2017-05-01 15:22:58',	NULL,	NULL),
(7,	'Select',	'select',	NULL,	'2017-05-01 15:22:57',	NULL,	NULL),
(1,	'Text',	'text',	NULL,	'2017-05-01 15:22:57',	NULL,	NULL),
(10,	'Time',	'time',	NULL,	'2017-05-01 15:22:57',	NULL,	NULL),
(12,	'Time Zone',	'timezone',	NULL,	'2017-05-01 15:22:58',	NULL,	NULL),
(6,	'Url',	'url',	NULL,	'2017-05-01 15:22:57',	NULL,	NULL),
(5,	'Video',	'video',	NULL,	'2017-05-01 15:22:57',	NULL,	NULL);

DROP TABLE IF EXISTS `core_settings_sequence`;
CREATE TABLE `core_settings_sequence` (
  `id` int(11) NOT NULL AUTO_INCREMENT COMMENT 'Settings Sequence Id',
  `identity` varchar(255) DEFAULT NULL COMMENT 'Identity',
  `prefix` varchar(255) DEFAULT NULL COMMENT 'prefix',
  `sequence_from` int(11) DEFAULT NULL COMMENT 'Sequence From',
  `left_padding` int(11) DEFAULT NULL COMMENT 'Left Padding',
  `current_sequence` int(11) DEFAULT NULL COMMENT 'Current Sequence',
  `createdby` int(11) DEFAULT NULL COMMENT 'Created User Id',
  `createdat` datetime DEFAULT NULL COMMENT 'Created Datetime',
  `updatedby` int(11) DEFAULT NULL COMMENT 'Updated User Id',
  `updatedat` datetime DEFAULT NULL COMMENT 'Updated Datetime',
  PRIMARY KEY (`id`)
) ENGINE=InnoDB DEFAULT CHARSET=utf8 COMMENT='Settings Sequence';

INSERT INTO `core_settings_sequence` (`id`, `identity`, `prefix`, `sequence_from`, `left_padding`, `current_sequence`, `createdby`, `createdat`, `updatedby`, `updatedat`) VALUES
(1,	'STUDENT',	'ST',	1,	4,	40,	NULL,	'2017-05-01 16:34:31',	NULL,	'2017-05-01 16:34:31'),
(2,	'FEERECEIPT',	'RCPT',	1,	3,	36,	NULL,	'2017-05-01 16:34:50',	NULL,	'2017-05-01 16:34:50'),
(3,	'TRANSACTION',	'TRN',	1,	3,	60,	NULL,	'2017-05-01 16:35:06',	NULL,	'2017-05-01 16:35:06'),
(4,	'NOTIFICATION',	'NOTICE',	1,	4,	19,	NULL,	'2017-05-01 16:35:27',	NULL,	'2017-05-01 16:35:27'),
(5,	'STAFF',	'STAFF',	1,	4,	16,	NULL,	'2017-05-01 16:35:43',	NULL,	'2017-05-01 16:35:43');

DROP TABLE IF EXISTS `core_setupschema`;
CREATE TABLE `core_setupschema` (
  `id` bigint(11) NOT NULL AUTO_INCREMENT COMMENT 'Id',
  `modulename` varchar(255) DEFAULT NULL COMMENT 'Module Name',
  `schemaversion` varchar(255) DEFAULT NULL COMMENT 'Schema Version',
  `dataversion` varchar(255) DEFAULT NULL COMMENT 'Data Version',
  `attributeversion` varchar(255) DEFAULT NULL COMMENT 'Attribute Version',
  `createdby` int(11) DEFAULT NULL COMMENT 'Created User Id',
  `createdat` datetime DEFAULT NULL COMMENT 'Created Datetime',
  `updatedby` int(11) DEFAULT NULL COMMENT 'Updated User Id',
  `updatedat` datetime DEFAULT NULL COMMENT 'Updated Datetime',
  PRIMARY KEY (`id`),
  UNIQUE KEY `id` (`id`)
) ENGINE=InnoDB DEFAULT CHARSET=utf8 COMMENT='Setup Schema Details';

INSERT INTO `core_setupschema` (`id`, `modulename`, `schemaversion`, `dataversion`, `attributeversion`, `createdby`, `createdat`, `updatedby`, `updatedat`) VALUES
(1,	'core_developmentsettings',	'1.0.3',	'1.0.3',	NULL,	NULL,	NULL,	NULL,	NULL),
(2,	'core_usermanagement',	'1.0.0',	'1.0.0',	'1.0.0',	NULL,	NULL,	NULL,	NULL),
(4,	'contentmanagementsystem',	'1.0.0',	'1.0.0',	NULL,	NULL,	NULL,	NULL,	NULL),
(5,	'curriculum',	'1.0.0',	'1.0.0',	NULL,	NULL,	NULL,	NULL,	NULL),
(6,	'feesetup',	'1.0.0',	'1.0.0',	NULL,	NULL,	NULL,	NULL,	NULL),
(7,	'financemanagement',	'1.0.0',	'1.0.0',	NULL,	NULL,	NULL,	NULL,	NULL),
(8,	'librarymanagement',	'1.0.0',	'1.0.0',	NULL,	NULL,	NULL,	NULL,	NULL),
(9,	'notificationmanagement',	'1.0.0',	'1.0.0',	NULL,	NULL,	NULL,	NULL,	NULL),
(10,	'staffmanagement',	'1.0.0',	'1.0.0',	NULL,	NULL,	NULL,	NULL,	NULL),
(11,	'studentmanagement',	'1.0.0',	'1.0.0',	NULL,	NULL,	NULL,	NULL,	NULL),
(12,	'transportmanagement',	'1.0.0',	'1.0.0',	NULL,	NULL,	NULL,	NULL,	NULL),
(13,	'academics',	'1.0.0',	'1.0.0',	NULL,	NULL,	NULL,	NULL,	NULL),
(14,	'updateinfo',	'1.0.0',	'1.0.0',	NULL,	NULL,	NULL,	NULL,	NULL),
(15,	'leavemanagement',	'1.0.0',	'1.0.0',	NULL,	NULL,	NULL,	NULL,	NULL);

DROP TABLE IF EXISTS `core_sms_log`;
CREATE TABLE `core_sms_log` (
  `id` int(11) NOT NULL AUTO_INCREMENT COMMENT 'SMS Log Id',
  `mobile_no` varchar(255) DEFAULT NULL COMMENT 'Mobile No',
  `smstrackerid` varchar(255) DEFAULT NULL COMMENT 'Sms Tracker Id',
  `sms_status` varchar(255) DEFAULT NULL COMMENT 'Sms Status',
  `senderid` varchar(255) DEFAULT NULL COMMENT 'Sender Id',
  `date` date DEFAULT NULL COMMENT 'Date',
  `text` longtext COMMENT 'text',
  `createdby` int(11) DEFAULT NULL COMMENT 'Created User Id',
  `createdat` datetime DEFAULT NULL COMMENT 'Created Datetime',
  `updatedby` int(11) DEFAULT NULL COMMENT 'Updated User Id',
  `updatedat` datetime DEFAULT NULL COMMENT 'Updated Datetime',
  PRIMARY KEY (`id`)
) ENGINE=InnoDB DEFAULT CHARSET=utf8 COMMENT='SMS Log Details';


DROP TABLE IF EXISTS `core_sms_notifications`;
CREATE TABLE `core_sms_notifications` (
  `id` int(11) NOT NULL AUTO_INCREMENT COMMENT 'SMS Notification Id',
  `core_registernode_id` varchar(255) DEFAULT NULL COMMENT 'Node Name',
  `core_node_actions_id` varchar(255) DEFAULT NULL COMMENT 'Node Action Code',
  `template` longtext COMMENT 'Template',
  `defaultnos` longtext COMMENT 'Default Nos',
  `colname` varchar(255) DEFAULT NULL COMMENT 'Column Name',
  `active_status` tinyint(1) DEFAULT NULL COMMENT 'Is Active',
  `createdby` int(11) DEFAULT NULL COMMENT 'Created User Id',
  `createdat` datetime DEFAULT NULL COMMENT 'Created Datetime',
  `updatedby` int(11) DEFAULT NULL COMMENT 'Updated User Id',
  `updatedat` datetime DEFAULT NULL COMMENT 'Updated Datetime',
  PRIMARY KEY (`id`)
) ENGINE=InnoDB DEFAULT CHARSET=utf8 COMMENT='SMS Notifications';


DROP TABLE IF EXISTS `core_sms_settings`;
CREATE TABLE `core_sms_settings` (
  `id` int(11) NOT NULL AUTO_INCREMENT COMMENT 'Sms Settings Id',
  `gateway` text COMMENT 'Gate Way Url',
  `username` varchar(255) DEFAULT NULL COMMENT 'User Name',
  `password` varchar(255) DEFAULT NULL COMMENT 'Password',
  `route` varchar(255) DEFAULT NULL COMMENT 'Route Id',
  `senderid` varchar(255) DEFAULT NULL COMMENT 'Sender Id',
  `active_status` tinyint(1) DEFAULT NULL COMMENT 'Is Active',
  `createdby` int(11) DEFAULT NULL COMMENT 'Created User Id',
  `createdat` datetime DEFAULT NULL COMMENT 'Created Datetime',
  `updatedby` int(11) DEFAULT NULL COMMENT 'Updated User Id',
  `updatedat` datetime DEFAULT NULL COMMENT 'Updated Datetime',
  PRIMARY KEY (`id`)
) ENGINE=InnoDB DEFAULT CHARSET=utf8 COMMENT='Sms Settings';


DROP TABLE IF EXISTS `core_sms_verify`;
CREATE TABLE `core_sms_verify` (
  `id` bigint(11) NOT NULL AUTO_INCREMENT COMMENT ' Id',
  `type` varchar(255) DEFAULT NULL COMMENT 'type',
  `type_id` varchar(255) DEFAULT NULL COMMENT 'Type Id',
  `expdate` date DEFAULT NULL COMMENT 'Exp Date',
  `code` varchar(255) DEFAULT NULL COMMENT 'Code',
  `status` varchar(255) DEFAULT NULL COMMENT 'status',
  `createdby` bigint(11) DEFAULT NULL COMMENT 'Created Id',
  `createdat` datetime DEFAULT NULL COMMENT 'Created Datetime',
  `updatedby` bigint(11) DEFAULT NULL COMMENT 'Updated Id',
  `updatedat` datetime DEFAULT NULL COMMENT 'Updated Datetime',
  PRIMARY KEY (`id`)
) ENGINE=InnoDB DEFAULT CHARSET=utf8 COMMENT='SMS Verify';


DROP TABLE IF EXISTS `core_socialnetworkingsites`;
CREATE TABLE `core_socialnetworkingsites` (
  `id` int(11) NOT NULL AUTO_INCREMENT COMMENT 'Social Networking Site Id',
  `name` varchar(255) DEFAULT NULL COMMENT 'Name',
  `short_code` varchar(255) NOT NULL COMMENT 'Short Code',
  `icon` varchar(255) DEFAULT NULL COMMENT 'Icon',
  `createdby` int(11) DEFAULT NULL COMMENT 'Created User Id',
  `createdat` datetime DEFAULT NULL COMMENT 'Created Datetime',
  `updatedby` int(11) DEFAULT NULL COMMENT 'Updated User Id',
  `updatedat` datetime DEFAULT NULL COMMENT 'Updated Datetime',
  PRIMARY KEY (`short_code`),
  UNIQUE KEY `id` (`id`)
) ENGINE=InnoDB DEFAULT CHARSET=utf8 COMMENT='Social Networking Site ';


DROP TABLE IF EXISTS `core_uniquefieldset`;
CREATE TABLE `core_uniquefieldset` (
  `id` int(11) NOT NULL AUTO_INCREMENT COMMENT 'Unique Field Id',
  `core_node_settings_id` varchar(255) DEFAULT NULL COMMENT 'Node Name',
  `uniquefieldset` longtext COMMENT 'Unique Field Set',
  `createdby` int(11) DEFAULT NULL COMMENT 'Created User Id',
  `createdat` datetime DEFAULT NULL COMMENT 'Created Datetime',
  `updatedby` int(11) DEFAULT NULL COMMENT 'Updated User Id',
  `updatedat` datetime DEFAULT NULL COMMENT 'Updated Datetime',
  PRIMARY KEY (`id`)
) ENGINE=InnoDB DEFAULT CHARSET=utf8 COMMENT='Unique Field Details';


DROP TABLE IF EXISTS `core_url_rewrite`;
CREATE TABLE `core_url_rewrite` (
  `id` bigint(17) NOT NULL AUTO_INCREMENT COMMENT 'Url Id',
  `core_registernode_id` varchar(255) DEFAULT NULL COMMENT 'Node Name',
  `primary_id` longtext COMMENT 'Primary Id',
  `request_path` varchar(255) DEFAULT NULL COMMENT 'Request Path',
  `target_path` varchar(255) DEFAULT NULL COMMENT 'Target Path',
  `description` text COMMENT 'Description',
  `is_autogenerated` tinyint(1) DEFAULT NULL COMMENT 'Is rewrite generated automatically flag',
  `metadata` text COMMENT 'Metadata',
  `createdby` int(11) DEFAULT NULL COMMENT 'Created User Id',
  `createdat` datetime DEFAULT NULL COMMENT 'Created Datetime',
  `updatedby` int(11) DEFAULT NULL COMMENT 'Updated User Id',
  `updatedat` datetime DEFAULT NULL COMMENT 'Updated Datetime',
  PRIMARY KEY (`id`)
) ENGINE=InnoDB DEFAULT CHARSET=utf8 COMMENT='Url Redirection';


DROP TABLE IF EXISTS `core_useronline`;
CREATE TABLE `core_useronline` (
  `id` int(11) NOT NULL AUTO_INCREMENT COMMENT 'Id',
  `core_user_id` varchar(255) DEFAULT NULL COMMENT 'User Id',
  `name` varchar(255) DEFAULT NULL COMMENT 'user Name',
  `host` varchar(255) DEFAULT NULL COMMENT 'Host',
  `sesssionid` varchar(255) DEFAULT NULL COMMENT 'Sesssion Id',
  `createdby` int(11) DEFAULT NULL COMMENT 'Created User Id',
  `createdat` datetime DEFAULT NULL COMMENT 'Created Datetime',
  `updatedby` int(11) DEFAULT NULL COMMENT 'Updated User Id',
  `updatedat` datetime DEFAULT NULL COMMENT 'Updated Datetime',
  PRIMARY KEY (`id`)
) ENGINE=InnoDB DEFAULT CHARSET=utf8 COMMENT='Online User Details';


DROP TABLE IF EXISTS `core_users`;
CREATE TABLE `core_users` (
  `id` int(11) NOT NULL AUTO_INCREMENT COMMENT 'User Id',
  `name` varchar(255) DEFAULT NULL COMMENT 'Name',
  `username` varchar(255) DEFAULT NULL COMMENT 'User Name',
  `user_image` varchar(255) DEFAULT NULL COMMENT 'User Image',
  `password` varchar(255) DEFAULT NULL COMMENT 'Password',
  `core_profile_id` varchar(255) DEFAULT NULL COMMENT 'Profile Code',
  `active_status` tinyint(11) DEFAULT NULL COMMENT 'Is Active',
  `createdby` int(11) DEFAULT NULL COMMENT 'Created User Id',
  `createdat` datetime DEFAULT NULL COMMENT 'Created Datetime',
  `updatedby` int(11) DEFAULT NULL COMMENT 'Updated User Id',
  `updatedat` datetime DEFAULT NULL COMMENT 'Updated Datetime',
  PRIMARY KEY (`id`),
  UNIQUE KEY `id` (`id`)
) ENGINE=InnoDB DEFAULT CHARSET=utf8 COMMENT='User Details';

INSERT INTO `core_users` (`id`, `name`, `username`, `user_image`, `password`, `core_profile_id`, `active_status`, `createdby`, `createdat`, `updatedby`, `updatedat`) VALUES
(1,	'Super Admin',	'superadmin',	'|||||',	'superadmin',	'SA',	1,	NULL,	'2017-05-01 18:52:41',	NULL,	'2017-05-16 09:16:24'),
(2,	'schooladmin',	'schooladmin',	'|||||',	'schooladmin',	'SHA',	1,	NULL,	'2017-05-15 13:17:04',	NULL,	'2017-05-15 13:17:04');

DROP TABLE IF EXISTS `core_websiteloginhistory`;
CREATE TABLE `core_websiteloginhistory` (
  `id` int(11) NOT NULL AUTO_INCREMENT COMMENT 'Id',
  `loginname` varchar(255) DEFAULT NULL COMMENT 'Login Name',
  `loginid` varchar(255) DEFAULT NULL COMMENT 'Login Id',
  `core_profile_id` varchar(255) DEFAULT NULL COMMENT 'Profile Id',
  `datetime` datetime DEFAULT NULL COMMENT 'Datetime',
  `host` varchar(255) DEFAULT NULL COMMENT 'Host',
  `sesssionid` varchar(255) DEFAULT NULL COMMENT 'Sesssion Id',
  `is_online` varchar(255) DEFAULT NULL COMMENT 'Is Online',
  `createdby` int(11) DEFAULT NULL COMMENT 'Created User Id',
  `createdat` datetime DEFAULT NULL COMMENT 'Created Datetime',
  `updatedby` int(11) DEFAULT NULL COMMENT 'Updated User Id',
  `updatedat` datetime DEFAULT NULL COMMENT 'Updated Datetime',
  PRIMARY KEY (`id`)
) ENGINE=InnoDB DEFAULT CHARSET=utf8 COMMENT='Website Login History Details';


DROP TABLE IF EXISTS `core_websiteusers`;
CREATE TABLE `core_websiteusers` (
  `id` int(11) NOT NULL AUTO_INCREMENT COMMENT 'Websiteuser Id',
  `first_name` varchar(255) DEFAULT NULL COMMENT 'First Name',
  `last_name` varchar(255) DEFAULT NULL COMMENT 'Last Name',
  `username` varchar(255) DEFAULT NULL COMMENT 'User Name',
  `usercode` varchar(255) DEFAULT NULL COMMENT 'Created User Code',
  `email_id` varchar(255) DEFAULT NULL COMMENT 'Email Id',
  `phone_no` int(14) DEFAULT NULL COMMENT 'Phone No',
  `password` text COMMENT 'Password',
  `profile_id` varchar(255) DEFAULT NULL COMMENT 'Profile Id',
  `createdby` int(11) DEFAULT NULL COMMENT 'Created By',
  `createdat` datetime DEFAULT NULL COMMENT 'Created Datetime',
  `updatedby` int(11) DEFAULT NULL COMMENT 'Updated By',
  `updatedat` datetime DEFAULT NULL COMMENT 'Updated Date',
  PRIMARY KEY (`id`),
  UNIQUE KEY `id` (`id`)
) ENGINE=InnoDB DEFAULT CHARSET=utf8 COMMENT='Websiteusers Details';


DROP TABLE IF EXISTS `core_week_details`;
CREATE TABLE `core_week_details` (
  `id` bigint(11) NOT NULL AUTO_INCREMENT COMMENT 'Days Id',
  `name` varchar(255) DEFAULT NULL COMMENT 'Name',
  `short_name` varchar(255) DEFAULT NULL COMMENT 'Short Name',
  `short_code` varchar(255) NOT NULL COMMENT 'Short Code',
  `short_order` int(11) DEFAULT NULL COMMENT 'Short Order',
  `active_status` tinyint(1) DEFAULT NULL COMMENT 'Active Status',
  `createdby` bigint(11) DEFAULT NULL COMMENT 'Created Id',
  `createdat` datetime DEFAULT NULL COMMENT 'Created Datetime',
  `updatedby` bigint(11) DEFAULT NULL COMMENT 'Updated Id',
  `updatedat` datetime DEFAULT NULL COMMENT 'Updated Datetime',
  PRIMARY KEY (`short_code`),
  UNIQUE KEY `id` (`id`)
) ENGINE=InnoDB DEFAULT CHARSET=utf8 COMMENT='List Week Days';


DROP TABLE IF EXISTS `core_whatsapp_settings`;
CREATE TABLE `core_whatsapp_settings` (
  `id` int(11) NOT NULL AUTO_INCREMENT COMMENT 'Sms Settings Id',
  `username` varchar(255) DEFAULT NULL COMMENT 'User Name',
  `password` varchar(255) DEFAULT NULL COMMENT 'Password',
  `nickname` varchar(255) DEFAULT NULL COMMENT 'Nick Name',
  `identity` varchar(255) DEFAULT NULL COMMENT 'Identity',
  `active_status` tinyint(1) DEFAULT NULL COMMENT 'Is Active',
  `createdby` int(11) DEFAULT NULL COMMENT 'Created User Id',
  `createdat` datetime DEFAULT NULL COMMENT 'Created Datetime',
  `updatedby` int(11) DEFAULT NULL COMMENT 'Updated User Id',
  `updatedat` datetime DEFAULT NULL COMMENT 'Updated Datetime',
  PRIMARY KEY (`id`)
) ENGINE=InnoDB DEFAULT CHARSET=utf8 COMMENT='Whatsapp Settings';


DROP TABLE IF EXISTS `cur_academic_subject`;
CREATE TABLE `cur_academic_subject` (
  `id` bigint(11) NOT NULL AUTO_INCREMENT COMMENT 'Academic Subject Id',
  `cur_subject_type_id` varchar(50) DEFAULT NULL COMMENT 'Student Type Id',
  `name` varchar(255) DEFAULT NULL COMMENT 'Name',
  `code` varchar(50) DEFAULT NULL COMMENT 'Code',
  `subject_group_id` varchar(50) DEFAULT NULL COMMENT 'Subject Group Id',
  `is_elective` tinyint(1) DEFAULT NULL COMMENT 'Is Elective',
  `is_optional` tinyint(1) DEFAULT NULL COMMENT 'Is Optional',
  `is_examination` tinyint(1) DEFAULT NULL COMMENT 'Is Examination',
  `active_status` tinyint(1) DEFAULT NULL COMMENT 'Active Status',
  `createdby` int(11) DEFAULT NULL COMMENT 'Created Id',
  `createdat` datetime DEFAULT NULL COMMENT 'Created Datetime',
  `updatedby` bigint(15) DEFAULT NULL COMMENT 'Updated Id',
  `updatedat` datetime DEFAULT NULL COMMENT 'Updated Datetime',
  PRIMARY KEY (`id`),
  UNIQUE KEY `id` (`id`)
) ENGINE=InnoDB DEFAULT CHARSET=utf8 COMMENT='Academic Subject';

INSERT INTO `cur_academic_subject` (`id`, `cur_subject_type_id`, `name`, `code`, `subject_group_id`, `is_elective`, `is_optional`, `is_examination`, `active_status`, `createdby`, `createdat`, `updatedby`, `updatedat`) VALUES
(1,	'THY',	'English',	'ENG',	'',	0,	0,	1,	1,	NULL,	'2017-05-01 15:35:53',	NULL,	'2017-05-01 15:35:53'),
(2,	'THY',	'Telugu',	'TEL',	'',	0,	0,	1,	1,	NULL,	'2017-05-01 15:36:17',	NULL,	'2017-05-01 15:37:35'),
(3,	'THY',	'Hindi',	'HIN',	'',	0,	0,	1,	1,	NULL,	'2017-05-01 15:36:30',	NULL,	'2017-05-01 15:36:30'),
(4,	'THY',	'Maths',	'MAT',	'',	0,	0,	1,	1,	NULL,	'2017-05-01 15:36:40',	NULL,	'2017-05-01 15:36:40'),
(5,	'THY',	'Science',	'SCI',	'',	0,	0,	1,	1,	NULL,	'2017-05-01 15:36:50',	NULL,	'2017-05-01 15:36:50'),
(6,	'THY',	'Social',	'SOC',	'',	0,	0,	1,	1,	NULL,	'2017-05-01 15:37:00',	NULL,	'2017-05-01 15:37:00'),
(7,	'THY',	'Physics',	'PHY',	'',	0,	0,	1,	1,	NULL,	'2017-05-01 15:37:12',	NULL,	'2017-05-01 15:37:12'),
(8,	'THY',	'Biology',	'BIO',	'',	0,	0,	1,	1,	NULL,	'2017-05-01 15:37:27',	NULL,	'2017-05-01 15:37:27'),
(9,	'THY',	'Chemistry',	'CHY',	'',	0,	0,	1,	1,	NULL,	'2017-05-01 15:47:14',	NULL,	'2017-05-01 15:47:14'),
(10,	'THY',	'Sanskrit',	'SAN',	'',	0,	0,	1,	1,	NULL,	'2017-05-17 11:01:09',	NULL,	'2017-05-17 11:01:09'),
(11,	'PAR',	'Physics',	'PHYS',	'',	0,	0,	1,	1,	NULL,	'2017-05-17 11:01:31',	NULL,	'2017-05-17 11:01:31');

DROP TABLE IF EXISTS `cur_branch_class`;
CREATE TABLE `cur_branch_class` (
  `id` bigint(11) NOT NULL AUTO_INCREMENT COMMENT 'Branch Class Id',
  `cur_list_academicyear_id` varchar(50) DEFAULT NULL COMMENT 'Academic Year Id',
  `list_branch_id` int(11) DEFAULT NULL COMMENT 'Branch Id',
  `cur_branch_orientation_id` bigint(11) DEFAULT NULL COMMENT 'Branch Orientation Id',
  `cur_list_class_id` int(11) DEFAULT NULL COMMENT 'List Class Id',
  `active_status` tinyint(1) DEFAULT NULL COMMENT 'Active Status',
  `createdby` int(11) DEFAULT NULL COMMENT 'Created Id',
  `createdat` datetime DEFAULT NULL COMMENT 'Created Datetime',
  `updatedby` bigint(15) DEFAULT NULL COMMENT 'Updated Id',
  `updatedat` datetime DEFAULT NULL COMMENT 'Updated Datetime',
  PRIMARY KEY (`id`),
  UNIQUE KEY `id` (`id`)
) ENGINE=InnoDB DEFAULT CHARSET=utf8 COMMENT='Branch Class';

INSERT INTO `cur_branch_class` (`id`, `cur_list_academicyear_id`, `list_branch_id`, `cur_branch_orientation_id`, `cur_list_class_id`, `active_status`, `createdby`, `createdat`, `updatedby`, `updatedat`) VALUES
(1,	'2017',	1,	2,	10,	1,	NULL,	'2017-05-01 15:55:24',	NULL,	'2017-05-01 15:55:24'),
(2,	'2017',	1,	2,	9,	1,	NULL,	'2017-05-01 15:55:35',	NULL,	'2017-05-01 15:55:35'),
(3,	'2017',	1,	2,	8,	1,	NULL,	'2017-05-01 15:55:43',	NULL,	'2017-05-01 15:55:43'),
(4,	'2017',	1,	2,	7,	1,	NULL,	'2017-05-01 15:55:51',	NULL,	'2017-05-01 15:55:51'),
(5,	'2017',	1,	2,	6,	1,	NULL,	'2017-05-01 15:56:01',	NULL,	'2017-05-01 15:56:01'),
(6,	'2017',	1,	1,	5,	1,	NULL,	'2017-05-01 15:56:13',	NULL,	'2017-05-01 15:56:13'),
(7,	'2017',	1,	2,	4,	1,	NULL,	'2017-05-01 15:56:23',	NULL,	'2017-05-01 15:56:23'),
(8,	'2017',	1,	1,	3,	1,	NULL,	'2017-05-01 15:56:34',	NULL,	'2017-05-01 15:56:34'),
(9,	'2017',	1,	1,	2,	1,	NULL,	'2017-05-01 15:56:45',	NULL,	'2017-05-01 15:56:45'),
(10,	'2017',	1,	1,	1,	1,	NULL,	'2017-05-01 15:56:54',	NULL,	'2017-05-01 15:56:54'),
(11,	'2017',	2,	3,	11,	1,	NULL,	'2017-05-17 11:07:43',	NULL,	'2017-05-17 11:07:43'),
(12,	'2017',	2,	3,	13,	1,	NULL,	'2017-05-17 11:07:54',	NULL,	'2017-05-17 11:07:54'),
(13,	'2017',	2,	3,	12,	1,	NULL,	'2017-05-17 11:08:04',	NULL,	'2017-05-17 11:08:04');

DROP TABLE IF EXISTS `cur_branch_class_section`;
CREATE TABLE `cur_branch_class_section` (
  `id` bigint(11) NOT NULL AUTO_INCREMENT COMMENT 'Branch Class Section Id',
  `cur_branch_class_id` int(11) DEFAULT NULL COMMENT 'Branch Class Id',
  `name` varchar(255) DEFAULT NULL COMMENT 'Name',
  `active_status` tinyint(1) DEFAULT NULL COMMENT 'Active Status',
  `createdby` int(11) DEFAULT NULL COMMENT 'Created Id',
  `createdat` datetime DEFAULT NULL COMMENT 'Created Datetime',
  `updatedby` bigint(15) DEFAULT NULL COMMENT 'Updated Id',
  `updatedat` datetime DEFAULT NULL COMMENT 'Updated Datetime',
  PRIMARY KEY (`id`),
  UNIQUE KEY `id` (`id`)
) ENGINE=InnoDB DEFAULT CHARSET=utf8 COMMENT='Branch Class Section';

INSERT INTO `cur_branch_class_section` (`id`, `cur_branch_class_id`, `name`, `active_status`, `createdby`, `createdat`, `updatedby`, `updatedat`) VALUES
(1,	1,	'A',	1,	NULL,	'2017-05-01 15:57:10',	NULL,	'2017-05-01 15:57:10'),
(2,	1,	'B',	1,	NULL,	'2017-05-01 15:57:14',	NULL,	'2017-05-01 15:57:14'),
(3,	1,	'C',	1,	NULL,	'2017-05-01 15:57:17',	NULL,	'2017-05-01 15:57:17'),
(4,	1,	'D',	1,	NULL,	'2017-05-01 15:57:20',	NULL,	'2017-05-01 15:57:20'),
(5,	2,	'A',	1,	NULL,	'2017-05-01 15:57:34',	NULL,	'2017-05-01 15:57:34'),
(6,	2,	'B',	1,	NULL,	'2017-05-01 15:57:38',	NULL,	'2017-05-01 15:57:38'),
(7,	2,	'C',	1,	NULL,	'2017-05-01 15:57:42',	NULL,	'2017-05-01 15:57:42'),
(8,	3,	'A',	1,	NULL,	'2017-05-01 15:57:54',	NULL,	'2017-05-01 15:57:54'),
(9,	3,	'B',	1,	NULL,	'2017-05-01 15:57:58',	NULL,	'2017-05-01 15:57:58'),
(10,	11,	'A',	1,	NULL,	'2017-05-17 11:08:33',	NULL,	'2017-05-17 11:08:33'),
(11,	12,	'A',	1,	NULL,	'2017-05-17 11:08:45',	NULL,	'2017-05-17 11:08:45'),
(12,	12,	'B',	1,	NULL,	'2017-05-17 11:08:50',	NULL,	'2017-05-17 11:08:50'),
(13,	13,	'A',	1,	NULL,	'2017-05-17 11:09:03',	NULL,	'2017-05-17 11:09:03'),
(14,	13,	'B',	1,	NULL,	'2017-05-17 11:09:06',	NULL,	'2017-05-17 11:09:06'),
(15,	13,	'C',	1,	NULL,	'2017-05-17 11:09:10',	NULL,	'2017-05-17 11:09:10');

DROP TABLE IF EXISTS `cur_branch_orientation`;
CREATE TABLE `cur_branch_orientation` (
  `id` bigint(11) NOT NULL AUTO_INCREMENT COMMENT 'Branch Orientation Id',
  `list_branch_id` bigint(11) DEFAULT NULL COMMENT 'Branch Id',
  `cur_list_orientation_id` bigint(11) DEFAULT NULL COMMENT 'List Orientation Id',
  `active_status` tinyint(1) DEFAULT NULL COMMENT 'Active Status',
  `createdby` int(11) DEFAULT NULL COMMENT 'Created Id',
  `createdat` datetime DEFAULT NULL COMMENT 'Created Datetime',
  `updatedby` bigint(15) DEFAULT NULL COMMENT 'Updated Id',
  `updatedat` datetime DEFAULT NULL COMMENT 'Updated Datetime',
  PRIMARY KEY (`id`),
  UNIQUE KEY `id` (`id`)
) ENGINE=InnoDB DEFAULT CHARSET=utf8 COMMENT='Branch Orientation';

INSERT INTO `cur_branch_orientation` (`id`, `list_branch_id`, `cur_list_orientation_id`, `active_status`, `createdby`, `createdat`, `updatedby`, `updatedat`) VALUES
(1,	1,	1,	1,	NULL,	'2017-05-01 15:47:55',	NULL,	'2017-05-01 15:47:55'),
(2,	1,	2,	1,	NULL,	'2017-05-01 15:48:00',	NULL,	'2017-05-01 15:48:00'),
(3,	2,	6,	1,	NULL,	'2017-05-17 11:07:20',	NULL,	'2017-05-17 11:07:20');

DROP TABLE IF EXISTS `cur_class_subject`;
CREATE TABLE `cur_class_subject` (
  `id` bigint(11) NOT NULL AUTO_INCREMENT COMMENT 'Class Subject Id',
  `cur_list_class_id` bigint(11) DEFAULT NULL COMMENT 'List Class Id',
  `cur_subject_type_id` varchar(50) DEFAULT NULL COMMENT 'Subject Type Id',
  `cur_academic_subject_id` int(11) DEFAULT NULL COMMENT 'Academic Subject Id',
  `active_status` tinyint(1) DEFAULT NULL COMMENT 'Active Status',
  `createdby` int(11) DEFAULT NULL COMMENT 'Created Id',
  `createdat` datetime DEFAULT NULL COMMENT 'Created Datetime',
  `updatedby` bigint(15) DEFAULT NULL COMMENT 'Updated Id',
  `updatedat` datetime DEFAULT NULL COMMENT 'Updated Datetime',
  PRIMARY KEY (`id`),
  UNIQUE KEY `id` (`id`)
) ENGINE=InnoDB DEFAULT CHARSET=utf8 COMMENT='Class Subject';

INSERT INTO `cur_class_subject` (`id`, `cur_list_class_id`, `cur_subject_type_id`, `cur_academic_subject_id`, `active_status`, `createdby`, `createdat`, `updatedby`, `updatedat`) VALUES
(1,	10,	'THY',	2,	1,	NULL,	'2017-05-01 15:45:48',	NULL,	'2017-05-01 15:45:48'),
(2,	10,	'THY',	1,	1,	NULL,	'2017-05-01 15:45:56',	NULL,	'2017-05-01 15:45:56'),
(3,	10,	'THY',	3,	1,	NULL,	'2017-05-01 15:46:02',	NULL,	'2017-05-01 15:46:02'),
(4,	10,	'THY',	4,	1,	NULL,	'2017-05-01 15:46:08',	NULL,	'2017-05-01 15:46:08'),
(5,	10,	'THY',	7,	1,	NULL,	'2017-05-01 15:46:15',	NULL,	'2017-05-01 15:46:15'),
(6,	10,	'THY',	6,	1,	NULL,	'2017-05-01 15:46:25',	NULL,	'2017-05-01 15:46:25'),
(7,	10,	'THY',	9,	1,	NULL,	'2017-05-01 15:47:24',	NULL,	'2017-05-01 15:47:24'),
(8,	11,	'THY',	1,	1,	NULL,	'2017-05-17 11:45:27',	NULL,	'2017-05-17 11:45:27'),
(9,	11,	'THY',	2,	1,	NULL,	'2017-05-17 11:45:37',	NULL,	'2017-05-17 11:45:37'),
(10,	11,	'THY',	4,	1,	NULL,	'2017-05-17 11:45:44',	NULL,	'2017-05-17 11:45:44');

DROP TABLE IF EXISTS `cur_list_academicyear`;
CREATE TABLE `cur_list_academicyear` (
  `id` bigint(11) NOT NULL AUTO_INCREMENT COMMENT 'Academic Year Id',
  `start_date` date DEFAULT NULL COMMENT 'Start Date',
  `end_date` date DEFAULT NULL COMMENT 'End Date',
  `short_code` varchar(100) NOT NULL COMMENT 'Short Code',
  `academicyear` varchar(255) DEFAULT NULL COMMENT 'Academic Year',
  `sort_value` int(11) DEFAULT NULL COMMENT 'Sort Value',
  `is_current` tinyint(1) DEFAULT NULL COMMENT 'Is Current',
  `active_status` tinyint(1) DEFAULT NULL COMMENT 'Active Status',
  `createdby` int(11) DEFAULT NULL COMMENT 'Created Id',
  `createdat` datetime DEFAULT NULL COMMENT 'Created Datetime',
  `updatedby` bigint(15) DEFAULT NULL COMMENT 'Updated Id',
  `updatedat` datetime DEFAULT NULL COMMENT 'Updated Datetime',
  PRIMARY KEY (`short_code`),
  UNIQUE KEY `id` (`id`)
) ENGINE=InnoDB DEFAULT CHARSET=utf8 COMMENT='List Academicyear';

INSERT INTO `cur_list_academicyear` (`id`, `start_date`, `end_date`, `short_code`, `academicyear`, `sort_value`, `is_current`, `active_status`, `createdby`, `createdat`, `updatedby`, `updatedat`) VALUES
(1,	'2017-06-12',	'2018-04-20',	'2017',	'2017-18',	1,	1,	1,	NULL,	'2017-05-01 15:34:54',	NULL,	'2017-05-01 15:34:54'),
(2,	'2018-06-11',	'2018-03-29',	'2018',	'2018-19',	2,	0,	1,	NULL,	'2017-05-17 10:59:40',	NULL,	'2017-05-17 10:59:51');

DROP TABLE IF EXISTS `cur_list_attendancefrequency`;
CREATE TABLE `cur_list_attendancefrequency` (
  `id` int(11) NOT NULL AUTO_INCREMENT COMMENT 'Attendence Frequency Id',
  `name` varchar(255) DEFAULT NULL COMMENT 'Name',
  `createdby` int(11) DEFAULT NULL COMMENT 'Created Id',
  `createdat` datetime DEFAULT NULL COMMENT 'Created Datetime',
  `updatedby` bigint(15) DEFAULT NULL COMMENT 'Updated Id',
  `updatedat` datetime DEFAULT NULL COMMENT 'Updated Datetime',
  PRIMARY KEY (`id`)
) ENGINE=InnoDB DEFAULT CHARSET=utf8 COMMENT='List Attendance frequency';

INSERT INTO `cur_list_attendancefrequency` (`id`, `name`, `createdby`, `createdat`, `updatedby`, `updatedat`) VALUES
(1,	'Morning Session',	NULL,	'2017-05-01 15:38:56',	NULL,	'2017-05-01 15:38:56'),
(2,	'Afternoon Session',	NULL,	'2017-05-01 15:39:07',	NULL,	'2017-05-01 15:39:07');

DROP TABLE IF EXISTS `cur_list_class`;
CREATE TABLE `cur_list_class` (
  `id` int(11) NOT NULL AUTO_INCREMENT COMMENT 'Class Id',
  `cur_list_orientation_id` bigint(11) DEFAULT NULL COMMENT 'List Orientation Id',
  `name` varchar(200) DEFAULT NULL COMMENT 'Name',
  `code` varchar(50) DEFAULT NULL COMMENT 'Code',
  `sort_no` int(11) DEFAULT NULL COMMENT 'Sort No',
  `active_status` tinyint(1) DEFAULT NULL COMMENT 'Active Status',
  `createdby` int(11) DEFAULT NULL COMMENT 'Created Id',
  `createdat` datetime DEFAULT NULL COMMENT 'Created Datetime',
  `updatedby` bigint(15) DEFAULT NULL COMMENT 'Updated Id',
  `updatedat` datetime DEFAULT NULL COMMENT 'Updated Datetime',
  PRIMARY KEY (`id`)
) ENGINE=InnoDB DEFAULT CHARSET=utf8 COMMENT='List Class';

INSERT INTO `cur_list_class` (`id`, `cur_list_orientation_id`, `name`, `code`, `sort_no`, `active_status`, `createdby`, `createdat`, `updatedby`, `updatedat`) VALUES
(1,	1,	'1st Class',	'1ST',	1,	1,	NULL,	'2017-05-01 15:42:46',	NULL,	'2017-05-01 15:42:46'),
(2,	1,	'2nd Class',	'2ND',	2,	1,	NULL,	'2017-05-01 15:43:05',	NULL,	'2017-05-01 15:43:05'),
(3,	1,	'3rd Class',	'3RD',	3,	1,	NULL,	'2017-05-01 15:43:21',	NULL,	'2017-05-01 15:43:21'),
(4,	1,	'4th Class',	'4TH',	4,	1,	NULL,	'2017-05-01 15:43:42',	NULL,	'2017-05-01 15:43:42'),
(5,	1,	'5th Class',	'5TH',	5,	1,	NULL,	'2017-05-01 15:43:54',	NULL,	'2017-05-01 15:43:54'),
(6,	2,	'6th Class',	'6TH',	6,	1,	NULL,	'2017-05-01 15:44:09',	NULL,	'2017-05-01 15:44:09'),
(7,	2,	'7th Class',	'7TH',	7,	1,	NULL,	'2017-05-01 15:44:31',	NULL,	'2017-05-01 15:44:31'),
(8,	2,	'8th Class',	'8TH',	8,	1,	NULL,	'2017-05-01 15:44:45',	NULL,	'2017-05-01 15:44:45'),
(9,	2,	'9th Class',	'9TH',	9,	1,	NULL,	'2017-05-01 15:44:59',	NULL,	'2017-05-01 15:44:59'),
(10,	2,	'10th Class',	'10TH',	10,	1,	NULL,	'2017-05-01 15:45:20',	NULL,	'2017-05-01 15:45:20'),
(11,	6,	'Nursery',	'NUR',	1,	1,	NULL,	'2017-05-17 11:06:31',	NULL,	'2017-05-17 11:06:31'),
(12,	6,	'UKG',	'UKG',	2,	1,	NULL,	'2017-05-17 11:06:41',	NULL,	'2017-05-17 11:06:41'),
(13,	6,	'LKG',	'LKG',	3,	1,	NULL,	'2017-05-17 11:06:52',	NULL,	'2017-05-17 11:06:52');

DROP TABLE IF EXISTS `cur_list_orientation`;
CREATE TABLE `cur_list_orientation` (
  `id` bigint(11) NOT NULL AUTO_INCREMENT COMMENT 'List Orientation Id',
  `cur_orientation_level_id` varchar(50) DEFAULT NULL COMMENT 'Orientation Level Id',
  `name` varchar(200) DEFAULT NULL COMMENT 'Name',
  `code` varchar(50) DEFAULT NULL COMMENT 'Code',
  `active_status` tinyint(1) DEFAULT NULL COMMENT 'Active Status',
  `createdby` int(11) DEFAULT NULL COMMENT 'Created Id',
  `createdat` datetime DEFAULT NULL COMMENT 'Created Datetime',
  `updatedby` bigint(15) DEFAULT NULL COMMENT 'Updated Id',
  `updatedat` datetime DEFAULT NULL COMMENT 'Updated Datetime',
  PRIMARY KEY (`id`)
) ENGINE=InnoDB DEFAULT CHARSET=utf8 COMMENT='List Orientation';

INSERT INTO `cur_list_orientation` (`id`, `cur_orientation_level_id`, `name`, `code`, `active_status`, `createdby`, `createdat`, `updatedby`, `updatedat`) VALUES
(1,	'SCH',	'Primary',	'PRY',	1,	NULL,	'2017-05-01 15:41:03',	NULL,	'2017-05-01 15:41:03'),
(2,	'SCH',	'Secoundry',	'SEC',	1,	NULL,	'2017-05-01 15:41:13',	NULL,	'2017-05-01 15:41:13'),
(6,	'PS',	'Play School',	'PAS',	1,	NULL,	'2017-05-17 11:06:14',	NULL,	'2017-05-17 11:06:14');

DROP TABLE IF EXISTS `cur_orientation_level`;
CREATE TABLE `cur_orientation_level` (
  `id` bigint(11) NOT NULL AUTO_INCREMENT COMMENT 'Orientational Level Id',
  `name` varchar(200) DEFAULT NULL COMMENT 'Name',
  `short_code` varchar(50) NOT NULL COMMENT 'Short Code',
  `active_status` tinyint(1) DEFAULT NULL COMMENT 'Active Status',
  `createdby` int(11) DEFAULT NULL COMMENT 'Created Id',
  `createdat` datetime DEFAULT NULL COMMENT 'Created Datetime',
  `updatedby` bigint(15) DEFAULT NULL COMMENT 'Updated Id',
  `updatedat` datetime DEFAULT NULL COMMENT 'Updated Datetime',
  PRIMARY KEY (`short_code`),
  UNIQUE KEY `id` (`id`)
) ENGINE=InnoDB DEFAULT CHARSET=utf8 COMMENT='Orientation Level';

INSERT INTO `cur_orientation_level` (`id`, `name`, `short_code`, `active_status`, `createdby`, `createdat`, `updatedby`, `updatedat`) VALUES
(2,	'Play  School',	'PS',	1,	NULL,	'2017-05-17 11:03:13',	NULL,	'2017-05-17 11:03:13'),
(1,	'School',	'SCH',	1,	NULL,	'2017-05-01 15:40:12',	NULL,	'2017-05-01 15:40:12');

DROP TABLE IF EXISTS `cur_subject_type`;
CREATE TABLE `cur_subject_type` (
  `id` int(11) NOT NULL AUTO_INCREMENT COMMENT 'Subject Type Id',
  `name` varchar(200) DEFAULT NULL COMMENT 'Name',
  `short_code` varchar(20) NOT NULL COMMENT 'Short Code',
  `active_status` tinyint(1) DEFAULT NULL COMMENT 'Active Status',
  `createdby` int(11) DEFAULT NULL COMMENT 'Created Id',
  `createdat` datetime DEFAULT NULL COMMENT 'Created Datetime',
  `updatedby` bigint(15) DEFAULT NULL COMMENT 'Updated Id',
  `updatedat` datetime DEFAULT NULL COMMENT 'Updated Datetime',
  PRIMARY KEY (`short_code`),
  UNIQUE KEY `id` (`id`)
) ENGINE=InnoDB DEFAULT CHARSET=utf8 COMMENT='Subject Type';

INSERT INTO `cur_subject_type` (`id`, `name`, `short_code`, `active_status`, `createdby`, `createdat`, `updatedby`, `updatedat`) VALUES
(2,	'Practical',	'PAR',	1,	NULL,	'2017-05-17 11:00:16',	NULL,	'2017-05-17 11:00:16'),
(1,	'Theory',	'THY',	1,	NULL,	'2017-05-01 15:35:23',	NULL,	'2017-05-01 15:35:23');

DROP TABLE IF EXISTS `fee_concession_type`;
CREATE TABLE `fee_concession_type` (
  `id` bigint(11) NOT NULL AUTO_INCREMENT COMMENT 'Fee Concession Type Id',
  `code` varchar(255) DEFAULT NULL COMMENT 'Code',
  `name` varchar(255) DEFAULT NULL COMMENT 'Name',
  `description` text COMMENT 'Description',
  `createdby` int(11) DEFAULT NULL COMMENT 'Created Id',
  `createdat` datetime DEFAULT NULL COMMENT 'Created Datetime',
  `updatedby` bigint(15) DEFAULT NULL COMMENT 'Updated Id',
  `updatedat` datetime DEFAULT NULL COMMENT 'Updated Datetime',
  PRIMARY KEY (`id`)
) ENGINE=InnoDB DEFAULT CHARSET=utf8 COMMENT='Fee Concession Type';

INSERT INTO `fee_concession_type` (`id`, `code`, `name`, `description`, `createdby`, `createdat`, `updatedby`, `updatedat`) VALUES
(1,	'AMT',	'Amount',	'Amount',	NULL,	'2017-05-01 16:08:08',	NULL,	'2017-05-18 11:25:44'),
(2,	'PER',	'Percentage',	'Percentage',	NULL,	'2017-05-01 16:08:27',	NULL,	'2017-05-18 11:25:31');

DROP TABLE IF EXISTS `fee_list_feegroup`;
CREATE TABLE `fee_list_feegroup` (
  `id` int(11) NOT NULL AUTO_INCREMENT COMMENT 'Fee List Feegroup Id',
  `name` varchar(255) DEFAULT NULL COMMENT 'Name',
  `short_code` varchar(50) NOT NULL COMMENT 'Short Code',
  `active_status` tinyint(1) DEFAULT NULL COMMENT 'Active Status',
  `createdby` int(11) DEFAULT NULL COMMENT 'Created Id',
  `createdat` datetime DEFAULT NULL COMMENT 'Created Datetime',
  `updatedby` bigint(15) DEFAULT NULL COMMENT 'Updated Id',
  `updatedat` datetime DEFAULT NULL COMMENT 'Updated Datetime',
  PRIMARY KEY (`short_code`),
  UNIQUE KEY `id` (`id`)
) ENGINE=InnoDB DEFAULT CHARSET=utf8 COMMENT='Fee List Feegroup';

INSERT INTO `fee_list_feegroup` (`id`, `name`, `short_code`, `active_status`, `createdby`, `createdat`, `updatedby`, `updatedat`) VALUES
(3,	'Library',	'LB',	1,	NULL,	'2017-05-01 15:59:29',	NULL,	'2017-05-01 15:59:29'),
(4,	'Smart Fee',	'SF',	1,	NULL,	'2017-05-01 15:59:43',	NULL,	'2017-05-01 15:59:43'),
(1,	'Tuition and Admission',	'TAD',	1,	NULL,	'2017-05-01 15:58:53',	NULL,	'2017-05-01 15:58:53'),
(2,	'Transport',	'TRS',	1,	NULL,	'2017-05-01 15:59:14',	NULL,	'2017-05-01 15:59:14');

DROP TABLE IF EXISTS `fee_list_feeplan`;
CREATE TABLE `fee_list_feeplan` (
  `id` int(11) NOT NULL AUTO_INCREMENT COMMENT 'Fee List Feeplan Id',
  `cur_list_academicyear_id` varchar(20) DEFAULT NULL COMMENT 'List Academic year Id',
  `student_quota_id` varchar(50) DEFAULT NULL COMMENT 'Student Quota Id',
  `list_branch_id` int(11) DEFAULT NULL COMMENT 'List Branch Id ',
  `cur_branch_orientation_id` bigint(11) DEFAULT NULL COMMENT 'List Branch Orientational Id',
  `cur_branch_class_id` int(11) DEFAULT NULL COMMENT 'List Branch Class Id',
  `fee_list_feegroup_id` varchar(50) DEFAULT NULL COMMENT 'Fee List Feegroup Id',
  `name` varchar(200) DEFAULT NULL COMMENT 'Name',
  `createdby` int(11) DEFAULT NULL COMMENT 'Created Id',
  `createdat` datetime DEFAULT NULL COMMENT 'Created Datetime',
  `updatedby` bigint(15) DEFAULT NULL COMMENT 'Updated Id',
  `updatedat` datetime DEFAULT NULL COMMENT 'Updated Datetime',
  PRIMARY KEY (`id`),
  UNIQUE KEY `id` (`id`)
) ENGINE=InnoDB DEFAULT CHARSET=utf8 COMMENT='Fee List Feeplan';

INSERT INTO `fee_list_feeplan` (`id`, `cur_list_academicyear_id`, `student_quota_id`, `list_branch_id`, `cur_branch_orientation_id`, `cur_branch_class_id`, `fee_list_feegroup_id`, `name`, `createdby`, `createdat`, `updatedby`, `updatedat`) VALUES
(1,	'2017',	'GEN',	1,	2,	1,	'TAD',	'Tuition and Admission Fee',	NULL,	'2017-05-01 16:09:28',	NULL,	'2017-05-01 16:09:28'),
(2,	'2017',	'GEN',	1,	2,	1,	'TRS',	'Transport',	NULL,	'2017-05-01 16:09:45',	NULL,	'2017-05-01 16:09:45'),
(3,	'2017',	'GEN',	1,	2,	1,	'LB',	'Library',	NULL,	'2017-05-01 16:10:01',	NULL,	'2017-05-01 16:10:01'),
(4,	'2017',	'GEN',	1,	2,	1,	'SF',	'Smart Fee',	NULL,	'2017-05-01 16:10:17',	NULL,	'2017-05-01 16:10:17'),
(5,	'2017',	'GEN',	2,	3,	11,	'TAD',	'Tuition And Admission',	NULL,	'2017-05-17 11:17:50',	NULL,	'2017-05-17 11:17:50'),
(6,	'2017',	'GEN',	2,	3,	12,	'TAD',	'Lkg Tuition Fee',	NULL,	'2017-05-17 11:18:42',	NULL,	'2017-05-17 11:18:42'),
(7,	'2017',	'GEN',	2,	3,	13,	'TAD',	'UKG Tution Fee',	NULL,	'2017-05-17 11:19:04',	NULL,	'2017-05-17 11:19:04'),
(8,	'2017',	'GEN',	2,	3,	11,	'TRS',	'Nursery Transport Fee',	NULL,	'2017-05-17 11:19:29',	NULL,	'2017-05-17 11:19:29'),
(9,	'2017',	'GEN',	1,	2,	2,	'TAD',	'9Th Tution & Admiision',	NULL,	'2017-05-18 19:11:08',	NULL,	'2017-05-18 19:11:08');

DROP TABLE IF EXISTS `fee_list_feeplan_details`;
CREATE TABLE `fee_list_feeplan_details` (
  `id` bigint(11) NOT NULL AUTO_INCREMENT COMMENT 'Fee List Feeplan Details Id',
  `fee_list_feeplan_id` int(11) DEFAULT NULL COMMENT 'List Feeplan Id',
  `fee_list_feetype_id` varchar(25) DEFAULT NULL COMMENT 'List Feetype Id',
  `fee_list_frequency_id` varchar(50) DEFAULT NULL COMMENT 'List Frequency Id',
  `amount` decimal(15,2) DEFAULT NULL COMMENT 'Amount',
  `concession_allowed` tinyint(1) DEFAULT NULL COMMENT 'Concession Allowed',
  `max_concession` decimal(5,2) DEFAULT NULL COMMENT 'Max Concession',
  `refund_allowed` tinyint(1) DEFAULT NULL COMMENT 'Refund Allowed',
  `max_refund` decimal(5,2) DEFAULT NULL COMMENT 'Max Refound',
  `tax_allowed` tinyint(1) DEFAULT NULL COMMENT 'Tax Allowed',
  `tax_master_id` varchar(25) DEFAULT NULL COMMENT 'Tax Master Id',
  `serial_no` int(11) DEFAULT NULL COMMENT 'Serial No',
  `due_date` date DEFAULT NULL COMMENT 'Due Date',
  `active_status` tinyint(1) DEFAULT NULL COMMENT 'Active Status',
  `createdby` int(11) DEFAULT NULL COMMENT 'Created Id',
  `createdat` datetime DEFAULT NULL COMMENT 'Created Datetime',
  `updatedby` bigint(15) DEFAULT NULL COMMENT 'Updated Id',
  `updatedat` datetime DEFAULT NULL COMMENT 'Updated Datetime',
  PRIMARY KEY (`id`)
) ENGINE=InnoDB DEFAULT CHARSET=utf8 COMMENT='Fee List Feeplan Details';

INSERT INTO `fee_list_feeplan_details` (`id`, `fee_list_feeplan_id`, `fee_list_feetype_id`, `fee_list_frequency_id`, `amount`, `concession_allowed`, `max_concession`, `refund_allowed`, `max_refund`, `tax_allowed`, `tax_master_id`, `serial_no`, `due_date`, `active_status`, `createdby`, `createdat`, `updatedby`, `updatedat`) VALUES
(1,	2,	'TRF',	'Term1',	2000.00,	0,	0.00,	0,	0.00,	0,	'',	1,	'2017-06-30',	1,	NULL,	'2017-05-01 16:15:17',	NULL,	'2017-05-01 16:15:17'),
(2,	2,	'TRF',	'Term2',	2500.00,	0,	0.00,	0,	0.00,	0,	'',	2,	'2018-08-31',	1,	NULL,	'2017-05-01 16:15:55',	NULL,	'2017-05-01 16:16:57'),
(3,	2,	'TRF',	'Term3',	2500.00,	0,	0.00,	0,	0.00,	0,	'',	3,	'2018-01-25',	1,	NULL,	'2017-05-01 16:16:27',	NULL,	'2017-05-01 16:16:27'),
(4,	1,	'AF',	'AF',	8000.00,	0,	0.00,	0,	0.00,	0,	'',	1,	'2017-06-30',	1,	NULL,	'2017-05-01 16:17:49',	NULL,	'2017-05-01 16:17:49'),
(5,	1,	'TF',	'Term1',	3500.00,	0,	0.00,	0,	0.00,	0,	'',	1,	'2017-06-30',	1,	NULL,	'2017-05-01 16:18:23',	NULL,	'2017-05-01 16:18:23'),
(6,	1,	'TF',	'Term2',	3500.00,	0,	0.00,	0,	0.00,	0,	'',	2,	'2017-08-31',	1,	NULL,	'2017-05-01 16:19:20',	NULL,	'2017-05-01 16:19:20'),
(7,	1,	'TF',	'Term3',	4000.00,	0,	0.00,	0,	0.00,	0,	'',	3,	'2018-01-25',	1,	NULL,	'2017-05-01 16:19:48',	NULL,	'2017-05-01 16:19:48'),
(8,	3,	'LF',	'AF',	1500.00,	0,	0.00,	0,	0.00,	0,	'',	1,	'2017-06-30',	1,	NULL,	'2017-05-01 16:22:29',	NULL,	'2017-05-01 16:22:29'),
(9,	4,	'CF',	'AF',	2500.00,	0,	0.00,	0,	0.00,	0,	'',	1,	'2017-06-30',	1,	NULL,	'2017-05-01 16:23:13',	NULL,	'2017-05-01 16:23:28'),
(10,	5,	'AF',	'AF',	5000.00,	0,	0.00,	0,	0.00,	1,	'',	1,	'2017-08-18',	1,	NULL,	'2017-05-17 11:20:31',	NULL,	'2017-05-17 11:20:31'),
(11,	5,	'ATF',	'AF',	1000.00,	0,	0.00,	0,	0.00,	0,	'',	2,	'2017-08-16',	1,	NULL,	'2017-05-17 11:20:54',	NULL,	'2017-05-17 11:20:54'),
(12,	5,	'TF',	'Term1',	1500.00,	0,	0.00,	0,	0.00,	0,	'',	3,	'2017-07-12',	1,	NULL,	'2017-05-17 11:21:16',	NULL,	'2017-05-17 11:21:16'),
(13,	5,	'TF',	'Term2',	1500.00,	0,	0.00,	0,	0.00,	0,	'',	4,	'2017-08-16',	1,	NULL,	'2017-05-17 11:21:38',	NULL,	'2017-05-17 11:21:38'),
(14,	5,	'TF',	'Term3',	2000.00,	0,	0.00,	0,	0.00,	0,	'',	5,	'2017-12-26',	1,	NULL,	'2017-05-17 11:21:56',	NULL,	'2017-05-17 11:21:56'),
(15,	5,	'TF',	'Term4',	1500.00,	0,	0.00,	0,	0.00,	0,	'',	6,	'2018-02-26',	1,	NULL,	'2017-05-17 11:22:15',	NULL,	'2017-05-17 11:22:15'),
(16,	8,	'TRF',	'AF',	3000.00,	0,	0.00,	0,	0.00,	0,	'',	1,	'2017-08-16',	1,	NULL,	'2017-05-17 11:24:39',	NULL,	'2017-05-17 11:24:39'),
(17,	9,	'AF',	'Term1',	5000.00,	1,	500.00,	1,	100.00,	1,	'',	1,	'2017-08-26',	1,	NULL,	'2017-05-18 19:11:58',	NULL,	'2017-05-18 19:11:58');

DROP TABLE IF EXISTS `fee_list_feetype`;
CREATE TABLE `fee_list_feetype` (
  `id` int(11) NOT NULL AUTO_INCREMENT COMMENT 'Fee Type Id',
  `name` varchar(255) DEFAULT NULL COMMENT 'Name',
  `short_code` varchar(50) NOT NULL COMMENT 'Short Code',
  `fee_list_feegroup_id` varchar(50) DEFAULT NULL COMMENT 'Feegroup Id ',
  `active_status` tinyint(1) DEFAULT NULL COMMENT 'Active Status',
  `createdby` int(11) DEFAULT NULL COMMENT 'Created Id',
  `createdat` datetime DEFAULT NULL COMMENT 'Created Datetime',
  `updatedby` bigint(15) DEFAULT NULL COMMENT 'Updated Id',
  `updatedat` datetime DEFAULT NULL COMMENT 'Updated Datetime',
  PRIMARY KEY (`short_code`),
  UNIQUE KEY `id` (`id`)
) ENGINE=InnoDB DEFAULT CHARSET=utf8 COMMENT='Fee List Fee Type';

INSERT INTO `fee_list_feetype` (`id`, `name`, `short_code`, `fee_list_feegroup_id`, `active_status`, `createdby`, `createdat`, `updatedby`, `updatedat`) VALUES
(2,	'Admission Fee',	'AF',	'TAD',	1,	NULL,	'2017-05-01 16:00:58',	NULL,	'2017-05-01 16:00:58'),
(7,	'Activity Fee',	'ATF',	'TAD',	1,	NULL,	'2017-05-17 11:13:41',	NULL,	'2017-05-17 11:13:41'),
(5,	'Computer Fee',	'CF',	'SF',	1,	NULL,	'2017-05-01 16:01:54',	NULL,	'2017-05-01 16:01:54'),
(6,	'Library Fee',	'LF',	'LB',	1,	NULL,	'2017-05-01 16:02:09',	NULL,	'2017-05-01 16:02:09'),
(3,	'Tuition Fee',	'TF',	'TAD',	1,	NULL,	'2017-05-01 16:01:11',	NULL,	'2017-05-01 16:01:11'),
(4,	'Transport Fee',	'TRF',	'TRS',	1,	NULL,	'2017-05-01 16:01:33',	NULL,	'2017-05-01 16:01:33');

DROP TABLE IF EXISTS `fee_list_frequency`;
CREATE TABLE `fee_list_frequency` (
  `id` int(11) NOT NULL AUTO_INCREMENT COMMENT 'Fee List Frequency Id',
  `name` varchar(255) DEFAULT NULL COMMENT 'Name',
  `short_code` varchar(50) NOT NULL COMMENT 'Short Code',
  `active_status` tinyint(1) DEFAULT NULL COMMENT 'Active Status',
  `createdby` int(11) DEFAULT NULL COMMENT 'Created Id',
  `createdat` datetime DEFAULT NULL COMMENT 'Created Datetime',
  `updatedby` bigint(15) DEFAULT NULL COMMENT 'Updated Id',
  `updatedat` datetime DEFAULT NULL COMMENT 'Updated Datetime',
  PRIMARY KEY (`short_code`),
  UNIQUE KEY `id` (`id`)
) ENGINE=InnoDB DEFAULT CHARSET=utf8 COMMENT='Fee List Frequency';

INSERT INTO `fee_list_frequency` (`id`, `name`, `short_code`, `active_status`, `createdby`, `createdat`, `updatedby`, `updatedat`) VALUES
(1,	'Annual Fee',	'AF',	1,	NULL,	'2017-05-01 16:06:16',	NULL,	'2017-05-01 16:06:16'),
(2,	'Term 1',	'Term1',	1,	NULL,	'2017-05-01 16:06:30',	NULL,	'2017-05-01 16:06:30'),
(3,	'Term 2',	'Term2',	1,	NULL,	'2017-05-01 16:06:43',	NULL,	'2017-05-01 16:06:43'),
(4,	'Term 3',	'Term3',	1,	NULL,	'2017-05-01 16:06:53',	NULL,	'2017-05-01 16:06:53'),
(5,	'Term 4',	'Term4',	1,	NULL,	'2017-05-17 11:14:36',	NULL,	'2017-05-17 11:14:36');

DROP TABLE IF EXISTS `fee_list_transactiontype`;
CREATE TABLE `fee_list_transactiontype` (
  `id` int(11) NOT NULL AUTO_INCREMENT COMMENT 'Fee List Transaction Id',
  `name` varchar(255) DEFAULT NULL COMMENT 'Name',
  `short_code` varchar(50) NOT NULL COMMENT 'Short Code',
  `createdby` int(11) DEFAULT NULL COMMENT 'Created Id',
  `createdat` datetime DEFAULT NULL COMMENT 'Created Datetime',
  `updatedby` bigint(15) DEFAULT NULL COMMENT 'Updated Id',
  `updatedat` datetime DEFAULT NULL COMMENT 'Updated Datetime',
  PRIMARY KEY (`short_code`),
  UNIQUE KEY `id` (`id`)
) ENGINE=InnoDB DEFAULT CHARSET=utf8 COMMENT='Fee List Transaction type';

INSERT INTO `fee_list_transactiontype` (`id`, `name`, `short_code`, `createdby`, `createdat`, `updatedby`, `updatedat`) VALUES
(2,	'Concession',	'CON',	NULL,	'2017-05-16 11:58:20',	NULL,	'2017-05-16 11:58:20'),
(1,	'Payment',	'PM',	NULL,	'2017-05-16 11:47:27',	NULL,	'2017-05-16 11:47:27');

DROP TABLE IF EXISTS `lib_book_assignment`;
CREATE TABLE `lib_book_assignment` (
  `id` int(15) NOT NULL AUTO_INCREMENT COMMENT 'Book Assignment Id',
  `lib_library_deatils_id` int(11) DEFAULT NULL COMMENT 'Library Details Id',
  `lib_book_deatils_id` int(11) DEFAULT NULL COMMENT 'Book Id',
  `lib_issued_for_id` varchar(255) DEFAULT NULL COMMENT 'Issued For',
  `book_issued_person_id` varchar(255) DEFAULT NULL COMMENT 'Issued Person Id',
  `issued_date` date DEFAULT NULL COMMENT 'Issued Date',
  `received_date` date DEFAULT NULL COMMENT 'Received Date',
  `reference_id` int(11) DEFAULT NULL COMMENT 'Reference Id',
  `reference_code` varchar(255) DEFAULT NULL COMMENT 'Reference Code',
  `fine` double(20,2) DEFAULT NULL COMMENT 'Fine Amount',
  `is_received` tinyint(4) NOT NULL DEFAULT '0' COMMENT 'Is Received',
  `createdby` int(11) DEFAULT NULL COMMENT 'Created Id',
  `createdat` datetime DEFAULT NULL COMMENT 'Created Datetime',
  `updatedby` int(11) DEFAULT NULL COMMENT 'Updated Id',
  `updatedat` datetime DEFAULT NULL COMMENT 'Updated Datetime',
  PRIMARY KEY (`id`)
) ENGINE=InnoDB DEFAULT CHARSET=utf8 COMMENT='Book Assignment';

INSERT INTO `lib_book_assignment` (`id`, `lib_library_deatils_id`, `lib_book_deatils_id`, `lib_issued_for_id`, `book_issued_person_id`, `issued_date`, `received_date`, `reference_id`, `reference_code`, `fine`, `is_received`, `createdby`, `createdat`, `updatedby`, `updatedat`) VALUES
(1,	1,	2,	'2',	'12',	'2017-05-01',	'0000-00-00',	0,	'',	0.00,	0,	NULL,	'2017-05-04 15:22:51',	NULL,	'2017-05-04 15:22:51'),
(2,	1,	1,	'2',	'13',	'2017-05-03',	'0000-00-00',	0,	'',	0.00,	0,	NULL,	'2017-05-04 15:23:03',	NULL,	'2017-05-04 15:23:03'),
(3,	1,	3,	'2',	'12',	'2017-05-03',	'0000-00-00',	0,	'',	0.00,	0,	NULL,	'2017-05-04 15:23:24',	NULL,	'2017-05-04 15:23:24'),
(4,	1,	1,	'2',	'12',	'2017-05-04',	'0000-00-00',	0,	'',	0.00,	0,	NULL,	'2017-05-04 15:23:45',	NULL,	'2017-05-04 15:23:45'),
(5,	2,	4,	'2',	'16',	'2017-05-17',	'0000-00-00',	0,	'',	0.00,	0,	NULL,	'2017-05-17 12:20:33',	NULL,	'2017-05-17 12:20:33');

DROP TABLE IF EXISTS `lib_book_deatils`;
CREATE TABLE `lib_book_deatils` (
  `id` int(15) NOT NULL AUTO_INCREMENT COMMENT 'Book Id',
  `lib_publisher_id` varchar(255) DEFAULT NULL COMMENT 'Publisher Id',
  `name` varchar(255) DEFAULT NULL COMMENT 'Name',
  `code` varchar(255) DEFAULT NULL COMMENT 'Code',
  `edition` varchar(255) DEFAULT NULL COMMENT 'Edition',
  `description` text COMMENT 'Description',
  `image` longtext COMMENT 'Image',
  `pages` int(11) DEFAULT NULL COMMENT 'Pages',
  `createdby` int(11) DEFAULT NULL COMMENT 'Created Id',
  `createdat` datetime DEFAULT NULL COMMENT 'Created Datetime',
  `updatedby` int(11) DEFAULT NULL COMMENT 'Updated Id',
  `updatedat` datetime DEFAULT NULL COMMENT 'Updated Datetime',
  PRIMARY KEY (`id`)
) ENGINE=InnoDB DEFAULT CHARSET=utf8 COMMENT='Book Details';

INSERT INTO `lib_book_deatils` (`id`, `lib_publisher_id`, `name`, `code`, `edition`, `description`, `image`, `pages`, `createdby`, `createdat`, `updatedby`, `updatedat`) VALUES
(1,	'1',	'Science Year by Year',	'1465457585',	NULL,	'Packed with fascinating discoveries and facts, Science Year by Year takes kids on a fantastic visual journey through time, from stone tools and simple machines to rockets and robots.',	'',	450,	NULL,	'2017-05-04 10:39:27',	NULL,	'2017-05-04 12:14:33'),
(2,	'1',	'History Year by Year',	'M490BJY98RDQTYVP1T7Q',	NULL,	'Featuring more than 1,500 images that bring the story of the past to life through a detailed timeline, this visual reference helps children navigate the influences, patterns, and connections between historical events, beginning with prehistory and running up to the Arab Spring.',	'',	350,	NULL,	'2017-05-04 10:40:13',	NULL,	'2017-05-04 12:22:15'),
(3,	'1',	'Where on Earth',	'QWYR1F2D21KY9DBTSE',	NULL,	'Where are the world\'s tallest buildings? Where are earthquakes most likely to occur? Where can you find animals that glow? Showcasing the most fascinating places on the planet, Where on Earth? is a collection of more than 75 3-D maps that show not only where everything is, but also why it\'s there.\r\nDivided into six chapters: Geography, Nature, People, History, Arts & Entertainment, and Science & Technology, Where on Earth? brings an instant understanding to a wealth of subjects, stimulating interest in the world around us and drawing young readers into the topic. From physical geography, habitats of big cats, the Seven Wonders of the World, Olympic cities, shipwreck sites, and more, every map contains fact panels that provide additional information and useful statistics, while focus features pull out and explain the most interesting facets for an even richer experience.',	'',	350,	NULL,	'2017-05-04 10:40:56',	NULL,	'2017-05-04 12:22:07'),
(4,	'2',	'Activity Book1',	'ACT003415641',	'1st Edition',	'1st Activity Book - English is a fun filled treasure house of assignments that entertains as well as enhances the children grasping and understanding about the basic concept of the English Language.',	'bookimage.jpg',	250,	NULL,	'2017-05-17 12:17:32',	NULL,	'2017-05-17 12:17:32');

DROP TABLE IF EXISTS `lib_book_requires`;
CREATE TABLE `lib_book_requires` (
  `id` int(15) NOT NULL AUTO_INCREMENT COMMENT 'Book Requires Id',
  `lib_library_deatils_id` int(11) DEFAULT NULL COMMENT 'Library Details Id',
  `lib_book_deatils_id` int(11) DEFAULT NULL COMMENT 'Book Id',
  `reference_code` varchar(255) DEFAULT NULL COMMENT 'Reference Code',
  `lib_status` varchar(255) DEFAULT NULL COMMENT 'Status',
  `createdby` int(11) DEFAULT NULL COMMENT 'Created Id',
  `createdat` datetime DEFAULT NULL COMMENT 'Created Datetime',
  `updatedby` int(11) DEFAULT NULL COMMENT 'Updated Id',
  `updatedat` datetime DEFAULT NULL COMMENT 'Updated Datetime',
  PRIMARY KEY (`id`)
) ENGINE=InnoDB DEFAULT CHARSET=utf8 COMMENT='Book Requires';


DROP TABLE IF EXISTS `lib_issued_for`;
CREATE TABLE `lib_issued_for` (
  `id` int(15) NOT NULL AUTO_INCREMENT COMMENT 'Book Issued Id',
  `name` varchar(255) DEFAULT NULL COMMENT 'Name',
  `short_code` varchar(255) NOT NULL COMMENT 'Short Code',
  `createdby` int(11) DEFAULT NULL COMMENT 'Created Id',
  `createdat` datetime DEFAULT NULL COMMENT 'Created Datetime',
  `updatedby` int(11) DEFAULT NULL COMMENT 'Updated Id',
  `updatedat` datetime DEFAULT NULL COMMENT 'Updated Datetime',
  PRIMARY KEY (`short_code`),
  UNIQUE KEY `id` (`id`)
) ENGINE=InnoDB DEFAULT CHARSET=utf8 COMMENT='Book Issued Details';

INSERT INTO `lib_issued_for` (`id`, `name`, `short_code`, `createdby`, `createdat`, `updatedby`, `updatedat`) VALUES
(3,	'principle',	'PRI',	NULL,	'2017-05-17 12:17:55',	NULL,	'2017-05-17 12:17:55'),
(2,	'Student',	'STU',	NULL,	'2017-05-04 10:43:26',	NULL,	'2017-05-04 10:43:38'),
(1,	'Teacher',	'TEC',	NULL,	'2017-05-04 10:43:18',	NULL,	'2017-05-04 10:43:18');

DROP TABLE IF EXISTS `lib_library_assignment`;
CREATE TABLE `lib_library_assignment` (
  `id` int(15) NOT NULL AUTO_INCREMENT COMMENT 'Library Assignment Id',
  `lib_library_deatils_id` int(11) DEFAULT NULL COMMENT 'Library Details Id',
  `lib_book_deatils_id` int(11) DEFAULT NULL COMMENT 'Book Id',
  `issued_date` date DEFAULT NULL COMMENT 'Issued Date',
  `reference_id` int(11) DEFAULT NULL COMMENT 'Reference Id',
  `reference_code` varchar(255) DEFAULT NULL COMMENT 'Reference Code',
  `lib_status_id` int(15) DEFAULT NULL COMMENT 'Status Id',
  `createdby` int(11) DEFAULT NULL COMMENT 'Created Id',
  `createdat` datetime DEFAULT NULL COMMENT 'Created Datetime',
  `updatedby` int(11) DEFAULT NULL COMMENT 'Updated Id',
  `updatedat` datetime DEFAULT NULL COMMENT 'Updated Datetime',
  PRIMARY KEY (`id`),
  KEY `lib_status_id` (`lib_status_id`),
  CONSTRAINT `lib_library_assignment_ibfk_1` FOREIGN KEY (`lib_status_id`) REFERENCES `lib_status` (`id`)
) ENGINE=InnoDB DEFAULT CHARSET=utf8 COMMENT='Book Assignment';

INSERT INTO `lib_library_assignment` (`id`, `lib_library_deatils_id`, `lib_book_deatils_id`, `issued_date`, `reference_id`, `reference_code`, `lib_status_id`, `createdby`, `createdat`, `updatedby`, `updatedat`) VALUES
(1,	1,	2,	'2017-04-05',	0,	'DC0023',	2,	NULL,	'2017-05-04 10:45:06',	NULL,	'2017-05-04 12:24:13'),
(2,	1,	1,	'2017-05-04',	0,	'DC0025',	2,	NULL,	'2017-05-04 10:45:31',	NULL,	'2017-05-04 12:24:07'),
(3,	1,	3,	'2017-05-04',	0,	'DC0035',	2,	NULL,	'2017-05-04 10:45:58',	NULL,	'2017-05-04 12:24:01'),
(4,	2,	4,	'2017-05-17',	0,	'ACT005',	2,	NULL,	'2017-05-17 12:19:21',	NULL,	'2017-05-17 12:19:32'),
(5,	2,	2,	'2017-05-07',	0,	'DCB00034',	2,	NULL,	'2017-05-17 12:19:59',	NULL,	'2017-05-17 12:19:59');

DROP TABLE IF EXISTS `lib_library_deatils`;
CREATE TABLE `lib_library_deatils` (
  `id` int(15) NOT NULL AUTO_INCREMENT COMMENT 'Library Id',
  `name` varchar(255) DEFAULT NULL COMMENT 'Name',
  `description` text COMMENT 'Description',
  `createdby` int(11) DEFAULT NULL COMMENT 'Created Id',
  `createdat` datetime DEFAULT NULL COMMENT 'Created Datetime',
  `updatedby` int(11) DEFAULT NULL COMMENT 'Updated Id',
  `updatedat` datetime DEFAULT NULL COMMENT 'Updated Datetime',
  PRIMARY KEY (`id`)
) ENGINE=InnoDB DEFAULT CHARSET=utf8 COMMENT='Library Details';

INSERT INTO `lib_library_deatils` (`id`, `name`, `description`, `createdby`, `createdat`, `updatedby`, `updatedat`) VALUES
(1,	'Indu School Library',	'Indu Play School Library',	NULL,	'2017-05-04 10:41:51',	NULL,	'2017-05-04 10:41:51'),
(2,	'Global Kidz International',	'Global Kidz International',	NULL,	'2017-05-17 12:18:26',	NULL,	'2017-05-17 12:18:26');

DROP TABLE IF EXISTS `lib_publisher`;
CREATE TABLE `lib_publisher` (
  `id` int(15) NOT NULL AUTO_INCREMENT COMMENT 'Publishers Id',
  `name` varchar(255) DEFAULT NULL COMMENT 'Name',
  `type` varchar(255) DEFAULT NULL COMMENT 'Type',
  `createdby` int(11) DEFAULT NULL COMMENT 'Created Id',
  `createdat` datetime DEFAULT NULL COMMENT 'Created Datetime',
  `updatedby` int(11) DEFAULT NULL COMMENT 'Updated Id',
  `updatedat` datetime DEFAULT NULL COMMENT 'Updated Datetime',
  PRIMARY KEY (`id`)
) ENGINE=InnoDB DEFAULT CHARSET=utf8 COMMENT='Publishers Details';

INSERT INTO `lib_publisher` (`id`, `name`, `type`, `createdby`, `createdat`, `updatedby`, `updatedat`) VALUES
(1,	'DK Children',	'',	NULL,	'2017-05-04 10:38:25',	NULL,	'2017-05-04 10:38:25'),
(2,	'Dreamland Publications',	'',	NULL,	'2017-05-17 12:15:52',	NULL,	'2017-05-17 12:15:52');

DROP TABLE IF EXISTS `lib_status`;
CREATE TABLE `lib_status` (
  `id` int(15) NOT NULL AUTO_INCREMENT COMMENT 'Status Id',
  `status` varchar(255) DEFAULT NULL COMMENT 'Status',
  `code` varchar(255) DEFAULT NULL COMMENT 'Code',
  `createdby` int(11) DEFAULT NULL COMMENT 'Created Id',
  `createdat` datetime DEFAULT NULL COMMENT 'Created Datetime',
  `updatedby` int(11) DEFAULT NULL COMMENT 'Updated Id',
  `updatedat` datetime DEFAULT NULL COMMENT 'Updated Datetime',
  PRIMARY KEY (`id`)
) ENGINE=InnoDB DEFAULT CHARSET=utf8 COMMENT='Status Details';

INSERT INTO `lib_status` (`id`, `status`, `code`, `createdby`, `createdat`, `updatedby`, `updatedat`) VALUES
(1,	'Issued',	'ISD',	NULL,	'2017-05-04 10:48:06',	NULL,	'2017-05-04 10:48:06'),
(2,	'Avaliable',	'AVB',	NULL,	'2017-05-04 12:07:38',	NULL,	'2017-05-04 12:07:38'),
(3,	'Damaged',	'DMG',	NULL,	'2017-05-04 12:07:46',	NULL,	'2017-05-04 12:07:46'),
(4,	'Returned',	'RET',	NULL,	'2017-05-17 12:18:55',	NULL,	'2017-05-17 12:18:55');

DROP TABLE IF EXISTS `list_branch`;
CREATE TABLE `list_branch` (
  `id` int(11) NOT NULL AUTO_INCREMENT COMMENT 'Student Id',
  `core_organization_id` int(11) DEFAULT NULL COMMENT 'Core Organization Id',
  `name` varchar(255) DEFAULT NULL COMMENT 'Name',
  `short_name` varchar(50) DEFAULT NULL COMMENT 'Short Name',
  `email` varchar(50) DEFAULT NULL COMMENT 'Email',
  `phone_no` bigint(11) DEFAULT NULL COMMENT 'Phone No',
  `logo` text COMMENT 'Logo',
  `core_list_location_id` int(11) DEFAULT NULL COMMENT 'List Location Id',
  `core_country_id` varchar(50) DEFAULT NULL COMMENT 'Country Id',
  `core_list_state_id` bigint(12) DEFAULT NULL COMMENT 'List State Id',
  `core_list_city_id` bigint(1) DEFAULT NULL COMMENT 'List City Id',
  `address1` varchar(255) DEFAULT NULL COMMENT 'Address 1',
  `address2` varchar(255) DEFAULT NULL COMMENT 'Address 2',
  `zipcode` int(8) DEFAULT NULL COMMENT 'Zip Code',
  `locationiframe` text COMMENT 'Location Iframe',
  `active_status` tinyint(1) DEFAULT NULL COMMENT 'Active Status',
  `createdby` int(11) DEFAULT NULL COMMENT 'Created Id',
  `createdat` datetime DEFAULT NULL COMMENT 'Created Datetime',
  `updatedby` bigint(15) DEFAULT NULL COMMENT 'Updated Id',
  `updatedat` datetime DEFAULT NULL COMMENT 'Updated Datetime',
  PRIMARY KEY (`id`),
  UNIQUE KEY `id` (`id`)
) ENGINE=InnoDB DEFAULT CHARSET=utf8 COMMENT='List Branch';

INSERT INTO `list_branch` (`id`, `core_organization_id`, `name`, `short_name`, `email`, `phone_no`, `logo`, `core_list_location_id`, `core_country_id`, `core_list_state_id`, `core_list_city_id`, `address1`, `address2`, `zipcode`, `locationiframe`, `active_status`, `createdby`, `createdat`, `updatedby`, `updatedat`) VALUES
(1,	1,	'Indu Play School',	'IPS',	'info@induplayschool.com',	9441011978,	'|||||',	1,	'IND',	1,	1,	' H.no.19/431. Road no.6',	'Madhavapuri hills colony. PJR Enclave',	500050,	'',	1,	NULL,	'2017-05-01 15:33:46',	NULL,	'2017-05-01 15:33:46'),
(2,	2,	'Global Kidz International School',	'GKS',	'ksindhur@gmail.com',	9550518214,	'globalkids1494998914.jpg',	2,	'IND',	1,	1,	'back of state Home',	'yellareddyguda',	500013,	'',	1,	NULL,	'2017-05-17 10:58:34',	NULL,	'2017-05-17 10:58:34'),
(3,	3,	'Smart Global',	'SG',	'sample@gmail.com',	125644865,	'|||||',	3,	'IND',	1,	1,	'',	'3-6-190,dsfds',	0,	'',	1,	NULL,	'2017-05-18 19:04:21',	NULL,	'2017-05-18 19:04:21');

DROP TABLE IF EXISTS `lm_leave_request`;
CREATE TABLE `lm_leave_request` (
  `id` bigint(255) NOT NULL AUTO_INCREMENT COMMENT 'Leave Request id',
  `user_type` varchar(255) DEFAULT NULL COMMENT 'User Type',
  `user_id` varchar(255) DEFAULT NULL COMMENT 'User Id',
  `name` varchar(255) DEFAULT NULL COMMENT 'Name',
  `cur_list_academicyear_id` varchar(255) DEFAULT NULL COMMENT 'Academic year',
  `list_branch_id` varchar(255) DEFAULT NULL COMMENT 'Branch Id',
  `cur_branch_orientation_id` varchar(255) DEFAULT NULL COMMENT 'Branch orientation Id',
  `cur_branch_class_id` varchar(255) DEFAULT NULL COMMENT 'Class Id',
  `cur_branch_class_section_id` varchar(255) DEFAULT NULL COMMENT 'Section Id',
  `subject` varchar(255) DEFAULT NULL COMMENT 'Subject',
  `description` longtext COMMENT 'Description',
  `leave_date` date DEFAULT NULL COMMENT 'Leave Date',
  `end_date` date DEFAULT NULL COMMENT 'End Date',
  `lm_leave_status_id` varchar(255) DEFAULT NULL COMMENT 'Status',
  `createdby` int(11) DEFAULT NULL COMMENT 'Created Id',
  `createdat` datetime DEFAULT NULL COMMENT 'Created Datetime',
  `updatedby` int(11) DEFAULT NULL COMMENT 'Updated Id',
  `updatedat` datetime DEFAULT NULL COMMENT 'Updated Datetime',
  PRIMARY KEY (`id`)
) ENGINE=InnoDB DEFAULT CHARSET=utf8 COMMENT='Leave Request';

INSERT INTO `lm_leave_request` (`id`, `user_type`, `user_id`, `name`, `cur_list_academicyear_id`, `list_branch_id`, `cur_branch_orientation_id`, `cur_branch_class_id`, `cur_branch_class_section_id`, `subject`, `description`, `leave_date`, `end_date`, `lm_leave_status_id`, `createdby`, `createdat`, `updatedby`, `updatedat`) VALUES
(6,	'student',	'ST0034',	'Siva Kumar',	'2017',	'1',	'2',	'1',	'1',	'asdasdsadasd',	'asdsadsadsadsadasdsadsa',	'2017-05-12',	'2017-05-12',	'REJ',	NULL,	'2017-05-08 19:03:59',	NULL,	'2017-05-08 19:03:59'),
(7,	'student',	'ST0034',	'Siva Kumar',	'2017',	'1',	'2',	'1',	'1',	'asdasdsadasd',	'asdsadsadsadsadasdsadsa',	'2017-05-12',	'2017-05-15',	'REJ',	NULL,	'2017-05-08 19:04:27',	NULL,	'2017-05-08 19:04:27'),
(8,	'student',	'ST0034',	'Siva Kumar',	'2017',	'1',	'2',	'1',	'1',	'asdasdsadasd',	'asdsadsadsadsadasdsadsa',	'2017-05-12',	'2017-05-17',	'REJ',	NULL,	'2017-05-08 19:05:27',	NULL,	'2017-05-08 19:05:27'),
(9,	'student',	'ST0034',	'Siva Kumar',	'2017',	'1',	'2',	'1',	'1',	'asdasdsadasd',	'asdsadsadsadsadasdsadsa',	'2017-05-12',	'2017-05-20',	'REJ',	NULL,	'2017-05-08 19:06:15',	NULL,	'2017-05-08 19:06:15'),
(10,	'student',	'ST0034',	'Siva Kumar',	'2017',	'1',	'2',	'1',	'1',	'need leave',	'Need For  A day',	'2017-05-08',	'2017-05-09',	'ACT',	NULL,	'2017-05-08 19:08:34',	NULL,	'2017-05-17 12:22:04'),
(11,	'student',	'ST0034',	'Siva Kumar',	'2017',	'1',	'2',	'1',	'1',	'Hhdjd',	'Hhshsjjdjdjxjd',	'0000-00-00',	'0000-00-00',	'PEN',	NULL,	'2017-05-09 17:55:38',	NULL,	'2017-05-09 17:55:38'),
(12,	'student',	'ST0034',	'Siva Kumar',	'2017',	'1',	'2',	'1',	'1',	'asdas',	'dasdsadsad',	'0000-00-00',	'0000-00-00',	'ACT',	NULL,	'2017-05-09 18:01:59',	NULL,	'2017-05-17 12:21:41');

DROP TABLE IF EXISTS `lm_leave_status`;
CREATE TABLE `lm_leave_status` (
  `id` bigint(255) NOT NULL AUTO_INCREMENT COMMENT 'Leave Status id',
  `name` varchar(255) DEFAULT NULL COMMENT 'Name',
  `short_code` varchar(255) NOT NULL COMMENT 'Short Code',
  `createdby` int(11) DEFAULT NULL COMMENT 'Created Id',
  `createdat` datetime DEFAULT NULL COMMENT 'Created Datetime',
  `updatedby` int(11) DEFAULT NULL COMMENT 'Updated Id',
  `updatedat` datetime DEFAULT NULL COMMENT 'Updated Datetime',
  PRIMARY KEY (`short_code`),
  UNIQUE KEY `id` (`id`)
) ENGINE=InnoDB DEFAULT CHARSET=utf8 COMMENT='Leave Status';

INSERT INTO `lm_leave_status` (`id`, `name`, `short_code`, `createdby`, `createdat`, `updatedby`, `updatedat`) VALUES
(1,	'Accepted',	'ACT',	NULL,	'2017-05-08 16:23:05',	NULL,	'2017-05-08 16:23:05'),
(3,	'Pending',	'PEN',	NULL,	'2017-05-08 19:07:31',	NULL,	'2017-05-08 19:07:31'),
(2,	'Rejected',	'REJ',	NULL,	'2017-05-08 16:23:26',	NULL,	'2017-05-08 16:23:26');

DROP TABLE IF EXISTS `staff_department`;
CREATE TABLE `staff_department` (
  `id` int(15) NOT NULL AUTO_INCREMENT COMMENT 'Staff Department Id',
  `name` varchar(255) DEFAULT NULL COMMENT 'Name',
  `code` varchar(255) NOT NULL COMMENT 'Code',
  `createdby` int(11) DEFAULT NULL COMMENT 'Created Id',
  `createdat` datetime DEFAULT NULL COMMENT 'Created Datetime',
  `updatedby` int(11) DEFAULT NULL COMMENT 'Updated Id',
  `updatedat` datetime DEFAULT NULL COMMENT 'Updated Datetime',
  PRIMARY KEY (`code`),
  UNIQUE KEY `id` (`id`)
) ENGINE=InnoDB DEFAULT CHARSET=utf8 COMMENT='Staff Department Details';

INSERT INTO `staff_department` (`id`, `name`, `code`, `createdby`, `createdat`, `updatedby`, `updatedat`) VALUES
(8,	'Adminstrative',	'ADM',	NULL,	'2017-05-04 09:06:38',	NULL,	'2017-05-04 09:06:38'),
(7,	'Cultural',	'CUL',	NULL,	'2017-05-04 09:06:17',	NULL,	'2017-05-04 09:06:17'),
(9,	'Head Office',	'HO',	NULL,	'2017-05-04 09:06:48',	NULL,	'2017-05-04 09:06:48'),
(4,	'Languages',	'LANG',	NULL,	'2017-05-04 09:05:21',	NULL,	'2017-05-04 09:05:21'),
(6,	'Library',	'LIB',	NULL,	'2017-05-04 09:05:43',	NULL,	'2017-05-04 09:05:43'),
(1,	'Maths',	'MAT',	NULL,	'2017-05-04 09:04:14',	NULL,	'2017-05-04 09:04:14'),
(2,	'Science',	'SCI',	NULL,	'2017-05-04 09:04:23',	NULL,	'2017-05-04 09:04:23'),
(3,	'Social',	'SOC',	NULL,	'2017-05-04 09:04:34',	NULL,	'2017-05-04 09:04:34'),
(5,	'Sports',	'SPR',	NULL,	'2017-05-04 09:05:33',	NULL,	'2017-05-04 09:05:33');

DROP TABLE IF EXISTS `staff_designation`;
CREATE TABLE `staff_designation` (
  `id` int(15) NOT NULL AUTO_INCREMENT COMMENT 'Staff Designation Id',
  `name` varchar(255) DEFAULT NULL COMMENT 'Name',
  `code` varchar(255) NOT NULL COMMENT 'Code',
  `createdby` int(11) DEFAULT NULL COMMENT 'Created Id',
  `createdat` datetime DEFAULT NULL COMMENT 'Created Datetime',
  `updatedby` int(11) DEFAULT NULL COMMENT 'Updated Id',
  `updatedat` datetime DEFAULT NULL COMMENT 'Updated Datetime',
  PRIMARY KEY (`code`),
  UNIQUE KEY `id` (`id`)
) ENGINE=InnoDB DEFAULT CHARSET=utf8 COMMENT='Staff Designation Details';

INSERT INTO `staff_designation` (`id`, `name`, `code`, `createdby`, `createdat`, `updatedby`, `updatedat`) VALUES
(6,	'Account',	'ACT',	NULL,	'2017-05-04 09:10:13',	NULL,	'2017-05-04 09:10:13'),
(1,	'Class Teacher',	'CT',	NULL,	'2017-05-04 09:07:22',	NULL,	'2017-05-04 09:07:22'),
(5,	'Director',	'DR',	NULL,	'2017-05-04 09:08:55',	NULL,	'2017-05-04 09:09:54'),
(7,	'Librarian',	'LIB',	NULL,	'2017-05-04 09:10:56',	NULL,	'2017-05-04 09:10:56'),
(3,	'Principle',	'PRI',	NULL,	'2017-05-04 09:07:46',	NULL,	'2017-05-04 09:07:46'),
(2,	'Asst Teacher',	'TA',	NULL,	'2017-05-04 09:07:36',	NULL,	'2017-05-04 09:40:14'),
(4,	'Vice Principle',	'VP',	NULL,	'2017-05-04 09:08:07',	NULL,	'2017-05-04 09:08:07');

DROP TABLE IF EXISTS `staff_division`;
CREATE TABLE `staff_division` (
  `id` int(15) NOT NULL AUTO_INCREMENT COMMENT 'Staff Division Id',
  `name` varchar(255) DEFAULT NULL COMMENT 'Name',
  `code` varchar(255) NOT NULL COMMENT 'Code',
  `createdby` int(11) DEFAULT NULL COMMENT 'Created Id',
  `createdat` datetime DEFAULT NULL COMMENT 'Created Datetime',
  `updatedby` int(11) DEFAULT NULL COMMENT 'Updated Id',
  `updatedat` datetime DEFAULT NULL COMMENT 'Updated Datetime',
  PRIMARY KEY (`code`),
  UNIQUE KEY `id` (`id`)
) ENGINE=InnoDB DEFAULT CHARSET=utf8 COMMENT='Staff Division Details';

INSERT INTO `staff_division` (`id`, `name`, `code`, `createdby`, `createdat`, `updatedby`, `updatedat`) VALUES
(1,	'Adminstartion',	'ADM',	NULL,	'2017-05-04 09:01:45',	NULL,	'2017-05-04 09:01:45'),
(2,	'Non Teaching',	'NTECH',	NULL,	'2017-05-04 09:02:00',	NULL,	'2017-05-04 09:02:00'),
(3,	'Teaching',	'TECH',	NULL,	'2017-05-04 09:02:11',	NULL,	'2017-05-04 09:02:11');

DROP TABLE IF EXISTS `staff_shift`;
CREATE TABLE `staff_shift` (
  `id` int(15) NOT NULL AUTO_INCREMENT COMMENT 'Staff Shift Id',
  `name` varchar(255) DEFAULT NULL COMMENT 'Name',
  `code` varchar(255) DEFAULT NULL COMMENT 'Code',
  `from_time` varchar(255) DEFAULT NULL COMMENT 'From Time',
  `to_time` varchar(255) DEFAULT NULL COMMENT 'To Time',
  `createdby` int(11) DEFAULT NULL COMMENT 'Created Id',
  `createdat` datetime DEFAULT NULL COMMENT 'Created Datetime',
  `updatedby` int(11) DEFAULT NULL COMMENT 'Updated Id',
  `updatedat` datetime DEFAULT NULL COMMENT 'Updated Datetime',
  PRIMARY KEY (`id`)
) ENGINE=InnoDB DEFAULT CHARSET=utf8 COMMENT='Staff Shift Details';

INSERT INTO `staff_shift` (`id`, `name`, `code`, `from_time`, `to_time`, `createdby`, `createdat`, `updatedby`, `updatedat`) VALUES
(1,	'Morning',	'MRG',	'09:00',	'12:00',	NULL,	'2017-05-15 18:33:10',	NULL,	'2017-05-15 18:33:10'),
(2,	'Evening',	'EVG',	'13:00',	'17:00',	NULL,	'2017-05-15 18:33:33',	NULL,	'2017-05-15 18:33:33'),
(3,	'Full Time',	'FT',	'09:00',	'17:00',	NULL,	'2017-05-15 18:33:56',	NULL,	'2017-05-15 18:33:56');

DROP TABLE IF EXISTS `staff_staff_attendance`;
CREATE TABLE `staff_staff_attendance` (
  `id` int(15) NOT NULL AUTO_INCREMENT COMMENT 'Staff Attendance Id',
  `core_organization_id` varchar(255) DEFAULT NULL COMMENT 'Organization',
  `list_branch_id` varchar(255) DEFAULT NULL COMMENT 'Branch',
  `staff_division_id` varchar(255) DEFAULT NULL COMMENT 'Division Id',
  `staff_department_id` varchar(255) DEFAULT NULL COMMENT 'Department Id',
  `staff_designation_id` varchar(255) DEFAULT NULL COMMENT 'Designation Id',
  `date` date DEFAULT NULL COMMENT 'Date',
  `staff_shift_id` varchar(255) DEFAULT NULL COMMENT 'Staff Shift Id',
  `createdby` int(11) DEFAULT NULL COMMENT 'Created Id',
  `createdat` datetime DEFAULT NULL COMMENT 'Created Datetime',
  `updatedby` int(11) DEFAULT NULL COMMENT 'Updated Id',
  `updatedat` datetime DEFAULT NULL COMMENT 'Updated Datetime',
  PRIMARY KEY (`id`)
) ENGINE=InnoDB DEFAULT CHARSET=utf8 COMMENT='Staff Attendance';

INSERT INTO `staff_staff_attendance` (`id`, `core_organization_id`, `list_branch_id`, `staff_division_id`, `staff_department_id`, `staff_designation_id`, `date`, `staff_shift_id`, `createdby`, `createdat`, `updatedby`, `updatedat`) VALUES
(1,	'1',	'1',	'TECH',	'MAT',	'CT',	'2017-05-16',	'3',	NULL,	'2017-05-15 18:34:27',	NULL,	'2017-05-15 18:34:27');

DROP TABLE IF EXISTS `staff_staff_attendance_details`;
CREATE TABLE `staff_staff_attendance_details` (
  `id` int(15) NOT NULL AUTO_INCREMENT COMMENT 'Staff Attendance Details Id',
  `staff_staff_deatils_id` varchar(255) DEFAULT NULL COMMENT 'Staff Id',
  `staff_code` varchar(255) DEFAULT NULL COMMENT 'Staff Code',
  `status` varchar(255) DEFAULT NULL COMMENT 'Status',
  `hours` varchar(255) DEFAULT NULL COMMENT 'Hours',
  `remarks` varchar(255) DEFAULT NULL COMMENT 'Remarks',
  `createdby` int(11) DEFAULT NULL COMMENT 'Created Id',
  `createdat` datetime DEFAULT NULL COMMENT 'Created Datetime',
  `updatedby` int(11) DEFAULT NULL COMMENT 'Updated Id',
  `updatedat` datetime DEFAULT NULL COMMENT 'Updated Datetime',
  PRIMARY KEY (`id`)
) ENGINE=InnoDB DEFAULT CHARSET=utf8 COMMENT='Staff Attendance Details';


DROP TABLE IF EXISTS `staff_staff_deatils`;
CREATE TABLE `staff_staff_deatils` (
  `id` bigint(255) NOT NULL AUTO_INCREMENT COMMENT 'Staff Id',
  `staff_id` varchar(255) DEFAULT NULL COMMENT 'Staff Id',
  `staff_code` varchar(255) DEFAULT NULL COMMENT 'Staff Code',
  `first_name` varchar(255) DEFAULT NULL COMMENT 'First Name',
  `middle_name` varchar(255) DEFAULT NULL COMMENT 'Middle Name',
  `last_name` varchar(255) DEFAULT NULL COMMENT 'Last Name',
  `date_of_birth` date DEFAULT NULL COMMENT 'Date Of Birth',
  `email` varchar(255) DEFAULT NULL COMMENT 'Email',
  `password` varchar(255) DEFAULT NULL COMMENT 'Password',
  `phone_number` varchar(255) DEFAULT NULL COMMENT 'Phone Number',
  `mobile_number` varchar(255) DEFAULT NULL COMMENT 'Mobile number',
  `core_country_id` varchar(255) DEFAULT NULL COMMENT 'Country',
  `core_list_state_id` varchar(255) DEFAULT NULL COMMENT 'State',
  `core_list_city_id` varchar(255) DEFAULT NULL COMMENT 'City',
  `address` text COMMENT 'Address',
  `pincode` varchar(255) DEFAULT NULL COMMENT 'Pincode',
  `date_of_joining` date DEFAULT NULL COMMENT 'Date Of Joining',
  `image` longtext COMMENT 'Image',
  `createdby` int(11) DEFAULT NULL COMMENT 'Created Id',
  `createdat` datetime DEFAULT NULL COMMENT 'Created Datetime',
  `updatedby` int(11) DEFAULT NULL COMMENT 'Updated Id',
  `updatedat` datetime DEFAULT NULL COMMENT 'Updated Datetime',
  PRIMARY KEY (`id`)
) ENGINE=InnoDB DEFAULT CHARSET=utf8 COMMENT='Staff Details';

INSERT INTO `staff_staff_deatils` (`id`, `staff_id`, `staff_code`, `first_name`, `middle_name`, `last_name`, `date_of_birth`, `email`, `password`, `phone_number`, `mobile_number`, `core_country_id`, `core_list_state_id`, `core_list_city_id`, `address`, `pincode`, `date_of_joining`, `image`, `createdby`, `createdat`, `updatedby`, `updatedat`) VALUES
(1,	'STAFF0012',	'STF001',	'SIVA',	'',	'KUMAR',	'1990-03-11',	'kumarharsha44@gmail.com',	'123456',	'',	'9030745148',	'IND',	'1',	'1',	'3-6-190/1,hyderguda ',	'500029',	'2016-02-16',	'stuimage1494981088.jpg',	NULL,	'2017-05-04 09:28:25',	NULL,	'2017-05-17 18:01:28'),
(2,	'STAFF0013',	'STF002',	'Ramesh',	'',	'Naidu',	'1990-03-11',	'ramesh@gmail.com',	NULL,	'',	'8784564564156',	NULL,	NULL,	NULL,	'krishna nagar, Hyderbad',	NULL,	'2016-04-04',	'stuimage.jpg',	NULL,	'2017-05-04 09:29:32',	NULL,	'2017-05-13 18:16:22'),
(3,	'STAFF0014',	'STF003',	'Karteek',	'',	'Jamalla',	'1990-05-01',	'karteek@gmail.com',	NULL,	'',	'9859645641',	NULL,	NULL,	NULL,	'ameerpet, hyderbad',	NULL,	'2017-02-06',	'|||||',	NULL,	'2017-05-04 09:30:28',	NULL,	'2017-05-04 09:31:22'),
(4,	'STAFF0015',	'STF00321',	'Vankat ',	'',	'Aryan',	'1985-05-25',	'aryan@gmail.com',	'',	'8745891425',	'9245871257',	'IND',	'1',	'1',	'59-59, krishna Nagar',	'500016',	'2017-03-13',	'stuimage1494979921.jpg',	NULL,	'2017-05-17 12:06:33',	NULL,	'2017-05-17 17:42:01');

DROP TABLE IF EXISTS `staff_staff_education`;
CREATE TABLE `staff_staff_education` (
  `id` int(15) NOT NULL AUTO_INCREMENT COMMENT 'Staff Education Id',
  `staff_staff_deatils_id` varchar(255) DEFAULT NULL COMMENT 'Staff Id',
  `college` varchar(255) DEFAULT NULL COMMENT 'College',
  `university` varchar(255) DEFAULT NULL COMMENT 'University',
  `qualification` varchar(255) DEFAULT NULL COMMENT 'Qualification',
  `gap` varchar(255) DEFAULT NULL COMMENT 'Gap',
  `createdby` int(11) DEFAULT NULL COMMENT 'Created Id',
  `createdat` datetime DEFAULT NULL COMMENT 'Created Datetime',
  `updatedby` int(11) DEFAULT NULL COMMENT 'Updated Id',
  `updatedat` datetime DEFAULT NULL COMMENT 'Updated Datetime',
  PRIMARY KEY (`id`)
) ENGINE=InnoDB DEFAULT CHARSET=utf8 COMMENT='Staff Eduction Details';

INSERT INTO `staff_staff_education` (`id`, `staff_staff_deatils_id`, `college`, `university`, `qualification`, `gap`, `createdby`, `createdat`, `updatedby`, `updatedat`) VALUES
(1,	'2',	'Annamacharya Institute',	'JNTU',	'Btech',	'8',	NULL,	'2017-05-13 17:01:24',	NULL,	'2017-05-13 17:01:24'),
(2,	'2',	'SV University',	'SVU',	'Mtech',	'8',	NULL,	'2017-05-13 17:01:55',	NULL,	'2017-05-13 17:01:55'),
(3,	'4',	'Sreenedi',	'JNTUH',	'Bcom',	'9',	NULL,	'2017-05-17 12:09:35',	NULL,	'2017-05-17 12:09:35'),
(4,	'1',	'Narayana',	'Intermediate board',	'Inter',	'9',	NULL,	'2017-05-17 17:47:37',	NULL,	'2017-05-17 17:47:37'),
(5,	'1',	'Annamacharya',	'JNTUH',	'Btech',	'8',	NULL,	'2017-05-17 17:47:56',	NULL,	'2017-05-17 17:47:56');

DROP TABLE IF EXISTS `staff_staff_history`;
CREATE TABLE `staff_staff_history` (
  `id` int(15) NOT NULL AUTO_INCREMENT COMMENT 'Staff History Id',
  `staff_staff_deatils_id` varchar(255) DEFAULT NULL COMMENT 'Staff Id',
  `Staff_code` varchar(255) DEFAULT NULL COMMENT 'Staff Code',
  `core_organization_id` varchar(255) DEFAULT NULL COMMENT 'Organization',
  `list_branch_id` varchar(255) DEFAULT NULL COMMENT 'Branch',
  `staff_division_id` varchar(255) DEFAULT NULL COMMENT 'Division Id',
  `staff_department_id` varchar(255) DEFAULT NULL COMMENT 'Department Id',
  `staff_designation_id` varchar(255) DEFAULT NULL COMMENT 'Designation Id',
  `from_date` datetime DEFAULT NULL COMMENT 'From Date',
  `to_date` datetime DEFAULT NULL COMMENT 'To Date',
  `previous_status` varchar(255) DEFAULT NULL COMMENT 'Previous Status',
  `present_status` varchar(255) DEFAULT NULL COMMENT 'Present Status',
  `createdby` int(11) DEFAULT NULL COMMENT 'Created Id',
  `createdat` datetime DEFAULT NULL COMMENT 'Created Datetime',
  `updatedby` int(11) DEFAULT NULL COMMENT 'Updated Id',
  `updatedat` datetime DEFAULT NULL COMMENT 'Updated Datetime',
  PRIMARY KEY (`id`)
) ENGINE=InnoDB DEFAULT CHARSET=utf8 COMMENT='Staff History';


DROP TABLE IF EXISTS `staff_staff_info`;
CREATE TABLE `staff_staff_info` (
  `id` int(15) NOT NULL AUTO_INCREMENT COMMENT 'Status info Id',
  `staff_staff_deatils_id` varchar(255) DEFAULT NULL COMMENT 'Staff Details Id',
  `core_organization_id` varchar(255) DEFAULT NULL COMMENT 'Organization',
  `list_branch_id` varchar(255) DEFAULT NULL COMMENT 'Branch',
  `staff_division_id` varchar(255) DEFAULT NULL COMMENT 'Division Id',
  `staff_department_id` varchar(255) DEFAULT NULL COMMENT 'Department Id',
  `staff_designation_id` varchar(255) DEFAULT NULL COMMENT 'Designation Id',
  `createdby` int(11) DEFAULT NULL COMMENT 'Created Id',
  `createdat` datetime DEFAULT NULL COMMENT 'Created Datetime',
  `updatedby` int(11) DEFAULT NULL COMMENT 'Updated Id',
  `updatedat` datetime DEFAULT NULL COMMENT 'Updated Datetime',
  PRIMARY KEY (`id`)
) ENGINE=InnoDB DEFAULT CHARSET=utf8 COMMENT='Status Info';

INSERT INTO `staff_staff_info` (`id`, `staff_staff_deatils_id`, `core_organization_id`, `list_branch_id`, `staff_division_id`, `staff_department_id`, `staff_designation_id`, `createdby`, `createdat`, `updatedby`, `updatedat`) VALUES
(1,	'1',	'1',	'1',	'TECH',	'MAT',	'TA',	NULL,	'2017-05-04 09:32:05',	NULL,	'2017-05-04 09:32:05'),
(2,	'2',	'1',	'1',	'TECH',	'SCI',	'CT',	NULL,	'2017-05-04 09:32:31',	NULL,	'2017-05-04 09:32:31'),
(3,	'3',	'1',	'1',	'TECH',	'SOC',	'TA',	NULL,	'2017-05-04 09:34:48',	NULL,	'2017-05-04 09:34:48'),
(4,	'4',	'2',	'2',	'TECH',	'MAT',	'CT',	NULL,	'2017-05-17 12:07:16',	NULL,	'2017-05-17 12:07:16');

DROP TABLE IF EXISTS `staff_staff_skills`;
CREATE TABLE `staff_staff_skills` (
  `id` int(15) NOT NULL AUTO_INCREMENT COMMENT 'Staff Skills Id',
  `staff_staff_deatils_id` varchar(255) DEFAULT NULL COMMENT 'Staff Id',
  `skills_id` varchar(255) DEFAULT NULL COMMENT 'Skills Id',
  `percentage` varchar(255) DEFAULT NULL COMMENT 'Percentage',
  `createdby` int(11) DEFAULT NULL COMMENT 'Created Id',
  `createdat` datetime DEFAULT NULL COMMENT 'Created Datetime',
  `updatedby` int(11) DEFAULT NULL COMMENT 'Updated Id',
  `updatedat` datetime DEFAULT NULL COMMENT 'Updated Datetime',
  PRIMARY KEY (`id`)
) ENGINE=InnoDB DEFAULT CHARSET=utf8 COMMENT='Staff Skills';

INSERT INTO `staff_staff_skills` (`id`, `staff_staff_deatils_id`, `skills_id`, `percentage`, `createdby`, `createdat`, `updatedby`, `updatedat`) VALUES
(1,	'4',	'Spoken English',	'95',	NULL,	'2017-05-17 12:10:21',	NULL,	'2017-05-17 12:10:21');

DROP TABLE IF EXISTS `staff_staff_subjects`;
CREATE TABLE `staff_staff_subjects` (
  `id` int(15) NOT NULL AUTO_INCREMENT COMMENT 'Staff Subject Id',
  `staff_staff_deatils_id` varchar(255) DEFAULT NULL COMMENT 'Staff Id',
  `cur_list_academicyear_id` varchar(255) DEFAULT NULL COMMENT 'Academic Year',
  `list_branch_id` varchar(255) DEFAULT NULL COMMENT 'Branch',
  `cur_branch_orientation_id` varchar(255) DEFAULT NULL COMMENT 'Branch Orientation Id',
  `cur_branch_class_id` varchar(255) DEFAULT NULL COMMENT 'Branch Class Id',
  `cur_branch_class_section_id` varchar(255) DEFAULT NULL COMMENT 'Section Id',
  `cur_subject_type_id` varchar(255) DEFAULT NULL COMMENT 'Subject Type',
  `cur_academic_subject_id` varchar(255) DEFAULT NULL COMMENT 'Subject Id',
  `createdby` int(11) DEFAULT NULL COMMENT 'Created Id',
  `createdat` datetime DEFAULT NULL COMMENT 'Created Datetime',
  `updatedby` int(11) DEFAULT NULL COMMENT 'Updated Id',
  `updatedat` datetime DEFAULT NULL COMMENT 'Updated Datetime',
  PRIMARY KEY (`id`)
) ENGINE=InnoDB DEFAULT CHARSET=utf8 COMMENT='Staff Subjects';

INSERT INTO `staff_staff_subjects` (`id`, `staff_staff_deatils_id`, `cur_list_academicyear_id`, `list_branch_id`, `cur_branch_orientation_id`, `cur_branch_class_id`, `cur_branch_class_section_id`, `cur_subject_type_id`, `cur_academic_subject_id`, `createdby`, `createdat`, `updatedby`, `updatedat`) VALUES
(1,	'1',	'2017',	'1',	'2',	'1',	'1',	'THY',	'4',	NULL,	'2017-05-04 09:36:56',	NULL,	'2017-05-04 09:36:56'),
(2,	'2',	'2017',	'1',	'2',	'1',	'1',	'THY',	'7',	NULL,	'2017-05-04 09:37:16',	NULL,	'2017-05-04 09:37:16'),
(3,	'3',	'2017',	'1',	'2',	'1',	'1',	'THY',	'6',	NULL,	'2017-05-04 09:37:33',	NULL,	'2017-05-04 09:37:33'),
(4,	'4',	'2017',	'2',	'3',	'11',	'10',	'THY',	'4',	NULL,	'2017-05-17 12:10:48',	NULL,	'2017-05-17 12:10:48');

DROP TABLE IF EXISTS `student_action`;
CREATE TABLE `student_action` (
  `id` int(11) NOT NULL AUTO_INCREMENT COMMENT 'Student Action Id',
  `name` varchar(255) DEFAULT NULL COMMENT 'Name',
  `short_code` varchar(50) NOT NULL COMMENT 'Short Code',
  `active_status` tinyint(1) DEFAULT NULL COMMENT 'Active Status',
  `createdby` int(11) DEFAULT NULL COMMENT 'Created Id',
  `createdat` datetime DEFAULT NULL COMMENT 'Created Datetime',
  `updatedby` bigint(15) DEFAULT NULL COMMENT 'Updated Id',
  `updatedat` datetime DEFAULT NULL COMMENT 'Updated Datetime',
  PRIMARY KEY (`short_code`),
  UNIQUE KEY `id` (`id`)
) ENGINE=InnoDB DEFAULT CHARSET=utf8 COMMENT='Student Action';

INSERT INTO `student_action` (`id`, `name`, `short_code`, `active_status`, `createdby`, `createdat`, `updatedby`, `updatedat`) VALUES
(1,	'Alloted',	'ALT',	1,	NULL,	'2017-05-01 16:44:44',	NULL,	'2017-05-01 16:44:44'),
(2,	'Assigned',	'ASG',	1,	NULL,	'2017-05-01 16:44:54',	NULL,	'2017-05-01 16:44:54'),
(4,	'Detained',	'DTD',	1,	NULL,	'2017-05-01 16:45:16',	NULL,	'2017-05-01 16:45:16'),
(3,	'Promoted',	'PMT',	1,	NULL,	'2017-05-01 16:45:05',	NULL,	'2017-05-01 16:45:05');

DROP TABLE IF EXISTS `student_admission`;
CREATE TABLE `student_admission` (
  `id` bigint(11) NOT NULL AUTO_INCREMENT COMMENT 'Student Admission Id',
  `admission_no` varchar(100) DEFAULT NULL COMMENT 'Admission No',
  `roll_no` varchar(255) DEFAULT NULL COMMENT 'Roll No',
  `cur_list_academicyear_id` varchar(100) DEFAULT NULL COMMENT 'LisT Acadamic Year Id',
  `list_branch_id` int(11) DEFAULT NULL COMMENT 'Branch Id',
  `student_quota_id` varchar(100) DEFAULT NULL COMMENT 'Student Quota Id',
  `cur_list_orientation_id` int(11) DEFAULT NULL COMMENT 'List Orientation Id',
  `cur_branch_orientation_id` int(11) DEFAULT NULL COMMENT 'List Branch Orientational Id',
  `cur_list_class_id` int(11) DEFAULT NULL COMMENT 'List Class Id',
  `cur_branch_class_id` int(11) DEFAULT NULL COMMENT 'List Branch Class Id',
  `cur_branch_class_section_id` int(11) DEFAULT NULL COMMENT 'List Branch Class Section Id',
  `student_status_id` varchar(100) DEFAULT NULL COMMENT 'Student Status Id',
  `admission_date` date DEFAULT NULL COMMENT 'Admission Date',
  `first_name` varchar(100) DEFAULT NULL COMMENT 'First Name',
  `last_name` varchar(100) DEFAULT NULL COMMENT 'Last Name',
  `name` varchar(255) DEFAULT NULL COMMENT 'Name',
  `dob` date DEFAULT NULL COMMENT 'DOB',
  `image` text COMMENT 'Image',
  `father_name` varchar(255) DEFAULT NULL COMMENT 'Father Name',
  `mother_name` varchar(255) DEFAULT NULL COMMENT 'Mother Name',
  `primary_phno` bigint(12) DEFAULT NULL COMMENT 'Prima Phno',
  `email_id` varchar(255) DEFAULT NULL COMMENT 'Email Id',
  `password` varchar(255) DEFAULT NULL COMMENT 'Password',
  `core_country_id` varchar(255) DEFAULT NULL COMMENT 'Country Id',
  `core_list_state_id` int(11) DEFAULT NULL COMMENT 'List State Id',
  `core_list_city_id` int(11) DEFAULT NULL COMMENT 'List City Id',
  `present_address` text COMMENT 'Present Address',
  `postalcode` varchar(255) DEFAULT NULL COMMENT 'Postal Code',
  `createdby` int(11) DEFAULT NULL COMMENT 'Created Id',
  `createdat` datetime DEFAULT NULL COMMENT 'Created Datetime',
  `updatedby` bigint(15) DEFAULT NULL COMMENT 'Updated Id',
  `updatedat` datetime DEFAULT NULL COMMENT 'Updated Datetime',
  PRIMARY KEY (`id`)
) ENGINE=InnoDB DEFAULT CHARSET=utf8 COMMENT='Student Admission';

INSERT INTO `student_admission` (`id`, `admission_no`, `roll_no`, `cur_list_academicyear_id`, `list_branch_id`, `student_quota_id`, `cur_list_orientation_id`, `cur_branch_orientation_id`, `cur_list_class_id`, `cur_branch_class_id`, `cur_branch_class_section_id`, `student_status_id`, `admission_date`, `first_name`, `last_name`, `name`, `dob`, `image`, `father_name`, `mother_name`, `primary_phno`, `email_id`, `password`, `core_country_id`, `core_list_state_id`, `core_list_city_id`, `present_address`, `postalcode`, `createdby`, `createdat`, `updatedby`, `updatedat`) VALUES
(12,	'ST0034',	'01',	'2017',	1,	'GEN',	NULL,	2,	NULL,	1,	1,	'NW',	'2017-05-01',	'Siva',	'Kumar',	'Siva Kumar',	'1990-03-11',	'',	'Raja Gopal Reddy',	'',	9030745148,	'kumarharsha44@gmail.com',	'1234',	'IND',	1,	1,	'kamalapuram',	'500029',	NULL,	'2017-05-01 17:22:34',	NULL,	'2017-05-12 15:51:00'),
(13,	'ST0035',	'02',	'2017',	1,	'GEN',	NULL,	2,	NULL,	1,	1,	'NW',	'2017-05-01',	'Ramesh',	'Naidu',	'Ramesh Naidu',	'0000-00-00',	'|||||',	'',	'',	0,	'',	'',	'IND',	1,	1,	'',	'',	NULL,	'2017-05-01 17:28:33',	NULL,	'2017-05-01 17:28:33'),
(15,	'ST0037',	'0035',	'2017',	1,	'GEN',	NULL,	2,	10,	1,	1,	'NW',	'2017-05-03',	'Vijay',	'Kumar',	'Vijay Kumar',	'2017-05-05',	'|||||',	'',	'',	0,	'',	'',	'IND',	1,	1,	'',	'',	NULL,	'2017-05-04 11:53:40',	NULL,	'2017-05-10 12:06:14'),
(16,	'ST0038',	'01',	'2017',	2,	'GEN',	NULL,	3,	NULL,	11,	10,	'NW',	'2017-05-17',	'Vijay Kumar',	'Reddt',	'Vijay Kumar Reddt',	'2008-07-15',	'|||||',	'',	'',	9030745148,	'sample@gmail.com',	'123456',	'IND',	1,	1,	'3-6-190/1, himayat nagar',	'500029',	NULL,	'2017-05-17 11:28:30',	NULL,	'2017-05-17 11:28:30'),
(17,	'ST0039',	'05',	'2017',	1,	'GEN',	NULL,	2,	NULL,	2,	5,	'NW',	'2017-05-18',	'Ramesh',	'naidu',	'Ramesh naidu',	'2017-05-15',	'prnlogo.png',	'',	'',	0,	'',	'',	'IND',	1,	1,	'3-6-9',	'50029',	NULL,	'2017-05-18 19:13:46',	NULL,	'2017-05-18 19:13:46');

DROP TABLE IF EXISTS `student_feeplan_details`;
CREATE TABLE `student_feeplan_details` (
  `id` bigint(11) NOT NULL AUTO_INCREMENT COMMENT 'Student Fee Plan Details Id',
  `student_admission_id` bigint(11) DEFAULT NULL COMMENT 'Student Admission Id',
  `admission_no` varchar(100) DEFAULT NULL COMMENT 'Admission No',
  `fee_list_feegroup_id` varchar(100) DEFAULT NULL COMMENT 'Fee List Feegroup Id',
  `student_quota_id` varchar(100) DEFAULT NULL COMMENT 'Student Quota Id',
  `cur_list_academicyear_id` varchar(100) DEFAULT NULL COMMENT 'LisT Acadamic Year Id',
  `list_branch_id` int(11) DEFAULT NULL COMMENT 'Branch Id',
  `cur_branch_orientation_id` int(11) DEFAULT NULL COMMENT 'List Branch Orientational Id',
  `cur_branch_class_id` int(11) DEFAULT NULL COMMENT 'List Branch Class Id',
  `fee_list_feeplan_id` int(11) DEFAULT NULL COMMENT 'Fee List Feeplan Id',
  `fee_list_feetype_id` varchar(50) DEFAULT NULL COMMENT 'fee List Feetype Id',
  `fee_list_frequency_id` varchar(50) DEFAULT NULL COMMENT 'fee List Frequency Id',
  `amount` decimal(17,2) DEFAULT NULL COMMENT 'Amount',
  `concession` decimal(17,2) DEFAULT NULL COMMENT 'Concession',
  `paid_amount` decimal(17,2) DEFAULT NULL COMMENT 'Paid Amount',
  `balance` decimal(17,2) DEFAULT NULL COMMENT 'Balance',
  `due_date` date DEFAULT NULL COMMENT 'Due Date',
  `tax_paid` decimal(17,2) DEFAULT NULL COMMENT 'Tax Paid',
  `tax_amount` decimal(17,2) DEFAULT NULL COMMENT 'Tax Amount',
  `active_status` tinyint(1) DEFAULT NULL COMMENT 'Active Status',
  `createdby` int(11) DEFAULT NULL COMMENT 'Created Id',
  `createdat` datetime DEFAULT NULL COMMENT 'Created Datetime',
  `updatedby` bigint(15) DEFAULT NULL COMMENT 'Updated Id',
  `updatedat` datetime DEFAULT NULL COMMENT 'Updated Datetime',
  PRIMARY KEY (`id`)
) ENGINE=InnoDB DEFAULT CHARSET=utf8 COMMENT='Student Feeplan Details';

INSERT INTO `student_feeplan_details` (`id`, `student_admission_id`, `admission_no`, `fee_list_feegroup_id`, `student_quota_id`, `cur_list_academicyear_id`, `list_branch_id`, `cur_branch_orientation_id`, `cur_branch_class_id`, `fee_list_feeplan_id`, `fee_list_feetype_id`, `fee_list_frequency_id`, `amount`, `concession`, `paid_amount`, `balance`, `due_date`, `tax_paid`, `tax_amount`, `active_status`, `createdby`, `createdat`, `updatedby`, `updatedat`) VALUES
(19,	11,	'ST0033',	'TAD',	'GEN',	'2017',	1,	2,	1,	2,	'TRF',	'Term1',	2000.00,	0.00,	0.00,	2000.00,	NULL,	0.00,	0.00,	1,	NULL,	'2017-05-01 17:20:01',	NULL,	'2017-05-01 17:20:01'),
(20,	11,	'ST0033',	'TAD',	'GEN',	'2017',	1,	2,	1,	2,	'TRF',	'Term2',	2500.00,	0.00,	0.00,	2500.00,	NULL,	0.00,	0.00,	1,	NULL,	'2017-05-01 17:20:01',	NULL,	'2017-05-01 17:20:01'),
(21,	11,	'ST0033',	'TAD',	'GEN',	'2017',	1,	2,	1,	2,	'TRF',	'Term3',	2500.00,	0.00,	0.00,	2500.00,	NULL,	0.00,	0.00,	1,	NULL,	'2017-05-01 17:20:02',	NULL,	'2017-05-01 17:20:02'),
(22,	11,	'ST0033',	'TAD',	'GEN',	'2017',	1,	2,	1,	1,	'AF',	'AF',	8000.00,	0.00,	0.00,	8000.00,	NULL,	0.00,	0.00,	1,	NULL,	'2017-05-01 17:20:02',	NULL,	'2017-05-01 17:20:02'),
(23,	11,	'ST0033',	'TAD',	'GEN',	'2017',	1,	2,	1,	1,	'TF',	'Term1',	3500.00,	0.00,	0.00,	3500.00,	NULL,	0.00,	0.00,	1,	NULL,	'2017-05-01 17:20:02',	NULL,	'2017-05-01 17:20:02'),
(24,	11,	'ST0033',	'TAD',	'GEN',	'2017',	1,	2,	1,	1,	'TF',	'Term2',	3500.00,	0.00,	0.00,	3500.00,	NULL,	0.00,	0.00,	1,	NULL,	'2017-05-01 17:20:02',	NULL,	'2017-05-01 17:20:02'),
(25,	11,	'ST0033',	'TAD',	'GEN',	'2017',	1,	2,	1,	1,	'TF',	'Term3',	4000.00,	0.00,	0.00,	4000.00,	NULL,	0.00,	0.00,	1,	NULL,	'2017-05-01 17:20:02',	NULL,	'2017-05-01 17:20:02'),
(26,	11,	'ST0033',	'TAD',	'GEN',	'2017',	1,	2,	1,	3,	'LF',	'AF',	1500.00,	0.00,	0.00,	1500.00,	NULL,	0.00,	0.00,	1,	NULL,	'2017-05-01 17:20:02',	NULL,	'2017-05-01 17:20:02'),
(27,	11,	'ST0033',	'TAD',	'GEN',	'2017',	1,	2,	1,	4,	'CF',	'AF',	2500.00,	0.00,	0.00,	2500.00,	NULL,	0.00,	0.00,	1,	NULL,	'2017-05-01 17:20:03',	NULL,	'2017-05-01 17:20:03'),
(28,	12,	'ST0034',	'TAD',	'GEN',	'2017',	1,	2,	1,	2,	'TRF',	'Term1',	2000.00,	0.00,	0.00,	0.00,	NULL,	0.00,	0.00,	1,	NULL,	'2017-05-01 17:22:34',	NULL,	'2017-05-16 10:56:01'),
(29,	12,	'ST0034',	'TAD',	'GEN',	'2017',	1,	2,	1,	2,	'TRF',	'Term2',	2500.00,	0.00,	0.00,	0.00,	NULL,	0.00,	0.00,	1,	NULL,	'2017-05-01 17:22:34',	NULL,	'2017-05-16 10:56:01'),
(30,	12,	'ST0034',	'TAD',	'GEN',	'2017',	1,	2,	1,	2,	'TRF',	'Term3',	2500.00,	500.00,	2000.00,	0.00,	NULL,	0.00,	0.00,	1,	NULL,	'2017-05-01 17:22:34',	NULL,	'2017-05-16 11:16:15'),
(31,	12,	'ST0034',	'TAD',	'GEN',	'2017',	1,	2,	1,	1,	'AF',	'AF',	8000.00,	0.00,	8000.00,	0.00,	NULL,	0.00,	0.00,	1,	NULL,	'2017-05-01 17:22:35',	NULL,	'2017-05-16 11:23:04'),
(32,	12,	'ST0034',	'TAD',	'GEN',	'2017',	1,	2,	1,	1,	'TF',	'Term1',	3500.00,	0.00,	3500.00,	0.00,	NULL,	0.00,	0.00,	1,	NULL,	'2017-05-01 17:22:35',	NULL,	'2017-05-16 11:23:05'),
(33,	12,	'ST0034',	'TAD',	'GEN',	'2017',	1,	2,	1,	1,	'TF',	'Term2',	3500.00,	1200.00,	2000.00,	300.00,	NULL,	0.00,	0.00,	1,	NULL,	'2017-05-01 17:22:35',	NULL,	'2017-05-18 11:38:26'),
(34,	12,	'ST0034',	'TAD',	'GEN',	'2017',	1,	2,	1,	1,	'TF',	'Term3',	4000.00,	0.00,	0.00,	4000.00,	NULL,	0.00,	0.00,	1,	NULL,	'2017-05-01 17:22:35',	NULL,	'2017-05-01 17:22:35'),
(35,	12,	'ST0034',	'TAD',	'GEN',	'2017',	1,	2,	1,	3,	'LF',	'AF',	1500.00,	0.00,	0.00,	1500.00,	NULL,	0.00,	0.00,	1,	NULL,	'2017-05-01 17:22:35',	NULL,	'2017-05-01 17:22:35'),
(36,	12,	'ST0034',	'TAD',	'GEN',	'2017',	1,	2,	1,	4,	'CF',	'AF',	2500.00,	0.00,	0.00,	2500.00,	NULL,	0.00,	0.00,	1,	NULL,	'2017-05-01 17:22:35',	NULL,	'2017-05-01 17:22:35'),
(37,	13,	'ST0035',	'TAD',	'GEN',	'2017',	1,	2,	1,	2,	'TRF',	'Term1',	2000.00,	0.00,	0.00,	2000.00,	NULL,	0.00,	0.00,	1,	NULL,	'2017-05-01 17:28:33',	NULL,	'2017-05-01 17:28:33'),
(38,	13,	'ST0035',	'TAD',	'GEN',	'2017',	1,	2,	1,	2,	'TRF',	'Term2',	2500.00,	0.00,	0.00,	2500.00,	NULL,	0.00,	0.00,	1,	NULL,	'2017-05-01 17:28:33',	NULL,	'2017-05-01 17:28:33'),
(39,	13,	'ST0035',	'TAD',	'GEN',	'2017',	1,	2,	1,	2,	'TRF',	'Term3',	2500.00,	0.00,	0.00,	2500.00,	NULL,	0.00,	0.00,	1,	NULL,	'2017-05-01 17:28:34',	NULL,	'2017-05-01 17:28:34'),
(40,	13,	'ST0035',	'TAD',	'GEN',	'2017',	1,	2,	1,	1,	'AF',	'AF',	8000.00,	0.00,	0.00,	8000.00,	NULL,	0.00,	0.00,	1,	NULL,	'2017-05-01 17:28:34',	NULL,	'2017-05-01 17:28:34'),
(41,	13,	'ST0035',	'TAD',	'GEN',	'2017',	1,	2,	1,	1,	'TF',	'Term1',	3500.00,	0.00,	0.00,	3500.00,	NULL,	0.00,	0.00,	1,	NULL,	'2017-05-01 17:28:34',	NULL,	'2017-05-01 17:28:34'),
(42,	13,	'ST0035',	'TAD',	'GEN',	'2017',	1,	2,	1,	1,	'TF',	'Term2',	3500.00,	0.00,	0.00,	3500.00,	NULL,	0.00,	0.00,	1,	NULL,	'2017-05-01 17:28:34',	NULL,	'2017-05-01 17:28:34'),
(43,	13,	'ST0035',	'TAD',	'GEN',	'2017',	1,	2,	1,	1,	'TF',	'Term3',	4000.00,	0.00,	0.00,	4000.00,	NULL,	0.00,	0.00,	1,	NULL,	'2017-05-01 17:28:34',	NULL,	'2017-05-01 17:28:34'),
(44,	13,	'ST0035',	'TAD',	'GEN',	'2017',	1,	2,	1,	3,	'LF',	'AF',	1500.00,	0.00,	0.00,	1500.00,	NULL,	0.00,	0.00,	1,	NULL,	'2017-05-01 17:28:35',	NULL,	'2017-05-01 17:28:35'),
(45,	13,	'ST0035',	'TAD',	'GEN',	'2017',	1,	2,	1,	4,	'CF',	'AF',	2500.00,	0.00,	0.00,	2500.00,	NULL,	0.00,	0.00,	1,	NULL,	'2017-05-01 17:28:35',	NULL,	'2017-05-01 17:28:35'),
(46,	15,	'ST0037',	'TAD',	'GEN',	'2017',	1,	2,	1,	1,	'AF',	'AF',	8000.00,	0.00,	0.00,	8000.00,	NULL,	0.00,	0.00,	1,	NULL,	'2017-05-04 11:53:40',	NULL,	'2017-05-04 11:53:40'),
(47,	15,	'ST0037',	'TAD',	'GEN',	'2017',	1,	2,	1,	1,	'TF',	'Term1',	3500.00,	0.00,	0.00,	3500.00,	NULL,	0.00,	0.00,	1,	NULL,	'2017-05-04 11:53:40',	NULL,	'2017-05-04 11:53:40'),
(48,	15,	'ST0037',	'TAD',	'GEN',	'2017',	1,	2,	1,	1,	'TF',	'Term2',	3500.00,	0.00,	0.00,	3500.00,	NULL,	0.00,	0.00,	1,	NULL,	'2017-05-04 11:53:41',	NULL,	'2017-05-04 11:53:41'),
(49,	15,	'ST0037',	'TAD',	'GEN',	'2017',	1,	2,	1,	1,	'TF',	'Term3',	4000.00,	0.00,	0.00,	4000.00,	NULL,	0.00,	0.00,	1,	NULL,	'2017-05-04 11:53:41',	NULL,	'2017-05-04 11:53:41'),
(50,	16,	'ST0038',	'TAD',	'GEN',	'2017',	2,	3,	11,	5,	'AF',	'AF',	5000.00,	1500.00,	3500.00,	0.00,	'2017-08-16',	0.00,	0.00,	1,	NULL,	'2017-05-17 11:28:30',	NULL,	'2017-05-17 12:33:48'),
(51,	16,	'ST0038',	'TAD',	'GEN',	'2017',	2,	3,	11,	5,	'ATF',	'AF',	1000.00,	0.00,	1000.00,	0.00,	'2017-08-16',	0.00,	0.00,	1,	NULL,	'2017-05-17 11:28:30',	NULL,	'2017-05-17 12:33:48'),
(52,	16,	'ST0038',	'TAD',	'GEN',	'2017',	2,	3,	11,	5,	'TF',	'Term1',	1500.00,	110.00,	500.00,	890.00,	'2017-06-24',	0.00,	0.00,	1,	NULL,	'2017-05-17 11:28:30',	NULL,	'2017-05-18 09:30:20'),
(53,	16,	'ST0038',	'TAD',	'GEN',	'2017',	2,	3,	11,	5,	'TF',	'Term2',	1500.00,	0.00,	0.00,	1500.00,	'2017-08-16',	0.00,	0.00,	1,	NULL,	'2017-05-17 11:28:30',	NULL,	'2017-05-17 11:28:30'),
(54,	16,	'ST0038',	'TAD',	'GEN',	'2017',	2,	3,	11,	5,	'TF',	'Term3',	2000.00,	0.00,	0.00,	2000.00,	'2017-12-10',	0.00,	0.00,	1,	NULL,	'2017-05-17 11:28:31',	NULL,	'2017-05-17 11:28:31'),
(55,	16,	'ST0038',	'TAD',	'GEN',	'2017',	2,	3,	11,	5,	'TF',	'Term4',	1500.00,	0.00,	0.00,	1500.00,	'2018-02-24',	0.00,	0.00,	1,	NULL,	'2017-05-17 11:28:31',	NULL,	'2017-05-17 11:28:31'),
(56,	17,	'ST0039',	'TAD',	'GEN',	'2017',	1,	2,	2,	9,	'AF',	'Term1',	5000.00,	0.00,	0.00,	5000.00,	NULL,	0.00,	0.00,	1,	NULL,	'2017-05-18 19:13:46',	NULL,	'2017-05-18 19:13:46');

DROP TABLE IF EXISTS `student_history`;
CREATE TABLE `student_history` (
  `id` bigint(11) NOT NULL AUTO_INCREMENT COMMENT 'Student History Id',
  `student_admission_id` bigint(11) DEFAULT NULL COMMENT 'Student Admission Id',
  `admission_no` varchar(100) DEFAULT NULL COMMENT 'Admission No',
  `fee_list_feegroup_id` varchar(100) DEFAULT NULL COMMENT 'Fee List Feegroup Id',
  `student_quota_id` varchar(100) DEFAULT NULL COMMENT 'Student Quota Id',
  `cur_list_academicyear_id` varchar(100) DEFAULT NULL COMMENT 'LisT Acadamic Year Id',
  `list_branch_id` int(11) DEFAULT NULL COMMENT 'Branch Id',
  `cur_branch_orientation_id` int(11) DEFAULT NULL COMMENT 'List Branch Orientational Id',
  `cur_branch_class_id` int(11) DEFAULT NULL COMMENT 'List Branch Class Id',
  `cur_branch_class_section_id` bigint(15) DEFAULT NULL COMMENT 'List Branch Class Section Id',
  `cur_list_class_id` int(11) DEFAULT NULL COMMENT 'List Class Id',
  `student_status_id` varchar(100) DEFAULT NULL COMMENT 'Student Status Id',
  `date` date DEFAULT NULL COMMENT 'Date',
  `fee_list_feeplan_id` int(11) DEFAULT NULL COMMENT 'fee List Feeplan Id',
  `student_action_id` varchar(100) DEFAULT NULL COMMENT 'Student Action Id',
  `createdby` int(11) DEFAULT NULL COMMENT 'Created Id',
  `createdat` datetime DEFAULT NULL COMMENT 'Created Datetime',
  `updatedby` bigint(15) DEFAULT NULL COMMENT 'Updated Id',
  `updatedat` datetime DEFAULT NULL COMMENT 'Updated Datetime',
  PRIMARY KEY (`id`)
) ENGINE=InnoDB DEFAULT CHARSET=utf8 COMMENT='Student History';

INSERT INTO `student_history` (`id`, `student_admission_id`, `admission_no`, `fee_list_feegroup_id`, `student_quota_id`, `cur_list_academicyear_id`, `list_branch_id`, `cur_branch_orientation_id`, `cur_branch_class_id`, `cur_branch_class_section_id`, `cur_list_class_id`, `student_status_id`, `date`, `fee_list_feeplan_id`, `student_action_id`, `createdby`, `createdat`, `updatedby`, `updatedat`) VALUES
(4,	12,	'ST0034',	'TAD',	'GEN',	'2017',	1,	2,	1,	1,	10,	'NW',	'2017-05-01',	4,	'ALT',	NULL,	'2017-05-01 17:22:36',	NULL,	'2017-05-01 17:22:36'),
(5,	13,	'ST0035',	'TAD',	'GEN',	'2017',	1,	2,	1,	1,	10,	'NW',	'2017-05-01',	4,	'ALT',	NULL,	'2017-05-01 17:28:35',	NULL,	'2017-05-01 17:28:35'),
(6,	15,	'ST0037',	'TAD',	'GEN',	'2017',	1,	2,	1,	1,	10,	'NW',	'2017-05-10',	0,	'ALT',	NULL,	'2017-05-04 11:53:41',	NULL,	'2017-05-10 12:06:13'),
(7,	16,	'ST0038',	'TAD',	'GEN',	'2017',	2,	3,	11,	10,	11,	'NW',	'2017-05-17',	5,	'ALT',	NULL,	'2017-05-17 11:28:31',	NULL,	'2017-05-17 11:28:31'),
(8,	17,	'ST0039',	'TAD',	'GEN',	'2017',	1,	2,	2,	5,	9,	'NW',	'2017-05-18',	9,	'ALT',	NULL,	'2017-05-18 19:13:46',	NULL,	'2017-05-18 19:13:46');

DROP TABLE IF EXISTS `student_log`;
CREATE TABLE `student_log` (
  `id` bigint(11) NOT NULL AUTO_INCREMENT COMMENT 'Student Log Id',
  `student_admission_id` bigint(11) DEFAULT NULL COMMENT 'Student Admission Id',
  `admission_no` varchar(100) DEFAULT NULL COMMENT 'Admission No',
  `fee_list_feegroup_id` varchar(100) DEFAULT NULL COMMENT 'Fee List Feegroup Id',
  `student_quota_id` varchar(100) DEFAULT NULL COMMENT 'Student Quota Id',
  `cur_list_academicyear_id` varchar(100) DEFAULT NULL COMMENT 'LisT Acadamic Year Id',
  `list_branch_id` int(11) DEFAULT NULL COMMENT 'Branch Id',
  `cur_branch_orientation_id` int(11) DEFAULT NULL COMMENT 'List Branch Orientational Id',
  `cur_branch_class_id` int(11) DEFAULT NULL COMMENT 'List Branch Class Id',
  `cur_branch_class_section_id` bigint(15) DEFAULT NULL COMMENT 'List Branch Class Section Id',
  `cur_list_class_id` int(11) DEFAULT NULL COMMENT 'List Class Id',
  `student_status_id` varchar(100) DEFAULT NULL COMMENT 'Student Status Id',
  `date` date DEFAULT NULL COMMENT 'Date',
  `end_date` date DEFAULT NULL COMMENT 'End Date',
  `fee_list_feeplan_id` int(11) DEFAULT NULL COMMENT 'fee List Feeplan Id',
  `student_action_id` varchar(100) DEFAULT NULL COMMENT 'Student Action Id',
  `createdby` int(11) DEFAULT NULL COMMENT 'Created Id',
  `createdat` datetime DEFAULT NULL COMMENT 'Created Datetime',
  `updatedby` bigint(15) DEFAULT NULL COMMENT 'Updated Id',
  `updatedat` datetime DEFAULT NULL COMMENT 'Updated Datetime',
  PRIMARY KEY (`id`),
  UNIQUE KEY `id` (`id`)
) ENGINE=InnoDB DEFAULT CHARSET=utf8 COMMENT='Student Log';

INSERT INTO `student_log` (`id`, `student_admission_id`, `admission_no`, `fee_list_feegroup_id`, `student_quota_id`, `cur_list_academicyear_id`, `list_branch_id`, `cur_branch_orientation_id`, `cur_branch_class_id`, `cur_branch_class_section_id`, `cur_list_class_id`, `student_status_id`, `date`, `end_date`, `fee_list_feeplan_id`, `student_action_id`, `createdby`, `createdat`, `updatedby`, `updatedat`) VALUES
(1,	1,	'0',	'TAD',	'GEN',	'2017',	1,	2,	1,	1,	10,	'New',	'2017-05-01',	NULL,	0,	'ALT',	NULL,	'2017-05-01 16:27:36',	NULL,	'2017-05-01 16:27:36'),
(2,	2,	'ST0024',	'TAD',	'GEN',	'2017',	1,	2,	1,	1,	10,	'NW',	'2017-05-01',	NULL,	0,	'ALT',	NULL,	'2017-05-01 16:54:49',	NULL,	'2017-05-01 16:54:49'),
(3,	6,	'ST0028',	'TAD',	'GEN',	'2017',	1,	2,	1,	1,	10,	'NW',	'2017-05-01',	NULL,	4,	'ALT',	NULL,	'2017-05-01 17:10:21',	NULL,	'2017-05-01 17:10:21'),
(4,	12,	'ST0034',	'TAD',	'GEN',	'2017',	1,	2,	1,	1,	10,	'NW',	'2017-05-01',	NULL,	4,	'ALT',	NULL,	'2017-05-01 17:22:36',	NULL,	'2017-05-01 17:22:36'),
(5,	13,	'ST0035',	'TAD',	'GEN',	'2017',	1,	2,	1,	1,	10,	'NW',	'2017-05-01',	NULL,	4,	'ALT',	NULL,	'2017-05-01 17:28:35',	NULL,	'2017-05-01 17:28:35'),
(6,	15,	'ST0037',	'TAD',	'GEN',	'2017',	1,	2,	1,	1,	10,	'NW',	'2017-05-03',	NULL,	1,	'SFD',	NULL,	'2017-05-04 11:53:41',	NULL,	'2017-05-10 12:06:13'),
(7,	15,	'ST0037',	'TAD',	'GEN',	'2017',	1,	2,	1,	1,	10,	'NW',	'2017-05-10',	NULL,	0,	'ALT',	NULL,	'2017-05-10 12:06:14',	NULL,	'2017-05-10 12:06:14'),
(8,	16,	'ST0038',	'TAD',	'GEN',	'2017',	2,	3,	11,	10,	11,	'NW',	'2017-05-17',	NULL,	5,	'ALT',	NULL,	'2017-05-17 11:28:31',	NULL,	'2017-05-17 11:28:31'),
(9,	17,	'ST0039',	'TAD',	'GEN',	'2017',	1,	2,	2,	5,	9,	'NW',	'2017-05-18',	NULL,	9,	'ALT',	NULL,	'2017-05-18 19:13:47',	NULL,	'2017-05-18 19:13:47');

DROP TABLE IF EXISTS `student_quota`;
CREATE TABLE `student_quota` (
  `id` int(11) NOT NULL AUTO_INCREMENT COMMENT 'Student Quota Id',
  `name` varchar(255) DEFAULT NULL COMMENT 'Name',
  `short_code` varchar(50) NOT NULL COMMENT 'Short Code',
  `active_status` tinyint(1) DEFAULT NULL COMMENT 'Active Status',
  `createdby` int(11) DEFAULT NULL COMMENT 'Created Id',
  `createdat` datetime DEFAULT NULL COMMENT 'Created Datetime',
  `updatedby` int(11) DEFAULT NULL COMMENT 'Updated Id',
  `updatedat` datetime DEFAULT NULL COMMENT 'Updated Datetime',
  PRIMARY KEY (`short_code`),
  UNIQUE KEY `id` (`id`)
) ENGINE=InnoDB DEFAULT CHARSET=utf8 COMMENT='Student Quota';

INSERT INTO `student_quota` (`id`, `name`, `short_code`, `active_status`, `createdby`, `createdat`, `updatedby`, `updatedat`) VALUES
(1,	'General',	'GEN',	1,	NULL,	'2017-05-01 16:04:45',	NULL,	'2017-05-01 16:04:45'),
(2,	'Management',	'MNG',	1,	NULL,	'2017-05-01 16:05:31',	NULL,	'2017-05-01 16:05:31');

DROP TABLE IF EXISTS `student_status`;
CREATE TABLE `student_status` (
  `id` int(11) NOT NULL AUTO_INCREMENT COMMENT 'Student Status Id',
  `name` varchar(255) DEFAULT NULL COMMENT 'Name',
  `short_code` varchar(50) NOT NULL COMMENT 'Short Code',
  `active_status` tinyint(1) DEFAULT NULL COMMENT 'Active Status',
  `createdby` int(11) DEFAULT NULL COMMENT 'Created Id',
  `createdat` datetime DEFAULT NULL COMMENT 'Created Datetime',
  `updatedby` int(11) DEFAULT NULL COMMENT 'Updated Id',
  `updatedat` datetime DEFAULT NULL COMMENT 'Updated Datetime',
  PRIMARY KEY (`short_code`),
  UNIQUE KEY `id` (`id`)
) ENGINE=InnoDB DEFAULT CHARSET=utf8 COMMENT='Student Status';

INSERT INTO `student_status` (`id`, `name`, `short_code`, `active_status`, `createdby`, `createdat`, `updatedby`, `updatedat`) VALUES
(4,	'Drop Out',	'DO',	1,	NULL,	'2017-05-01 16:44:12',	NULL,	'2017-05-01 16:44:12'),
(2,	'Exiting',	'EX',	1,	NULL,	'2017-05-01 16:43:39',	NULL,	'2017-05-01 16:43:39'),
(1,	'New',	'NW',	1,	NULL,	'2017-05-01 16:43:27',	NULL,	'2017-05-01 16:43:27'),
(3,	'Transferred',	'TFD',	1,	NULL,	'2017-05-01 16:43:53',	NULL,	'2017-05-01 16:43:53');

DROP TABLE IF EXISTS `student_update_info`;
CREATE TABLE `student_update_info` (
  `id` bigint(255) NOT NULL AUTO_INCREMENT COMMENT 'Student Update Info',
  `admission_no` varchar(255) DEFAULT NULL COMMENT 'Admission No',
  `first_name` varchar(255) DEFAULT NULL COMMENT 'First Name',
  `last_name` varchar(255) DEFAULT NULL COMMENT 'Last Name',
  `father_name` varchar(255) DEFAULT NULL COMMENT 'Father Name',
  `mother_name` varchar(255) DEFAULT NULL COMMENT 'Mother Name',
  `email_id` varchar(255) DEFAULT NULL COMMENT 'Email Id',
  `primary_phno` varchar(255) DEFAULT NULL COMMENT 'Phone No',
  `present_address` longtext COMMENT 'Present Address',
  `image` varchar(255) DEFAULT NULL COMMENT 'Image',
  `password` varchar(255) DEFAULT NULL COMMENT 'Password',
  `createdby` int(11) DEFAULT NULL COMMENT 'Created Id',
  `createdat` datetime DEFAULT NULL COMMENT 'Created Datetime',
  `updatedby` int(11) DEFAULT NULL COMMENT 'Updated Id',
  `updatedat` datetime DEFAULT NULL COMMENT 'Updated Datetime',
  PRIMARY KEY (`id`)
) ENGINE=InnoDB DEFAULT CHARSET=utf8 COMMENT='Student Update Info';

INSERT INTO `student_update_info` (`id`, `admission_no`, `first_name`, `last_name`, `father_name`, `mother_name`, `email_id`, `primary_phno`, `present_address`, `image`, `password`, `createdby`, `createdat`, `updatedby`, `updatedat`) VALUES
(8,	'ST0034',	'Siva kumar',	'Reddy',	'',	NULL,	'kumarharsha44@gmail.com',	'903074514858',	'',	'',	'',	NULL,	'2017-05-03 17:09:35',	NULL,	'2017-05-03 17:09:35'),
(9,	'ST0034',	'Siva',	'Kumar',	'',	NULL,	'kumarharsha44@gmail.com',	'9030745148',	'',	'',	'',	NULL,	'2017-05-03 17:10:50',	NULL,	'2017-05-03 17:10:50'),
(10,	'ST0034',	'Siva',	'Kumar',	'',	NULL,	'kumarharsha44@gmail.com',	'9030745148',	'',	'',	'',	NULL,	'2017-05-03 17:11:40',	NULL,	'2017-05-03 17:11:40'),
(11,	'ST0034',	'Siva',	'Kumar',	'',	NULL,	'kumarharsha44@gmail.com',	'9030745148',	'',	'',	'',	NULL,	'2017-05-03 17:13:29',	NULL,	'2017-05-03 17:13:29'),
(16,	'ST0034',	'Siva',	'Kumar',	'',	'',	'kumarharsha44@gmail.com',	'9030745148',	'',	'',	'',	NULL,	'2017-05-12 15:09:26',	NULL,	'2017-05-12 15:09:26'),
(17,	'ST0034',	'Siva',	'Kumar',	'',	'',	'kumarharsha44@gmail.com',	'98966145614',	'',	'',	'',	NULL,	'2017-05-12 15:12:41',	NULL,	'2017-05-12 15:12:41');

DROP TABLE IF EXISTS `transaction_logs`;
CREATE TABLE `transaction_logs` (
  `id` int(15) NOT NULL AUTO_INCREMENT COMMENT 'Transaction Log Id',
  `transactionno` varchar(255) DEFAULT NULL COMMENT 'Transaction No',
  `fee_list_transactiontype_id` varchar(255) DEFAULT NULL COMMENT 'Fee List Transaction Id',
  `feereceiptno` varchar(255) DEFAULT NULL COMMENT 'Fee Receipt No',
  `core_payment_type_id` varchar(255) DEFAULT NULL COMMENT 'Payment Type Id',
  `reference_no` varchar(255) DEFAULT NULL COMMENT 'Reference No',
  `student_quota_id` varchar(255) DEFAULT NULL COMMENT 'Student Quota Id',
  `cur_list_academicyear_id` varchar(255) DEFAULT NULL COMMENT 'List AcademicYear Id',
  `list_branch_id` bigint(13) DEFAULT NULL COMMENT 'Branch Id',
  `cur_branch_orientation_id` int(11) DEFAULT NULL COMMENT 'Branch Orientation Id',
  `cur_branch_class_id` int(11) DEFAULT NULL COMMENT 'Branch Class Id',
  `cur_branch_class_section_id` int(11) DEFAULT NULL COMMENT 'Branch Class Section Id',
  `student_admission_id` int(11) DEFAULT NULL COMMENT 'Student Admission Id',
  `admission_no` varchar(255) DEFAULT NULL COMMENT 'Admission No',
  `name` varchar(255) DEFAULT NULL COMMENT 'Name',
  `transactiondate` date DEFAULT NULL COMMENT 'Transaction Date',
  `amount` decimal(17,2) DEFAULT NULL COMMENT 'Amount',
  `transaction_reference` int(11) DEFAULT NULL COMMENT 'Transaction Reference',
  `transaction_status_id` varchar(255) DEFAULT NULL COMMENT 'Transaction Status Id',
  `fee_concession_type` int(11) DEFAULT NULL COMMENT 'Fee Concession Type',
  `createdby` int(11) DEFAULT NULL COMMENT 'Created Id',
  `createdat` datetime DEFAULT NULL COMMENT 'Created Datetime',
  `updatedby` int(11) DEFAULT NULL COMMENT 'Updated Id',
  `updatedat` datetime DEFAULT NULL COMMENT 'Updated Datetime',
  PRIMARY KEY (`id`)
) ENGINE=InnoDB DEFAULT CHARSET=utf8 COMMENT='Transaction Logs';

INSERT INTO `transaction_logs` (`id`, `transactionno`, `fee_list_transactiontype_id`, `feereceiptno`, `core_payment_type_id`, `reference_no`, `student_quota_id`, `cur_list_academicyear_id`, `list_branch_id`, `cur_branch_orientation_id`, `cur_branch_class_id`, `cur_branch_class_section_id`, `student_admission_id`, `admission_no`, `name`, `transactiondate`, `amount`, `transaction_reference`, `transaction_status_id`, `fee_concession_type`, `createdby`, `createdat`, `updatedby`, `updatedat`) VALUES
(1,	'TRN054',	'CON',	NULL,	'CSH',	'',	'GEN',	'2017',	1,	2,	1,	1,	12,	'ST0034',	'Siva Kumar',	'2017-05-16',	5000.00,	NULL,	'APD',	2,	NULL,	'2017-05-16 10:56:00',	NULL,	'2017-05-16 10:56:00'),
(2,	'TRN054',	'PM',	'RCPT035',	'CSH',	'REF0025',	'GEN',	'2017',	1,	2,	1,	1,	12,	'ST0034',	'Siva Kumar',	'2017-05-16',	5000.00,	NULL,	'APD',	NULL,	NULL,	'2017-05-16 11:16:15',	NULL,	'2017-05-16 11:16:15'),
(3,	'TRN054',	'PM',	'RCPT035',	'CSH',	'REF0026',	'GEN',	'2017',	1,	2,	1,	1,	12,	'ST0034',	'Siva Kumar',	'2017-05-16',	10000.00,	NULL,	'APD',	NULL,	NULL,	'2017-05-16 11:23:04',	NULL,	'2017-05-16 11:23:04'),
(4,	'TRN054',	'CON',	NULL,	'CSH',	'',	'GEN',	'2017',	1,	2,	1,	1,	12,	'ST0034',	'Siva Kumar',	'2017-05-16',	1000.00,	NULL,	'APD',	1,	NULL,	'2017-05-16 11:56:36',	NULL,	'2017-05-16 11:56:36'),
(5,	'TRN055',	'CON',	NULL,	'CSH',	'',	'GEN',	'2017',	2,	3,	11,	10,	16,	'ST0038',	'Vijay Kumar Reddt',	'2017-05-17',	1500.00,	NULL,	'APD',	1,	NULL,	'2017-05-17 12:32:57',	NULL,	'2017-05-17 12:32:57'),
(6,	'TRN056',	'PM',	'RCPT035',	'CSH',	'REF0069',	'GEN',	'2017',	2,	3,	11,	10,	16,	'ST0038',	'Vijay Kumar Reddt',	'2017-05-17',	5000.00,	NULL,	'APD',	NULL,	NULL,	'2017-05-17 12:33:48',	NULL,	'2017-05-17 12:33:48'),
(7,	'TRN056',	'CON',	NULL,	'CSH',	'',	'GEN',	'2017',	2,	3,	11,	10,	16,	'ST0038',	'Vijay Kumar Reddt',	'2017-05-18',	100.00,	NULL,	'APD',	1,	NULL,	'2017-05-18 09:16:11',	NULL,	'2017-05-18 09:16:11'),
(8,	'TRN057',	'CON',	NULL,	'CSH',	'',	'GEN',	'2017',	2,	3,	11,	10,	16,	'ST0038',	'Vijay Kumar Reddt',	'2017-05-18',	10.00,	NULL,	'APD',	1,	NULL,	'2017-05-18 09:30:20',	NULL,	'2017-05-18 09:30:20'),
(9,	'TRN058',	'PM',	'RCPT035',	'CSH',	'',	'GEN',	'2017',	1,	2,	1,	1,	12,	'ST0034',	'Siva Kumar',	'2017-05-18',	500.00,	NULL,	'APD',	NULL,	NULL,	'2017-05-18 10:55:11',	NULL,	'2017-05-18 10:55:11'),
(10,	'TRN059',	'CON',	NULL,	'CSH',	'',	'GEN',	'2017',	1,	2,	1,	1,	12,	'ST0034',	'Siva Kumar',	'2017-05-18',	200.00,	NULL,	'APD',	0,	NULL,	'2017-05-18 11:38:25',	NULL,	'2017-05-18 11:38:25');

DROP TABLE IF EXISTS `transaction_logs_details`;
CREATE TABLE `transaction_logs_details` (
  `id` int(15) NOT NULL AUTO_INCREMENT COMMENT 'Transaction Logs Id',
  `transaction_logs_id` int(11) DEFAULT NULL COMMENT 'Transaction Logs Id',
  `fee_list_feetype_id` varchar(100) DEFAULT NULL COMMENT 'Fee List Fee Type ID',
  `fee_list_frequency_id` varchar(100) DEFAULT NULL COMMENT 'Fee List Frequency Id',
  `amount` decimal(17,2) DEFAULT NULL COMMENT 'Amount',
  `reference_id` int(11) DEFAULT NULL COMMENT 'Reference Id',
  `createdby` int(11) DEFAULT NULL COMMENT 'Created Id',
  `createdat` datetime DEFAULT NULL COMMENT 'Created Datetime',
  `updatedby` int(11) DEFAULT NULL COMMENT 'Updated Id',
  `updatedat` datetime DEFAULT NULL COMMENT 'Updated Datetime',
  PRIMARY KEY (`id`)
) ENGINE=InnoDB DEFAULT CHARSET=utf8 COMMENT='Transaction Logs Details';

INSERT INTO `transaction_logs_details` (`id`, `transaction_logs_id`, `fee_list_feetype_id`, `fee_list_frequency_id`, `amount`, `reference_id`, `createdby`, `createdat`, `updatedby`, `updatedat`) VALUES
(1,	1,	'TRF',	'Term1',	2000.00,	28,	NULL,	'2017-05-16 10:56:01',	NULL,	'2017-05-16 10:56:01'),
(2,	1,	'TRF',	'Term2',	2500.00,	29,	NULL,	'2017-05-16 10:56:01',	NULL,	'2017-05-16 10:56:01'),
(3,	1,	'TRF',	'Term3',	500.00,	30,	NULL,	'2017-05-16 10:56:01',	NULL,	'2017-05-16 10:56:01'),
(4,	2,	'TRF',	'Term3',	2000.00,	30,	NULL,	'2017-05-16 11:16:15',	NULL,	'2017-05-16 11:16:15'),
(5,	2,	'AF',	'AF',	3000.00,	31,	NULL,	'2017-05-16 11:16:15',	NULL,	'2017-05-16 11:16:15'),
(6,	3,	'AF',	'AF',	5000.00,	31,	NULL,	'2017-05-16 11:23:04',	NULL,	'2017-05-16 11:23:04'),
(7,	3,	'TF',	'Term1',	3500.00,	32,	NULL,	'2017-05-16 11:23:05',	NULL,	'2017-05-16 11:23:05'),
(8,	3,	'TF',	'Term2',	1500.00,	33,	NULL,	'2017-05-16 11:23:05',	NULL,	'2017-05-16 11:23:05'),
(9,	4,	'TF',	'Term2',	1000.00,	33,	NULL,	'2017-05-16 11:56:37',	NULL,	'2017-05-16 11:56:37'),
(10,	5,	'AF',	'AF',	1500.00,	50,	NULL,	'2017-05-17 12:32:58',	NULL,	'2017-05-17 12:32:58'),
(11,	6,	'AF',	'AF',	3500.00,	50,	NULL,	'2017-05-17 12:33:48',	NULL,	'2017-05-17 12:33:48'),
(12,	6,	'ATF',	'AF',	1000.00,	51,	NULL,	'2017-05-17 12:33:48',	NULL,	'2017-05-17 12:33:48'),
(13,	6,	'TF',	'Term1',	500.00,	52,	NULL,	'2017-05-17 12:33:48',	NULL,	'2017-05-17 12:33:48'),
(14,	7,	'TF',	'Term1',	100.00,	52,	NULL,	'2017-05-18 09:16:11',	NULL,	'2017-05-18 09:16:11'),
(15,	8,	'TF',	'Term1',	10.00,	52,	NULL,	'2017-05-18 09:30:20',	NULL,	'2017-05-18 09:30:20'),
(16,	9,	'TF',	'Term2',	500.00,	33,	NULL,	'2017-05-18 10:55:11',	NULL,	'2017-05-18 10:55:11'),
(17,	10,	'TF',	'Term2',	200.00,	33,	NULL,	'2017-05-18 11:38:26',	NULL,	'2017-05-18 11:38:26');

DROP TABLE IF EXISTS `transaction_status`;
CREATE TABLE `transaction_status` (
  `id` int(15) NOT NULL AUTO_INCREMENT COMMENT 'Transaction Status Id',
  `name` varchar(255) DEFAULT NULL COMMENT 'Name',
  `short_code` varchar(255) DEFAULT NULL COMMENT 'Short Code',
  `createdby` int(11) DEFAULT NULL COMMENT 'Created Id',
  `createdat` datetime DEFAULT NULL COMMENT 'Created Datetime',
  `updatedby` int(11) DEFAULT NULL COMMENT 'Updated Id',
  `updatedat` datetime DEFAULT NULL COMMENT 'Updated Datetime',
  PRIMARY KEY (`id`)
) ENGINE=InnoDB DEFAULT CHARSET=utf8 COMMENT='Transaction Status';

INSERT INTO `transaction_status` (`id`, `name`, `short_code`, `createdby`, `createdat`, `updatedby`, `updatedat`) VALUES
(1,	'Pending',	'PEN',	NULL,	'2017-05-16 11:42:21',	NULL,	'2017-05-16 11:42:21'),
(2,	'Succcess',	'SUS',	NULL,	'2017-05-16 11:42:34',	NULL,	'2017-05-16 11:42:34'),
(3,	'Approved',	'APD',	NULL,	'2017-05-16 11:44:35',	NULL,	'2017-05-16 11:44:35');

DROP TABLE IF EXISTS `tr_route_assign`;
CREATE TABLE `tr_route_assign` (
  `id` bigint(255) NOT NULL AUTO_INCREMENT COMMENT 'Route Assign Id',
  `route_no` varchar(255) DEFAULT NULL COMMENT 'Route No',
  `route_name` varchar(255) DEFAULT NULL COMMENT 'Route Name',
  `from_point` varchar(255) DEFAULT NULL COMMENT 'From Point',
  `to_point` varchar(255) DEFAULT NULL COMMENT 'To Point',
  `createdby` int(11) DEFAULT NULL COMMENT 'Created Id',
  `createdat` datetime DEFAULT NULL COMMENT 'Created Datetime',
  `updatedby` int(11) DEFAULT NULL COMMENT 'Updated Id',
  `updatedat` datetime DEFAULT NULL COMMENT 'Updated Datetime',
  PRIMARY KEY (`id`)
) ENGINE=InnoDB DEFAULT CHARSET=utf8 COMMENT='Route Assign';

INSERT INTO `tr_route_assign` (`id`, `route_no`, `route_name`, `from_point`, `to_point`, `createdby`, `createdat`, `updatedby`, `updatedat`) VALUES
(1,	'01',	'Ameerpet -  Abids',	'1',	'6',	NULL,	'2017-05-05 11:09:44',	NULL,	'2017-05-05 11:09:44'),
(2,	'02',	'Ameerpet-Koti',	'1',	'7',	NULL,	'2017-05-05 11:10:01',	NULL,	'2017-05-05 11:17:43'),
(3,	'03',	'Ameerpet-Dilsuknagar',	'1',	'8',	NULL,	'2017-05-05 11:10:13',	NULL,	'2017-05-05 11:17:57'),
(4,	'05',	'Ameerpet-Kairathabad',	'1',	'4',	NULL,	'2017-05-17 12:13:00',	NULL,	'2017-05-17 12:13:00');

DROP TABLE IF EXISTS `tr_route_list`;
CREATE TABLE `tr_route_list` (
  `id` bigint(255) NOT NULL AUTO_INCREMENT COMMENT 'Route List Id',
  `name` varchar(255) DEFAULT NULL COMMENT 'Name',
  `sort_order` int(11) DEFAULT NULL COMMENT 'Sort Order',
  `createdby` int(11) DEFAULT NULL COMMENT 'Created Id',
  `createdat` datetime DEFAULT NULL COMMENT 'Created Datetime',
  `updatedby` int(11) DEFAULT NULL COMMENT 'Updated Id',
  `updatedat` datetime DEFAULT NULL COMMENT 'Updated Datetime',
  PRIMARY KEY (`id`)
) ENGINE=InnoDB DEFAULT CHARSET=utf8 COMMENT='Route List';

INSERT INTO `tr_route_list` (`id`, `name`, `sort_order`, `createdby`, `createdat`, `updatedby`, `updatedat`) VALUES
(1,	'Ameerpet',	1,	NULL,	'2017-05-05 11:07:02',	NULL,	'2017-05-05 11:07:37'),
(2,	'Panjaguta',	2,	NULL,	'2017-05-05 11:07:30',	NULL,	'2017-05-05 11:07:30'),
(3,	'Erramanzil',	3,	NULL,	'2017-05-05 11:07:54',	NULL,	'2017-05-05 11:07:54'),
(4,	'Kairathabad',	0,	NULL,	'2017-05-05 11:08:08',	NULL,	'2017-05-05 11:08:08'),
(5,	'Lakdikapul',	0,	NULL,	'2017-05-05 11:08:19',	NULL,	'2017-05-05 11:08:19'),
(6,	'Abids',	0,	NULL,	'2017-05-05 11:08:44',	NULL,	'2017-05-05 11:08:44'),
(7,	'Koti',	0,	NULL,	'2017-05-05 11:08:57',	NULL,	'2017-05-05 11:08:57'),
(8,	'Dilsuknagar',	0,	NULL,	'2017-05-05 11:09:16',	NULL,	'2017-05-05 11:09:16'),
(9,	'Yousaf Guda',	10,	NULL,	'2017-05-17 12:12:19',	NULL,	'2017-05-17 12:12:19');

DROP TABLE IF EXISTS `tr_student_route_details`;
CREATE TABLE `tr_student_route_details` (
  `id` bigint(255) NOT NULL AUTO_INCREMENT COMMENT 'Student Route Details Id',
  `student_admission_id` int(11) DEFAULT NULL COMMENT 'Student Id',
  `cur_list_academicyear_id` varchar(255) DEFAULT NULL COMMENT 'Academic Year Id',
  `cur_branch_class_id` varchar(255) DEFAULT NULL COMMENT 'Class Id',
  `tr_route_assign_id` varchar(255) DEFAULT NULL COMMENT 'Route Asssign',
  `pickup_location` varchar(255) DEFAULT NULL COMMENT 'Pick Up Location',
  `from_date` varchar(255) DEFAULT NULL COMMENT 'From Date',
  `to_date` varchar(255) DEFAULT NULL COMMENT 'To Date',
  `amount` varchar(255) DEFAULT NULL COMMENT 'Amount',
  `schedule_time` varchar(255) DEFAULT NULL COMMENT 'Schedule Time',
  `createdby` int(11) DEFAULT NULL COMMENT 'Created Id',
  `createdat` datetime DEFAULT NULL COMMENT 'Created Datetime',
  `updatedby` int(11) DEFAULT NULL COMMENT 'Updated Id',
  `updatedat` datetime DEFAULT NULL COMMENT 'Updated Datetime',
  PRIMARY KEY (`id`)
) ENGINE=InnoDB DEFAULT CHARSET=utf8 COMMENT='Student Route Details';

INSERT INTO `tr_student_route_details` (`id`, `student_admission_id`, `cur_list_academicyear_id`, `cur_branch_class_id`, `tr_route_assign_id`, `pickup_location`, `from_date`, `to_date`, `amount`, `schedule_time`, `createdby`, `createdat`, `updatedby`, `updatedat`) VALUES
(1,	12,	'2017',	'1',	'1',	'Panjaguta',	'2017/05/05',	'2017/05/31',	'750',	'08:00',	NULL,	'2017-05-05 11:18:49',	NULL,	'2017-05-05 11:18:49'),
(2,	16,	'2017',	'11',	'4',	'Kairathabad',	'2017-06-01',	'2017-08-31',	'1500',	'08:30',	NULL,	'2017-05-17 12:13:49',	NULL,	'2017-05-17 12:13:49');

-- 2018-03-11 16:32:37
